0	0	1	-1	28
0	0	2	27	47
0	0	3	50	51
0	0	4	52	55
0	0	5	60	61
0	0	6	64	67
0	0	7	68	75
0	1	8	80	231
0	1	9	232	237
0	1	10	238	407
0	1	11	408	601
0	1	12	602	603
0	1	13	604	809
0	0	14	808	833
0	0	15	834	869
0	0	16	870	923
0	0	17	924	925
0	0	18	924	927
0	0	19	928	947
0	2	20	946	947
0	2	21	947	948
0	2	22	948	949
0	2	23	949	950
0	2	24	949	950
0	2	25	951	952
0	2	26	951	958
0	3	27	957	963
0	3	28	962	972
0	3	29	971	973
0	3	30	972	981
0	4	31	982	984
0	4	32	983	984
0	4	33	984	988
0	4	34	990	991
0	4	35	992	993
0	4	36	994	1002
0	5	37	1001	1011
0	5	38	1011	1028
0	5	39	1029	1030
0	5	40	1030	1031
0	5	41	1033	1050
0	5	42	1050	1051
0	6	43	1050	1053
0	6	44	1053	1058
0	6	45	1059	1061
0	6	46	1062	1063
0	6	47	1064	1069
0	7	48	1073	1075
0	7	49	1075	1076
0	7	50	1076	1077
0	7	51	1077	1078
0	7	52	1081	1083
0	7	53	1083	1084
0	8	54	1085	1088
0	8	55	1087	1116
0	8	56	1119	1142
0	8	57	1143	1184
0	8	58	1185	1190
0	8	59	1191	1194
0	9	60	1195	1198
0	9	61	1197	1227
0	9	62	1231	1232
0	9	63	1234	1243
0	10	70	1260	1271
0	10	71	1273	1274
0	10	72	1276	1389
0	11	73	1389	1390
0	11	74	1389	1390
0	11	75	1389	1399
0	12	76	1402	1406
0	12	77	1408	1412
0	12	78	1413	1414
0	3	79	1414	1426
0	3	80	1425	1427
0	3	81	1426	1429
0	3	82	1429	1434
0	3	83	1434	1435
0	13	84	1434	1436
0	13	85	1436	1461
0	13	86	1461	1489
0	13	87	1491	1519
0	13	88	1520	1542
0	14	89	1541	1542
0	14	90	1542	1581
0	14	91	1580	1593
0	14	92	1594	1633
0	14	93	1634	1676
0	12	94	1677	1680
0	12	95	1681	1682
0	12	96	1683	1722
0	12	97	1724	1762
0	12	98	1763	1786
0	12	99	1787	1794
0	12	100	1793	1794
0	15	101	1794	1839
0	15	102	1838	1909
0	15	103	1908	1921
0	15	104	1922	1925
0	15	105	1926	1929
0	15	106	1928	1935
0	15	107	1938	1941
0	5	108	1943	1944
0	5	109	1946	1961
0	5	110	1962	2026
0	5	111	2027	2087
0	5	112	2088	2093
0	5	113	2094	2161
0	5	114	2162	2166
0	13	115	2165	2240
0	13	116	2240	2255
0	13	117	2254	2285
0	13	118	2284	2292
0	13	119	2292	2297
0	13	120	2298	2300
0	16	121	2302	2404
0	16	122	2403	2427
0	16	123	2428	2452
0	16	124	2451	2476
0	16	125	2476	2477
0	16	126	2476	2483
0	16	127	2482	2485
0	16	128	2484	2488
0	17	129	2488	2490
0	17	130	2489	2490
0	17	131	2493	2498
0	17	132	2500	2501
0	17	133	2502	2503
0	17	134	2507	2513
0	17	135	2515	2520
0	18	136	2521	2526
0	18	137	2525	2528
0	18	138	2527	2529
0	18	139	2530	2534
0	18	140	2536	2537
0	18	141	2537	2541
0	18	142	2546	2547
0	3	143	2546	2563
0	3	144	2564	2593
0	3	145	2592	2648
0	3	146	2647	2686
0	19	147	2687	2726
0	19	148	2726	2771
0	19	149	2770	2792
0	19	150	2792	2821
0	19	151	2821	2853
0	19	152	2855	2856
0	19	153	2855	2926
0	20	154	2926	2927
0	20	155	2926	2927
0	20	156	2926	2927
0	20	157	2926	2928
0	20	158	2927	2931
0	20	159	2930	2931
0	20	160	2932	2933
0	20	161	2934	2935
0	18	162	2934	2938
0	18	163	2939	2960
0	18	164	2959	2961
0	18	165	2960	2962
0	18	166	2961	2965
0	18	167	2968	2971
0	18	168	2972	2973
0	21	169	2975	2976
0	21	170	2977	2978
0	21	171	2979	2983
0	21	172	2984	2989
0	21	173	2990	2991
0	21	174	2991	2998
0	21	175	2999	3002
0	15	176	3004	3024
0	15	177	3026	3029
0	15	178	3029	3038
0	15	179	3037	3040
0	15	180	3041	3042
0	15	181	3041	3045
0	15	182	3044	3045
0	15	183	3045	3071
0	13	184	3074	3161
0	13	185	3160	3224
0	13	186	3224	3253
0	13	187	3253	3309
0	13	188	3309	3323
0	13	189	3325	3489
0	19	190	3488	3491
0	19	191	3490	3514
0	19	192	3514	3607
0	19	193	3607	3671
0	19	194	3671	3694
0	19	195	3693	3786
0	13	196	3785	3833
0	13	197	3833	3861
0	13	198	3861	3873
0	13	199	3874	3897
0	19	200	3896	3925
0	19	201	3925	3967
0	19	202	3966	3968
0	19	203	3968	4018
0	22	204	4017	4177
0	22	205	4177	4188
0	22	206	4187	4331
0	22	207	4331	4332
0	22	208	4333	4519
0	22	209	4519	4660
0	22	210	4659	4664
0	23	211	4663	4678
0	23	212	4679	4681
0	23	213	4683	4688
0	23	214	4689	4693
0	23	215	4694	4695
0	23	216	4697	4701
0	23	217	4703	4704
0	0	218	4703	4706
0	0	219	4707	4725
0	0	220	4726	4732
0	0	221	4733	4756
0	22	222	4757	4796
0	22	223	4799	4899
0	22	224	4898	5026
0	22	225	5025	5081
0	22	226	5082	5083
0	22	227	5085	5092
0	22	228	5094	5135
0	24	229	5134	5140
0	24	230	5143	5145
0	24	231	5146	5153
0	24	232	5154	5156
0	24	233	5157	5162
0	4	234	5165	5167
0	4	235	5168	5170
0	4	236	5169	5173
0	4	237	5174	5175
0	4	238	5176	5208
0	4	239	5209	5213
0	4	240	5212	5213
0	4	241	5214	5215
0	25	242	5216	5229
0	25	243	5230	5313
0	22	244	5316	5625
0	22	245	5626	5682
0	22	246	5683	5931
0	22	247	5932	5936
0	22	248	5935	5939
0	22	249	5940	5941
0	22	250	5940	6090
0	26	251	6089	6091
0	26	252	6091	6108
0	26	253	6107	6109
0	26	254	6108	6152
0	26	255	6152	6153
0	26	256	6153	6228
0	26	257	6227	6239
0	27	266	6322	6323
0	27	267	6323	6326
0	27	268	6325	6328
0	27	269	6329	6330
0	27	270	6331	6335
0	27	271	6334	6335
0	27	272	6336	6507
0	27	273	6508	6635
0	3	274	6634	6671
0	3	275	6673	6679
0	3	276	6682	6688
0	3	277	6687	6729
0	3	278	6730	6775
0	3	279	6774	6775
0	28	280	6776	6777
0	28	281	6777	6789
0	28	282	6788	6790
0	28	283	6789	6796
0	28	284	6795	6808
0	28	285	6809	6810
0	28	286	6811	6812
0	29	287	6816	6817
0	29	288	6818	6824
0	29	289	6825	6836
0	29	290	6838	6839
0	29	291	6841	6842
0	29	292	6843	6847
0	29	293	6848	6858
0	30	294	6859	6862
0	30	295	6862	6874
0	30	296	6874	6875
0	30	297	6876	6883
0	30	298	6883	6884
1	31	4	6900	6921
1	31	5	6922	6923
1	31	6	6922	6950
1	31	7	6951	6953
1	31	8	6952	6954
1	31	9	6953	6956
1	27	10	6955	6957
1	27	11	6956	6958
1	27	12	6959	6961
1	27	13	6962	6964
1	27	14	6963	6964
1	30	15	6963	6964
1	30	16	6964	6965
1	30	17	6964	6967
1	30	18	6966	6968
1	30	19	6969	6970
1	30	20	6970	6971
1	29	31	7437	7442
1	29	32	7441	7444
1	29	33	7445	7447
1	29	34	7448	7450
1	29	35	7450	7453
1	29	36	7454	7456
1	3	37	7456	7457
1	3	38	7456	7457
1	3	39	7456	7461
1	3	40	7462	7464
1	3	41	7463	7465
1	3	42	7467	7470
1	32	43	7469	7471
1	32	44	7472	7474
1	32	45	7473	7475
1	32	46	7475	7477
1	32	47	7479	7482
1	32	48	7482	7483
1	32	49	7482	7486
1	29	53	7713	7714
1	10	59	7730	7770
1	10	60	7771	7882
1	33	73	7927	7933
1	33	74	7934	7936
1	33	75	7937	7942
1	33	76	7941	7943
1	33	77	7943	8002
1	33	78	8004	8051
1	17	79	8050	8109
2	2	1	8110	8112
2	2	2	8111	8114
2	2	3	8113	8128
2	2	4	8127	8130
2	2	5	8129	8131
2	2	6	8130	8135
2	2	7	8134	8137
2	2	8	8136	8139
2	2	9	8140	8141
2	2	10	8142	8143
2	2	11	8142	8145
2	2	12	8144	8147
2	34	13	8146	8148
2	34	14	8149	8150
2	34	15	8149	8152
2	34	16	8153	8158
2	34	17	8163	8164
2	34	18	8163	8168
2	34	19	8169	8170
2	34	20	8171	8175
2	34	21	8174	8177
2	34	22	8176	8181
2	34	23	8180	8181
2	34	24	8182	8183
2	34	25	8182	8185
2	34	26	8184	8188
2	34	27	8187	8247
2	34	28	8246	8249
2	34	29	8252	8253
2	34	30	8252	8254
2	35	31	8253	8261
2	35	32	8265	8269
2	35	33	8270	8272
2	35	34	8273	8274
2	35	35	8276	8277
2	36	36	8276	8283
2	36	37	8285	8298
2	36	38	8300	8333
2	36	39	8334	8335
2	36	40	8337	8352
2	36	41	8354	8374
2	8	42	8375	8376
2	8	43	8376	8433
2	8	44	8436	8459
2	8	45	8462	8473
2	5	46	8472	8476
2	5	47	8477	8653
2	5	48	8652	8814
2	5	49	8816	9063
2	5	50	9065	9070
2	10	51	9069	9280
2	10	52	9281	9283
2	10	53	9282	9389
2	10	54	9389	9508
2	5	55	9507	9529
2	5	56	9531	9666
2	5	57	9668	9711
2	5	58	9710	9861
2	5	59	9860	9864
2	2	60	9863	9869
2	2	61	9868	9870
2	2	62	9879	9881
2	14	63	9880	9881
2	30	64	9882	9883
2	30	65	9883	9885
2	30	66	9886	9887
2	30	67	9887	9889
2	30	68	9892	9901
2	2	69	9903	9905
2	2	70	9905	9907
2	2	71	9908	9910
2	2	72	9912	9915
2	2	73	9916	9921
2	2	74	9921	9923
2	2	75	9923	9924
2	2	76	9923	9926
2	2	77	9927	9929
2	2	78	9931	9933
2	2	79	9934	9939
2	2	80	9938	9941
2	2	81	9940	9942
2	19	82	9941	10046
2	19	83	10045	10047
2	19	84	10049	10218
2	19	85	10218	10341
2	19	86	10340	10433
2	37	87	10436	10447
2	37	88	10449	10480
2	37	89	10482	10484
2	37	90	10485	10530
2	37	91	10531	10537
2	37	92	10539	10585
2	31	93	10584	10588
2	31	94	10590	10591
2	5	95	10593	10670
2	5	96	10671	10675
2	5	97	10674	10677
2	5	98	10678	10680
2	28	99	10680	10682
2	28	100	10682	10685
2	28	101	10684	10692
2	27	102	10691	10701
2	27	103	10700	10753
2	27	104	10753	10845
2	27	105	10845	10861
2	27	106	10862	10945
2	19	107	10947	11058
2	19	108	11058	11129
2	19	109	11128	11274
2	19	110	11273	11275
2	19	111	11275	11371
2	8	112	11370	11396
2	8	113	11395	11407
2	8	114	11409	11446
2	8	115	11447	11485
2	8	116	11487	11492
2	8	117	11491	11503
2	8	118	11504	11505
2	8	119	11508	11510
2	8	120	11512	11521
2	8	121	11523	11530
2	8	122	11530	11535
2	8	123	11535	11552
2	38	124	11551	11629
2	38	125	11628	11684
2	38	126	11684	11771
2	38	127	11772	11860
2	38	128	11860	11862
2	39	129	11862	11887
2	39	130	11886	11913
2	39	131	11912	11977
2	39	132	11978	12005
2	39	133	12005	12025
2	40	134	12028	12035
2	40	135	12034	12036
2	40	136	12037	12039
2	40	137	12039	12040
2	40	138	12039	12041
2	40	139	12040	12043
2	40	140	12042	12044
2	40	141	12043	12045
2	40	142	12045	12046
2	41	143	12045	12047
2	41	144	12046	12050
2	41	145	12051	12056
2	41	146	12057	12059
2	41	147	12060	12062
2	41	148	12064	12065
2	41	149	12067	12069
2	41	150	12071	12072
2	41	151	12073	12075
2	17	152	12076	12078
2	17	153	12077	12078
2	39	154	12092	12100
2	39	155	12101	12102
2	39	156	12105	12111
2	39	157	12113	12114
2	39	158	12113	12114
2	39	159	12115	12122
2	39	160	12123	12126
2	5	165	12369	12370
2	5	166	12370	12373
2	5	167	12372	12377
2	5	168	12376	12380
2	5	169	12379	12381
2	5	170	12381	12382
2	5	171	12381	12383
2	5	172	12382	12384
2	42	181	12407	12425
2	42	182	12427	12432
2	42	183	12433	12464
2	42	184	12465	12492
2	42	185	12494	12506
2	22	186	12506	12509
2	22	187	12511	12512
2	22	188	12513	12515
2	22	189	12517	12525
2	22	190	12526	12528
2	43	204	12737	12746
2	43	205	12747	12750
2	43	206	12752	12754
2	43	207	12756	12757
3	38	1	12756	12797
3	38	2	12798	12896
3	38	3	12895	12956
3	38	4	12955	12988
3	38	5	12987	12991
3	38	6	12992	12993
3	38	7	12996	13022
3	26	8	13021	13108
3	26	9	13107	13151
3	26	10	13152	13194
3	26	11	13195	13268
3	26	12	13267	13356
3	36	13	13355	13357
3	36	14	13358	13383
3	36	15	13382	13423
3	36	16	13423	13512
3	36	17	13512	13555
3	36	18	13554	13576
3	37	19	13575	13580
3	37	20	13581	13582
3	37	21	13583	13584
3	37	22	13583	13586
3	37	23	13587	13605
3	37	24	13604	13617
3	37	25	13618	13621
3	37	26	13622	13698
3	36	27	13697	13699
3	36	28	13701	13736
3	36	29	13738	13813
3	36	30	13814	13885
3	36	31	13886	13887
3	36	32	13887	13927
3	10	33	13927	13928
3	10	34	13930	13968
3	10	35	13967	13969
3	10	36	13972	14017
3	10	37	14016	14019
3	39	38	14018	14166
3	39	39	14165	14336
3	39	40	14337	14338
3	39	41	14340	14485
3	39	42	14486	14487
3	44	43	14486	14618
3	44	44	14619	14620
3	36	45	14621	14629
3	36	46	14630	14651
3	36	47	14653	14755
3	36	48	14754	14832
3	45	49	14831	14835
3	45	50	14837	14838
3	38	51	14837	14896
3	38	52	14897	14970
3	38	53	14969	14972
3	38	54	14974	15123
3	29	55	15123	15148
3	29	56	15147	15148
3	29	57	15151	15183
3	38	58	15183	15461
3	38	59	15462	15616
3	38	60	15617	15618
3	38	61	15619	15631
3	30	62	15632	15636
3	30	63	15637	15638
3	30	64	15637	15639
3	30	65	15640	15643
3	30	66	15645	15646
3	45	67	15646	15647
3	45	68	15646	15650
3	45	69	15650	15711
3	45	70	15712	15773
3	45	71	15774	15861
3	45	72	15862	15864
3	45	73	15865	15925
3	11	74	15925	15926
3	11	75	15925	15926
3	11	76	15931	15932
3	11	77	15933	15935
3	11	78	15938	15942
3	11	79	15943	15944
3	11	80	15945	15946
3	11	81	15949	15950
3	11	82	15951	15954
3	26	83	15953	16062
3	26	84	16062	16101
3	26	85	16100	16173
3	26	86	16172	16290
3	26	87	16290	16391
3	26	88	16392	16393
3	29	89	16392	16394
3	29	90	16395	16416
3	29	91	16417	16435
3	29	92	16434	16510
3	29	93	16511	16513
3	37	94	16518	16527
3	37	95	16529	16550
3	37	96	16552	16559
3	37	97	16560	16595
3	37	98	16596	16631
3	30	99	16630	16637
3	30	100	16636	16638
3	30	101	16637	16642
3	30	102	16643	16646
3	44	103	16645	16787
3	44	104	16788	16943
3	44	105	16944	17144
3	44	106	17145	17148
3	37	107	17148	17242
3	37	108	17244	17315
3	37	109	17317	17318
3	37	110	17319	17414
3	37	111	17414	17555
3	44	112	17555	17827
3	44	113	17828	18005
3	44	114	18006	18088
3	2	115	18087	18089
3	2	116	18090	18098
3	2	117	18099	18105
3	2	118	18106	18114
3	2	119	18115	18117
3	2	120	18118	18120
3	2	121	18122	18126
3	2	122	18127	18129
3	2	123	18129	18131
3	2	124	18133	18134
3	41	125	18133	18189
3	41	126	18190	18191
3	20	127	18193	18194
3	20	128	18193	18200
3	20	129	18199	18200
3	20	130	18199	18200
3	20	131	18199	18201
3	20	132	18200	18201
3	20	133	18200	18206
3	44	134	18206	18217
3	44	135	18216	18219
3	44	136	18219	18259
3	44	137	18258	18272
3	44	138	18273	18363
3	44	139	18364	18392
3	19	140	18392	18491
3	19	141	18490	18587
3	19	142	18587	18633
3	19	143	18635	18668
3	19	144	18669	18672
3	19	145	18672	18691
3	19	146	18692	18695
3	29	147	18696	18698
3	29	148	18701	18705
3	29	149	18706	18724
3	29	150	18726	18773
3	29	151	18774	18776
3	29	152	18777	18784
3	29	153	18785	18869
3	35	154	18870	18953
3	35	155	18954	19113
3	35	156	19115	19168
3	35	157	19171	19301
3	41	158	19300	19302
3	41	159	19302	19307
3	41	160	19307	19308
3	41	161	19310	19311
3	41	162	19313	19314
3	41	163	19315	19317
3	41	164	19319	19320
3	41	165	19321	19322
3	41	166	19323	19324
3	41	167	19325	19342
3	38	168	19341	19342
3	38	169	19342	19364
3	38	170	19364	19564
3	38	171	19563	19629
3	38	172	19631	19675
3	38	173	19676	19681
3	35	174	19682	19726
3	35	175	19727	19815
3	35	176	19816	19879
3	35	177	19882	19884
3	35	178	19886	19959
3	45	179	19958	19962
3	45	180	19961	19989
3	45	181	19990	20001
3	45	182	20002	20003
3	45	183	20005	20013
3	21	184	20014	20016
3	21	185	20016	20017
3	21	186	20021	20029
3	21	187	20031	20033
3	21	188	20032	20035
3	35	189	20034	20313
3	35	190	20315	20340
3	35	191	20341	20381
3	35	192	20383	20415
3	16	193	20415	20484
3	16	194	20483	20501
3	16	195	20500	20537
3	16	196	20536	20552
3	35	197	20551	20620
3	35	198	20622	20703
3	35	199	20705	20748
3	35	200	20749	20807
3	35	201	20809	20866
3	35	202	20868	20941
3	19	203	20940	20947
3	19	204	20949	20951
3	19	205	20953	20974
3	19	206	20976	20986
3	19	207	20988	21059
3	19	208	21059	21072
3	30	209	21071	21075
3	30	210	21077	21078
3	30	211	21080	21081
3	30	212	21080	21082
3	30	213	21083	21085
3	30	214	21084	21093
3	36	215	21094	21097
3	36	216	21098	21099
3	36	217	21100	21148
3	36	218	21147	21236
3	36	219	21237	21246
3	40	220	21245	21247
3	40	221	21247	21248
3	40	222	21247	21250
3	40	223	21249	21251
3	17	224	21252	21253
3	17	225	21257	21258
3	17	226	21259	21261
3	17	227	21262	21266
3	17	228	21268	21269
3	17	229	21270	21275
3	32	230	21274	21278
3	32	231	21277	21282
3	32	232	21281	21284
3	32	233	21287	21288
3	32	234	21287	21289
3	32	235	21290	21380
3	32	236	21379	21381
3	32	237	21380	21459
3	23	238	21459	21486
3	23	239	21488	21489
3	23	240	21490	21495
3	37	245	21529	21665
3	37	246	21667	22000
3	37	247	22001	22117
3	37	248	22118	22249
3	37	249	22250	22251
3	37	250	22250	22255
3	35	251	22256	22664
3	35	252	22665	22727
3	35	253	22728	22854
3	19	254	22854	22880
3	19	255	22880	22881
3	19	256	22880	22932
3	19	257	22932	22991
3	17	258	22990	22992
3	17	259	22993	22995
3	17	260	22996	22998
3	17	261	22999	23001
3	17	262	23003	23004
3	17	263	23003	23011
3	17	264	23013	23016
3	41	265	23015	23025
3	41	266	23024	23041
3	41	267	23042	23058
3	41	268	23057	23145
3	41	269	23145	23146
3	41	270	23148	23153
4	0	1	23152	23186
4	0	2	23189	23208
4	0	3	23209	23238
4	0	4	23237	23240
4	0	5	23241	23288
4	7	6	23289	23291
4	7	7	23292	23294
4	7	8	23294	23295
4	7	9	23295	23296
4	7	10	23296	23297
4	7	11	23297	23298
4	7	12	23297	23299
4	7	13	23298	23299
4	46	14	23300	23372
4	46	15	23371	23400
4	46	16	23401	23426
4	46	17	23425	23519
4	46	18	23519	23520
4	46	19	23519	23520
4	10	20	23522	23523
4	10	21	23522	23665
4	10	22	23665	23666
4	15	48	24913	24920
4	15	49	24921	24962
4	15	50	24963	24968
4	15	51	24969	24970
4	15	52	24969	24977
4	3	53	24977	24990
4	3	54	24991	24993
4	3	55	24992	25004
4	3	56	25006	25021
4	3	57	25020	25036
4	3	58	25037	25040
4	10	59	25039	25042
4	10	60	25041	25076
4	10	61	25077	25175
4	10	62	25174	25176
4	10	63	25175	25242
4	10	64	25241	25242
4	20	65	25242	25247
4	20	66	25246	25248
4	20	67	25247	25249
4	20	68	25249	25253
4	21	69	25253	25254
4	21	70	25253	25257
4	21	71	25261	25265
4	21	72	25266	25268
4	21	73	25270	25271
4	27	74	25272	25274
4	27	75	25275	25330
4	27	76	25330	25338
4	27	77	25340	25404
4	27	78	25405	25548
4	27	79	25547	25595
4	27	80	25597	25768
4	27	81	25768	25845
4	13	82	25844	25855
4	13	83	25857	25931
4	13	84	25930	25950
4	13	85	25950	26016
4	13	86	26018	26087
4	46	87	26089	26093
4	46	88	26093	26109
4	46	89	26109	26119
4	27	90	26118	26121
4	27	91	26120	26216
4	27	92	26217	26314
4	27	93	26313	26423
4	44	94	26423	26442
4	44	95	26443	26464
4	44	96	26464	26465
4	44	97	26466	26500
4	44	98	26501	26506
4	44	99	26507	26508
4	47	100	26507	26509
4	47	101	26508	26510
4	47	102	26511	26512
4	47	103	26511	26514
4	47	104	26517	26520
4	27	105	26519	26607
4	27	106	26606	26672
4	27	107	26672	26675
4	27	108	26676	26781
4	27	109	26782	26784
4	33	116	26798	26802
4	3	119	26805	26811
4	3	120	26812	26816
4	3	121	26817	26945
4	3	122	26945	26950
4	3	123	26951	26961
4	3	124	26962	27002
4	3	125	27003	27015
5	47	1	27014	27017
5	47	2	27018	27019
5	47	3	27018	27023
5	47	4	27024	27027
5	47	5	27026	27029
5	47	6	27030	27031
5	47	7	27030	27033
5	47	8	27034	27035
5	47	9	27034	27035
5	47	10	27037	27040
5	3	11	27039	27042
5	3	12	27041	27057
5	3	13	27056	27058
5	3	14	27057	27071
5	3	15	27070	27149
5	3	16	27150	27151
5	3	17	27151	27265
5	3	18	27266	27395
5	3	19	27394	27429
5	3	20	27428	27469
5	3	21	27468	27542
5	6	22	27541	27544
5	6	23	27545	27546
5	6	24	27545	27546
5	6	25	27547	27548
5	6	26	27547	27550
5	6	27	27551	27555
5	31	28	27556	27560
5	31	29	27561	27581
5	31	30	27582	27636
5	6	31	27635	27636
5	6	32	27637	27641
5	6	33	27640	27642
5	6	34	27642	27643
5	6	35	27644	27645
5	6	36	27646	27650
5	45	37	27649	27654
5	45	38	27657	27688
5	29	39	27695	27696
5	29	40	27697	27698
5	29	41	27699	27739
5	29	42	27738	27739
5	29	43	27742	27824
5	29	44	27824	27853
5	29	45	27856	27999
5	29	46	27998	28036
5	29	47	28039	28159
5	48	48	28163	28164
5	48	49	28165	28167
5	48	50	28168	28170
5	48	51	28172	28173
5	48	52	28175	28176
5	48	53	28178	28179
5	23	54	28182	28188
5	23	55	28189	28190
5	23	56	28191	28203
5	23	57	28202	28215
5	23	58	28217	28218
5	23	59	28219	28223
5	23	60	28222	28223
5	23	61	28224	28232
5	23	62	28233	28236
5	2	63	28237	28240
5	2	64	28242	28243
5	2	65	28244	28246
5	45	66	28245	28246
5	45	67	28246	28273
5	45	68	28273	28282
5	45	69	28283	28284
5	45	70	28285	28286
5	46	71	28285	28289
5	46	72	28291	28306
5	12	73	28307	28310
5	12	74	28309	28310
5	12	75	28309	28317
5	12	76	28316	28322
5	12	77	28323	28324
5	12	78	28325	28328
5	4	79	28329	28410
5	4	80	28409	28588
5	4	81	28589	28607
5	49	82	28610	28611
5	49	83	28611	28612
5	49	84	28613	28615
5	49	85	28616	28618
5	49	86	28619	28621
5	49	87	28623	28628
5	49	88	28629	28634
5	38	89	28635	28636
5	38	90	28636	28660
5	38	91	28659	28812
5	38	92	28813	28816
5	38	93	28816	29038
5	3	94	29037	29059
5	3	95	29059	29202
5	3	96	29201	29260
5	3	97	29261	29262
5	10	98	29261	29264
5	10	99	29263	29352
5	10	100	29352	29477
5	10	101	29476	29478
5	10	102	29480	29760
5	14	103	29759	29760
5	14	104	29760	29889
5	14	105	29888	29889
5	14	106	29892	29951
5	14	107	29952	30025
5	14	108	30026	30125
5	49	109	30127	30128
5	49	110	30127	30128
5	49	111	30127	30131
5	49	112	30132	30134
5	49	113	30136	30137
5	49	114	30139	30143
5	49	115	30145	30151
5	49	116	30152	30154
5	49	117	30155	30156
5	49	118	30156	30157
5	49	119	30158	30160
5	49	120	30162	30166
5	49	121	30168	30171
5	49	122	30172	30174
5	49	123	30176	30177
5	49	124	30178	30180
5	5	125	30181	30188
5	5	126	30189	30277
5	5	127	30278	30380
5	5	128	30381	30411
5	5	129	30413	30462
5	5	130	30464	30489
5	39	131	30488	30709
5	39	132	30710	30787
5	39	133	30789	30790
5	39	134	30789	30939
5	39	135	30939	30980
5	48	141	31043	31046
5	48	142	31051	31052
5	48	143	31053	31058
5	48	144	31061	31071
5	48	145	31073	31074
5	48	146	31075	31078
5	48	147	31077	31086
5	48	148	31087	31092
5	48	149	31094	31098
5	48	150	31098	31105
5	48	151	31105	31179
5	4	152	31179	31233
5	4	153	31234	31348
5	4	154	31347	31375
5	4	155	31375	31481
5	4	156	31482	31488
5	4	157	31488	31508
5	41	185	32249	32251
5	41	186	32253	32310
5	41	187	32311	32316
5	41	188	32317	32409
5	41	189	32411	32461
5	41	190	32462	32508
5	24	191	32508	32512
5	24	192	32513	32515
5	24	193	32514	32516
5	24	194	32515	32517
5	24	195	32516	32521
5	24	196	32522	32523
5	24	197	32524	32525
5	24	198	32524	32525
5	24	199	32524	32540
5	24	200	32542	32543
5	24	201	32550	32559
5	22	202	32566	32568
5	22	203	32568	32743
5	22	204	32743	32862
5	22	205	32864	33025
5	22	206	33025	33083
5	35	214	33412	33413
5	35	215	33415	33417
5	35	216	33418	33419
5	19	217	33420	33464
5	19	218	33463	33567
5	19	219	33569	33574
5	19	220	33575	33576
5	19	221	33577	33620
5	40	235	33951	33952
5	40	236	33951	33952
5	40	237	33952	33988
5	40	238	33991	33999
6	45	1	34168	34217
6	45	2	34216	34253
6	45	3	34255	34257
6	45	4	34258	34261
6	45	5	34262	34280
6	50	6	34279	34302
6	50	7	34303	34324
6	50	8	34324	34379
6	50	9	34378	34380
6	50	10	34381	34540
6	45	11	34541	34628
6	45	12	34627	34740
6	45	13	34739	34741
6	45	14	34742	34823
6	45	15	34822	34825
6	45	16	34824	34827
6	45	17	34830	34831
6	51	18	34830	34833
6	51	19	34834	34835
6	51	20	34836	34837
6	51	21	34838	34853
6	51	22	34854	34855
6	51	23	34856	34857
6	29	24	34856	34859
6	29	25	34859	34889
6	29	26	34890	35045
6	29	27	35046	35095
6	31	28	35094	35166
6	31	29	35167	35171
6	31	30	35172	35174
6	31	31	35175	35185
6	31	32	35186	35193
6	35	33	35192	35195
6	35	34	35196	35197
6	35	35	35199	35200
6	35	36	35202	35203
6	35	37	35205	35290
6	35	38	35289	35413
6	35	39	35414	35416
6	35	40	35419	35422
6	35	41	35424	35506
6	3	42	35506	35544
6	3	43	35543	35604
6	3	44	35603	35632
6	3	45	35632	35633
6	3	46	35635	35642
6	29	47	35641	35869
6	29	48	35870	35893
6	29	49	35897	35928
6	29	50	35927	35936
6	29	51	35936	36036
6	29	52	36036	36037
6	29	53	36038	36044
6	31	54	36043	36047
6	31	55	36046	36050
6	31	56	36052	36053
6	31	57	36054	36056
6	31	58	36058	36062
6	49	59	36062	36066
6	49	60	36067	36069
6	49	61	36071	36072
6	49	62	36073	36076
6	31	63	36077	36083
6	31	64	36084	36086
6	31	65	36087	36120
6	31	66	36122	36125
6	35	67	36124	36127
6	35	68	36128	36219
6	51	69	36219	36222
6	51	70	36223	36224
6	51	71	36225	36226
6	51	72	36227	36228
6	51	73	36230	36231
6	51	74	36232	36234
6	51	75	36233	36235
6	51	76	36234	36235
6	51	77	36234	36236
6	51	78	36235	36236
6	51	79	36237	36242
6	51	80	36243	36248
6	8	81	36247	36304
6	8	82	36307	36372
6	8	83	36373	36426
6	8	84	36427	36459
6	8	85	36460	36463
6	8	86	36462	36463
6	11	87	36462	36465
6	11	88	36466	36467
6	11	89	36469	36470
6	11	90	36470	36472
6	23	91	36473	36515
6	23	92	36516	36583
6	23	93	36584	36601
6	29	94	36600	36601
6	29	95	36601	36604
6	29	96	36605	36619
6	29	97	36621	36625
6	29	98	36627	36630
6	29	99	36631	36644
6	29	100	36645	36648
6	38	101	36647	36871
6	38	102	36870	36872
6	38	103	36873	36979
6	38	104	36978	37144
6	38	105	37143	37241
6	38	106	37240	37545
6	38	107	37546	37751
6	38	108	37753	37754
6	38	109	37753	37754
6	38	110	37755	37756
6	38	111	37757	37758
6	30	112	37757	37763
6	30	113	37764	37767
6	30	114	37768	37771
6	30	115	37772	37775
6	3	116	37777	37778
6	3	117	37777	37839
6	3	118	37838	37896
6	3	119	37895	37899
6	3	120	37900	37901
6	3	121	37903	37907
6	3	122	37906	37956
6	11	123	37958	37959
6	11	124	37959	37962
6	11	125	37963	37964
6	11	126	37964	37968
6	11	127	37970	37971
6	11	128	37973	37974
6	11	129	37976	37980
6	11	130	37981	37982
6	11	131	37987	37988
6	52	132	37988	37993
6	52	133	37995	38097
6	52	134	38099	38105
6	52	135	38107	38113
6	52	136	38115	38124
6	52	137	38123	38124
6	24	138	38125	38128
6	24	139	38130	38151
6	24	140	38152	38158
6	24	141	38161	38211
6	24	142	38212	38216
6	24	143	38218	38219
6	18	144	38220	38221
6	18	145	38221	38263
6	18	146	38262	38264
6	18	147	38263	38285
6	18	148	38284	38299
6	18	149	38300	38319
6	18	150	38320	38321
6	23	151	38321	38358
6	23	152	38359	38363
6	23	153	38365	38370
6	23	154	38371	38372
6	23	155	38374	38380
6	23	156	38382	38385
6	23	157	38386	38402
6	23	158	38403	38405
6	23	159	38406	38407
6	23	160	38408	38410
6	11	161	38410	38413
6	11	162	38414	38416
6	11	163	38417	38422
6	11	164	38421	38426
6	11	165	38427	38429
6	12	166	38428	38430
6	12	167	38430	38439
6	12	168	38441	38442
6	12	169	38442	38443
6	12	170	38446	38453
6	12	171	38452	38459
6	12	172	38463	38464
6	12	173	38465	38468
6	40	174	38467	38480
6	40	175	38480	38493
6	40	176	38493	38512
6	40	177	38512	38525
6	40	178	38525	38531
6	40	179	38530	38538
6	32	180	38537	38560
6	32	181	38561	38585
6	32	182	38584	38604
6	32	183	38603	38611
6	32	184	38610	38642
6	32	185	38641	38657
6	32	186	38658	38687
6	32	187	38686	38687
6	53	188	38687	38700
6	53	189	38701	38708
6	53	190	38710	38729
6	53	191	38730	38734
6	53	192	38735	38738
6	53	193	38739	38762
6	42	194	38763	38854
6	42	195	38853	38892
6	42	196	38892	38893
6	42	197	38895	38990
6	42	198	38990	39068
6	42	199	39071	39072
6	42	200	39073	39074
6	12	206	39196	39199
6	12	207	39201	39212
6	12	208	39216	39217
6	12	209	39219	39222
6	12	210	39223	39230
6	12	211	39231	39243
6	12	212	39244	39246
6	12	213	39248	39249
6	12	214	39250	39251
6	52	215	39250	39255
6	52	216	39256	39260
6	52	217	39262	39263
6	52	218	39264	39269
6	52	219	39272	39273
6	12	220	39273	39279
6	12	221	39281	39284
6	12	222	39285	39289
6	12	223	39291	39292
6	12	224	39294	39295
6	12	225	39294	39295
6	12	226	39296	39297
6	12	227	39298	39299
6	37	228	39298	39361
6	37	229	39361	39362
6	37	230	39365	39489
6	37	231	39491	39492
6	37	232	39493	39655
6	37	233	39656	39658
6	37	234	39659	39662
6	37	235	39661	39663
6	37	236	39664	39768
6	16	237	39768	39807
6	16	238	39806	39815
6	16	239	39815	39817
6	30	240	39816	39819
6	30	241	39818	39894
6	30	242	39893	39896
6	30	243	39898	39901
6	30	244	39904	39918
6	30	245	39920	39921
6	54	246	39925	39934
6	54	247	39934	39936
6	54	248	39936	39937
6	54	249	39936	39937
6	29	250	39942	39948
6	29	251	39951	39953
6	29	252	39955	39969
6	29	253	39968	39970
6	29	254	39972	39980
6	29	255	39981	39982
6	3	256	39982	40048
6	3	257	40048	40067
6	3	258	40066	40159
6	3	259	40161	40162
6	3	260	40163	40246
6	55	261	40246	40247
6	55	262	40247	40251
6	55	263	40251	40252
6	55	264	40253	40255
6	55	265	40257	40258
6	55	266	40259	40260
6	19	272	40367	40369
6	19	273	40370	40394
6	19	274	40396	40448
6	23	279	40473	40544
6	23	280	40543	40546
6	23	281	40550	40621
6	23	282	40620	40621
6	19	283	40621	40623
6	19	284	40622	40629
6	19	285	40631	40650
6	19	286	40649	40652
6	19	287	40652	40670
6	19	288	40670	40671
6	19	289	40670	40673
7	23	1	40672	40675
7	23	2	40676	40681
7	23	3	40682	40693
7	23	4	40696	40697
7	23	5	40698	40699
7	23	6	40700	40706
7	23	7	40707	40710
7	36	8	40711	40713
7	36	9	40714	40730
7	36	10	40729	40731
7	36	11	40732	40818
7	51	12	40817	40820
7	51	13	40821	40822
7	51	14	40821	40826
7	51	15	40827	40828
7	51	16	40829	40830
7	13	17	40831	40832
7	13	18	40832	40957
7	13	19	40956	40957
7	13	20	40957	41022
7	13	21	41023	41067
7	13	22	41068	41086
7	13	23	41087	41292
7	52	24	41293	41300
7	52	25	41301	41304
7	52	26	41305	41306
7	52	27	41307	41308
7	52	28	41309	41380
7	23	29	41381	41389
7	23	30	41395	41501
7	23	31	41502	41504
7	23	32	41506	41508
7	23	33	41509	41517
7	23	34	41518	41523
7	26	35	41522	41612
7	26	36	41611	41620
7	26	37	41621	41696
7	26	38	41696	41720
7	26	39	41722	41744
7	50	40	41744	41769
7	50	41	41771	41933
7	50	42	41932	42003
7	49	43	42003	42005
7	49	44	42006	42009
7	49	45	42010	42031
7	49	46	42032	42038
7	49	47	42039	42041
7	49	48	42055	42056
7	24	55	42077	42504
7	24	56	42506	42507
7	24	57	42508	42700
7	24	58	42699	42783
7	8	59	42782	42784
7	8	60	42783	42812
7	8	61	42812	42983
7	20	75	43022	43023
7	20	76	43023	43024
7	20	77	43024	43025
7	20	78	43026	43029
7	20	79	43030	43035
7	8	80	43036	43038
7	8	81	43038	43048
7	8	82	43050	43085
7	8	83	43091	43092
7	8	84	43096	43131
7	40	85	43132	43133
7	40	86	43134	43151
7	40	87	43153	43191
7	40	88	43192	43228
7	40	89	43229	43230
7	40	90	43231	43232
7	8	99	43280	43281
7	8	100	43283	43293
7	8	101	43292	43296
7	8	102	43297	43298
7	8	103	43301	43302
7	19	132	44042	44131
7	19	133	44134	44262
7	19	134	44264	44464
7	28	135	44463	44466
7	28	136	44466	44467
7	28	137	44466	44468
7	28	138	44468	44472
7	56	153	44518	44520
7	56	154	44521	44526
7	56	155	44527	44529
7	56	156	44530	44532
7	56	157	44531	44533
7	56	158	44535	44544
7	52	159	44543	44548
7	52	160	44547	44554
7	52	161	44554	44555
7	52	162	44554	44561
7	0	164	44614	44618
7	0	165	44619	44630
7	0	166	44631	44645
7	0	167	44644	44652
7	0	168	44653	44674
7	8	169	44673	44676
7	8	170	44677	44734
7	8	171	44736	44737
7	8	172	44738	44808
7	8	173	44811	44812
8	28	1	44816	44817
8	28	2	44819	44828
8	28	3	44827	44830
8	28	4	44829	44830
8	28	5	44829	44833
8	28	6	44834	44837
8	28	7	44836	44839
8	28	8	44838	44841
8	28	9	44840	44844
8	31	10	44843	44846
8	31	11	44845	44848
8	31	12	44849	44851
8	31	13	44852	44853
8	31	14	44854	44855
8	31	15	44854	44861
8	27	16	44860	44974
8	27	17	44977	44978
8	27	18	44979	45015
8	27	19	45016	45019
8	27	20	45020	45061
8	46	21	45060	45092
8	46	22	45091	45120
8	46	23	45119	45160
8	46	24	45159	45162
8	46	25	45163	45172
8	47	26	45171	45173
8	47	27	45173	45176
8	47	28	45177	45178
8	47	29	45177	45180
8	27	30	45180	45230
8	27	31	45229	45290
8	27	32	45292	45344
8	27	33	45346	45355
8	3	34	45356	45364
8	3	35	45366	45375
8	3	36	45374	45378
8	3	37	45377	45393
8	4	38	45394	45414
8	4	39	45417	45419
8	4	40	45420	45421
8	4	41	45422	45434
8	13	42	45434	45436
8	13	43	45437	45495
8	13	44	45496	45573
8	13	45	45574	45575
8	13	46	45577	45595
8	13	47	45596	45603
8	39	48	45602	45819
8	39	49	45819	46033
8	39	50	46034	46035
8	39	51	46036	46037
8	39	52	46038	46178
8	39	53	46179	46180
8	49	54	46180	46181
8	49	55	46190	46192
8	49	56	46193	46195
8	49	57	46196	46200
8	49	58	46201	46202
8	3	59	46203	46205
8	3	60	46207	46211
8	3	61	46211	46212
8	3	62	46211	46221
8	12	63	46223	46226
8	12	64	46225	46227
8	12	65	46228	46229
8	12	66	46228	46236
8	12	67	46238	46239
8	12	68	46238	46239
8	12	69	46239	46242
8	29	70	46241	46243
8	29	71	46243	46249
8	29	72	46248	46249
8	29	73	46249	46250
8	29	74	46251	46254
8	29	75	46255	46259
8	29	76	46258	46259
8	29	77	46262	46266
8	6	78	46267	46271
8	6	79	46270	46271
8	6	80	46272	46273
8	6	81	46274	46277
8	6	82	46279	46282
8	12	83	46283	46286
8	12	84	46287	46288
8	12	85	46289	46293
8	12	86	46294	46298
8	12	87	46301	46302
8	12	88	46303	46317
8	12	89	46318	46319
8	12	90	46320	46323
8	31	91	46322	46330
8	31	92	46331	46336
8	31	93	46338	46339
8	31	94	46341	46345
8	31	95	46346	46351
8	19	96	46353	46354
8	19	97	46353	46366
8	19	98	46367	46503
8	19	99	46502	46512
8	19	100	46511	46514
8	19	101	46513	46791
8	2	102	46790	46791
8	2	103	46796	46798
8	2	104	46799	46800
8	2	105	46802	46807
8	2	106	46808	46810
8	2	107	46812	46813
8	57	108	46812	46943
8	57	109	46942	47061
8	57	110	47062	47283
8	57	111	47282	47287
8	31	112	47286	47289
8	31	113	47290	47298
8	31	114	47299	47304
8	31	115	47305	47307
8	31	116	47309	47314
8	31	117	47316	47319
8	31	118	47318	47322
8	8	119	47321	47356
8	8	120	47358	47368
8	8	121	47367	47373
8	8	122	47374	47382
8	8	123	47381	47384
8	8	124	47385	47386
8	8	125	47388	47390
8	8	126	47391	47392
8	8	127	47393	47394
8	8	128	47395	47396
8	28	129	47396	47412
8	28	130	47412	47421
8	28	131	47421	47423
8	28	132	47423	47434
8	28	133	47434	47467
8	46	134	47466	47623
8	46	135	47624	47674
8	46	136	47674	47727
8	46	137	47727	47730
8	46	138	47732	47733
8	46	139	47732	47736
8	19	140	47739	47792
8	19	141	47791	47800
8	19	142	47799	47888
8	19	143	47887	47904
8	19	144	47904	47929
8	19	145	47929	47948
8	19	146	47948	47975
8	19	147	47976	47977
8	19	148	47978	47979
8	5	149	47978	48011
8	5	150	48012	48062
8	5	151	48063	48087
8	5	152	48087	48120
8	5	153	48120	48178
8	5	154	48180	48191
8	5	155	48193	48236
8	5	156	48237	48254
8	5	157	48255	48299
8	8	158	48298	48301
8	8	159	48300	48303
8	8	160	48306	48351
8	8	161	48351	48363
8	8	162	48365	48378
8	8	163	48380	48412
8	8	164	48414	48416
8	8	165	48415	48476
8	45	166	48477	48480
8	45	167	48480	48500
8	45	168	48499	48534
8	45	169	48535	48603
8	45	170	48604	48647
8	45	171	48648	48664
8	5	172	48668	48673
8	5	173	48674	48726
8	5	174	48728	48770
8	5	175	48771	48814
8	5	176	48813	48848
8	5	177	48847	48906
8	5	178	48908	48980
8	5	179	48981	48983
8	5	180	48982	48992
8	20	181	48991	48993
8	20	182	48994	48995
8	20	183	48994	48997
8	20	184	48996	48998
8	20	185	48997	48999
8	20	186	48998	48999
8	20	187	49000	49001
8	20	188	49002	49005
8	20	189	49006	49007
8	20	190	49010	49011
8	20	191	49010	49011
8	53	192	49012	49013
8	53	193	49013	49014
8	53	194	49013	49014
8	53	195	49016	49022
8	53	196	49024	49034
8	53	197	49035	49042
8	53	198	49043	49050
8	53	199	49052	49074
8	53	200	49073	49104
8	39	201	49103	49203
8	39	202	49202	49221
8	39	203	49223	49237
8	39	204	49238	49264
8	39	205	49266	49271
8	39	206	49271	49302
8	39	207	49302	49450
8	15	208	49449	49512
8	15	209	49513	49522
8	15	210	49521	49532
8	15	211	49531	49548
8	15	212	49548	49583
8	15	213	49583	49596
8	3	214	49595	49597
8	3	215	49598	49600
8	3	216	49601	49608
8	3	217	49607	49613
8	3	218	49615	49619
8	3	219	49621	49628
8	3	220	49627	49628
8	3	221	49630	49633
8	27	222	49634	49671
8	27	223	49670	49692
8	27	224	49692	49726
8	27	225	49727	49729
8	27	226	49729	49778
8	58	227	49778	49780
8	58	228	49779	49783
8	58	229	49784	49785
8	58	230	49784	49787
8	58	231	49787	49790
8	58	232	49792	49793
8	13	236	49802	49863
8	13	237	49864	49882
8	13	238	49884	49935
8	13	239	49934	49989
8	13	240	49990	49994
8	19	241	49993	49995
8	19	242	49997	50001
8	19	243	50001	50003
8	19	244	50003	50022
8	19	245	50021	50028
8	19	246	50028	50031
8	45	247	50030	50054
8	45	248	50058	50063
8	45	249	50064	50071
8	45	250	50073	50074
8	45	251	50075	50084
8	59	252	50083	50092
8	59	253	50093	50095
8	59	254	50097	50113
8	59	255	50112	50117
8	59	256	50117	50126
8	59	257	50126	50127
8	58	258	50126	50131
8	58	259	50131	50132
8	58	260	50134	50135
8	58	261	50134	50137
8	29	262	50137	50140
8	29	263	50139	50143
8	29	264	50144	50147
8	29	265	50148	50149
8	29	266	50152	50155
8	29	267	50156	50157
8	8	268	50158	50159
8	8	269	50163	50164
8	8	270	50163	50226
8	8	271	50227	50250
8	8	272	50251	50253
8	5	273	50252	50277
8	5	274	50279	50408
8	5	275	50409	50413
8	5	276	50414	50415
8	5	277	50416	50417
8	5	278	50418	50538
8	5	279	50541	50543
8	5	280	50544	50698
8	2	281	50697	50703
8	2	282	50705	50706
8	2	283	50707	50708
8	2	284	50709	50715
8	40	290	50816	50818
8	40	291	50817	50840
8	40	292	50839	50856
9	14	1	50855	50856
9	14	2	50856	50959
9	14	3	50960	51011
9	14	4	51012	51013
9	14	5	51014	51015
9	14	6	51018	51019
9	14	7	51018	51067
9	14	8	51068	51069
9	14	9	51068	51115
9	14	10	51116	51117
9	60	11	51118	51235
9	60	12	51236	51248
9	60	13	51248	51631
9	60	14	51632	51633
9	60	15	51634	51799
9	60	16	51802	51803
9	60	17	51804	51943
9	60	18	51943	52144
9	60	19	52143	52329
9	60	20	52330	52599
9	60	21	52600	52650
9	60	22	52651	52983
9	60	23	52984	53461
9	60	24	53460	53866
9	60	25	53866	54098
9	60	26	54099	54100
9	60	27	54101	54263
9	50	28	54264	54326
9	50	29	54325	54393
9	50	30	54393	54461
9	50	31	54460	54540
9	52	32	54539	54554
9	52	33	54555	54578
9	52	34	54579	54599
9	52	35	54600	54632
9	52	36	54633	54637
9	60	37	54637	55118
9	60	38	55119	55120
9	60	39	55121	55483
9	37	40	55485	55486
9	37	41	55485	55486
9	37	42	55488	55535
9	37	43	55536	55537
9	37	44	55538	55660
9	37	45	55659	55660
9	26	46	55659	55660
9	26	47	55660	55663
9	26	48	55664	55799
9	26	49	55798	55903
9	26	50	55902	56036
9	11	51	56035	56037
9	11	52	56036	56039
9	11	53	56041	56045
9	52	54	56044	56045
9	52	55	56045	56070
9	52	56	56071	56073
9	52	57	56074	56084
9	52	58	56086	56097
9	52	59	56098	56099
9	49	60	56099	56101
9	49	61	56101	56111
9	49	62	56112	56114
9	49	63	56115	56120
9	49	64	56121	56123
9	10	65	56125	56126
9	10	66	56125	56329
9	10	67	56330	56502
9	52	68	56501	56520
9	52	69	56521	56525
9	52	70	56526	56544
9	52	71	56545	56546
9	52	72	56547	56552
9	19	73	56553	56554
9	19	74	56553	56558
9	19	75	56557	56637
9	19	76	56636	56638
9	19	77	56637	56757
9	14	78	56758	56759
9	14	79	56759	56808
9	14	80	56809	56930
9	14	81	56933	56934
9	14	82	56935	57032
9	11	83	57031	57035
9	11	84	57036	57039
9	11	85	57041	57045
9	11	86	57046	57050
9	11	87	57051	57052
9	11	88	57053	57054
9	49	89	57055	57058
9	49	90	57060	57061
9	49	91	57062	57077
9	49	92	57078	57080
9	49	93	57081	57083
9	49	94	57084	57128
9	49	95	57130	57131
9	52	96	57134	57145
9	52	97	57147	57156
9	52	98	57156	57159
9	52	99	57160	57161
9	52	100	57162	57163
9	52	101	57164	57172
9	11	102	57174	57175
9	11	103	57174	57175
9	11	104	57177	57181
9	11	105	57183	57184
9	11	106	57185	57187
9	11	107	57188	57189
9	11	108	57190	57193
9	55	109	57197	57202
9	55	110	57201	57203
9	55	111	57202	57204
9	55	112	57204	57205
9	61	113	57209	57210
9	61	114	57209	57247
9	61	115	57248	57295
9	61	116	57296	57340
9	61	117	57341	57471
9	61	118	57471	57482
9	61	119	57484	57527
9	61	120	57528	57530
9	2	121	57530	57532
9	2	122	57533	57535
9	2	123	57537	57538
9	14	124	57539	57540
9	14	125	57540	57541
9	14	126	57542	57597
9	14	127	57597	57678
9	12	128	57682	57687
9	12	129	57686	57691
9	12	130	57692	57694
9	12	131	57695	57696
9	12	132	57697	57701
9	12	133	57701	57712
9	12	134	57714	57715
9	12	135	57717	57718
9	12	136	57719	57721
9	12	137	57722	57731
9	61	138	57730	57749
9	61	139	57753	57754
9	61	140	57755	57763
9	61	141	57763	57786
9	61	142	57785	57835
9	61	143	57834	57850
9	61	144	57850	57889
9	61	145	57888	57902
9	53	146	57901	57903
9	53	147	57903	57904
9	53	148	57903	57915
9	53	149	57916	57917
9	53	150	57916	57931
9	53	151	57933	57943
9	46	152	57944	57947
9	46	153	57948	57971
9	46	154	57970	57972
9	46	155	57972	57986
9	0	156	57985	57987
9	0	157	57990	58004
9	18	158	58003	58004
9	18	159	58004	58012
9	18	160	58012	58017
9	18	161	58016	58018
9	18	162	58017	58018
9	18	163	58018	58019
9	18	164	58018	58031
9	18	165	58033	58034
9	62	166	58036	58082
9	62	167	58083	58084
9	62	168	58083	58138
9	62	169	58138	58139
9	62	170	58139	58140
9	62	171	58139	58141
9	62	172	58140	58141
9	62	173	58143	58174
9	45	174	58173	58176
9	45	175	58175	58202
9	45	176	58204	58278
9	45	177	58280	58288
9	30	178	58291	58297
9	30	179	58300	58301
9	30	180	58300	58305
9	30	181	58305	58306
9	30	182	58305	58306
9	30	183	58307	58313
9	29	184	58314	58315
9	29	185	58315	58319
9	29	186	58319	58330
9	29	187	58332	58333
9	29	188	58332	58333
9	29	189	58333	58335
9	29	190	58336	58337
9	48	191	58338	58340
9	48	192	58339	58341
9	48	193	58342	58343
9	48	194	58344	58346
9	48	195	58347	58349
9	48	196	58349	58350
9	14	197	58353	58355
9	14	198	58357	58364
9	14	199	58365	58373
9	14	200	58375	58378
9	14	201	58379	58380
9	14	202	58379	58381
9	14	203	58381	58404
9	14	204	58405	58438
9	14	205	58439	58456
9	14	206	58457	58510
9	14	207	58511	58512
9	14	208	58511	58512
9	55	209	58512	58513
9	55	210	58512	58514
9	55	211	58514	58517
9	55	212	58518	58525
9	55	213	58524	58526
9	55	214	58525	58527
9	55	215	58529	58531
9	55	216	58530	58532
9	55	217	58531	58533
9	2	218	58535	58536
9	2	219	58537	58547
9	2	220	58549	58553
9	2	221	58554	58564
9	55	222	58563	58564
9	55	223	58564	58565
9	55	224	58567	58568
9	55	225	58569	58570
9	55	226	58571	58574
9	55	227	58575	58576
9	63	228	58575	58578
9	63	229	58577	58578
9	63	230	58578	58579
9	63	231	58579	58606
9	63	232	58608	58613
9	63	233	58612	58621
9	63	234	58620	58632
9	24	235	58631	58639
9	24	236	58640	58750
9	24	237	58752	58768
9	24	238	58767	58807
9	24	239	58809	58836
9	8	240	58839	58918
9	8	241	58920	58931
9	8	242	58933	59036
9	8	243	59036	59037
9	8	244	59039	59069
9	11	245	59070	59077
9	11	246	59078	59079
9	11	247	59080	59086
9	11	248	59088	59089
9	2	256	59140	59142
9	2	257	59143	59145
9	2	258	59146	59147
9	2	259	59148	59152
9	2	260	59153	59158
9	2	261	59160	59166
9	14	262	59166	59167
9	14	263	59167	59176
9	14	264	59177	59264
9	14	265	59263	59266
9	14	266	59267	59310
9	14	267	59311	59369
9	14	268	59370	59371
9	14	269	59370	59371
9	8	270	59372	59511
9	8	271	59510	59588
9	11	272	59590	59591
9	11	273	59592	59593
9	11	274	59594	59596
9	11	275	59598	59599
9	11	276	59600	59601
