0	0	1	-1	0
0	0	2	-1	0
0	0	3	-1	0
0	0	4	-1	0
0	0	5	-1	0
0	0	6	-1	0
0	0	7	-1	0
0	1	8	-1	0
0	1	9	-1	0
0	1	10	-1	0
0	1	11	-1	0
0	1	12	-1	0
0	1	13	-1	0
0	0	14	-1	0
0	0	15	-1	0
0	0	16	-1	0
0	0	17	-1	0
0	0	18	-1	0
0	0	19	-1	0
0	2	20	-1	0
0	2	21	-1	0
0	2	22	-1	0
0	2	23	-1	0
0	2	24	-1	0
0	2	25	-1	0
0	2	26	-1	0
0	3	27	-1	0
0	3	28	-1	0
0	3	29	0	1
0	3	30	0	1
0	4	31	0	1
0	4	32	0	1
0	4	33	0	1
0	4	34	0	1
0	4	35	0	1
0	4	36	0	1
0	5	37	0	1
0	5	38	0	1
0	5	39	0	1
0	5	40	0	1
0	5	41	0	1
0	5	42	0	1
0	6	43	0	1
0	6	44	0	1
0	6	45	1	3
0	6	46	2	3
0	6	47	2	3
0	7	48	2	3
0	7	49	2	3
0	7	50	2	3
0	7	51	2	3
0	7	52	2	3
0	7	53	2	3
0	8	54	2	3
0	8	55	2	3
0	8	56	2	3
0	8	57	2	3
0	8	58	2	3
0	8	59	2	3
0	9	60	2	3
0	9	61	2	3
0	9	62	2	3
0	9	63	2	3
0	10	70	2	3
0	10	71	2	3
0	10	72	2	3
0	11	73	2	3
0	11	74	2	3
0	11	75	2	3
0	12	76	2	3
0	12	77	2	3
0	12	78	2	3
0	3	79	2	3
0	3	80	2	3
0	3	81	2	3
0	3	82	2	3
0	3	83	2	3
0	13	84	2	3
0	13	85	2	3
0	13	86	2	3
0	13	87	2	3
0	13	88	2	3
0	14	89	2	3
0	14	90	2	3
0	14	91	2	3
0	14	92	2	3
0	14	93	2	3
0	12	94	2	3
0	12	95	2	3
0	12	96	2	3
0	12	97	2	3
0	12	98	2	3
0	12	99	2	3
0	12	100	2	3
0	15	101	2	3
0	15	102	2	3
0	15	103	2	3
0	15	104	2	3
0	15	105	2	3
0	15	106	2	3
0	15	107	2	3
0	5	108	2	3
0	5	109	2	3
0	5	110	2	3
0	5	111	2	3
0	5	112	2	3
0	5	113	2	3
0	5	114	2	3
0	13	115	2	3
0	13	116	4	5
0	13	117	4	5
0	13	118	4	5
0	13	119	4	5
0	13	120	4	5
0	16	121	4	5
0	16	122	4	5
0	16	123	4	5
0	16	124	4	5
0	16	125	4	5
0	16	126	4	5
0	16	127	4	5
0	16	128	4	5
0	17	129	4	5
0	17	130	4	5
0	17	131	4	5
0	17	132	4	5
0	17	133	4	5
0	17	134	4	5
0	17	135	4	5
0	18	136	4	5
0	18	137	4	5
0	18	138	4	5
0	18	139	4	5
0	18	140	4	5
0	18	141	4	5
0	18	142	4	5
0	3	143	4	5
0	3	144	4	5
0	3	145	4	5
0	3	146	4	5
0	19	147	4	5
0	19	148	4	5
0	19	149	4	5
0	19	150	4	5
0	19	151	4	5
0	19	152	4	5
0	19	153	4	5
0	20	154	4	5
0	20	155	4	5
0	20	156	4	5
0	20	157	4	5
0	20	158	4	5
0	20	159	4	5
0	20	160	4	5
0	20	161	4	5
0	18	162	4	5
0	18	163	4	5
0	18	164	4	5
0	18	165	4	5
0	18	166	4	5
0	18	167	4	5
0	18	168	4	5
0	21	169	8	9
0	21	170	8	9
0	21	171	8	9
0	21	172	8	9
0	21	173	8	9
0	21	174	8	9
0	21	175	8	9
0	15	176	8	9
0	15	177	9	10
0	15	178	9	10
0	15	179	9	10
0	15	180	9	10
0	15	181	9	10
0	15	182	9	10
0	15	183	9	10
0	13	184	9	10
0	13	185	9	10
0	13	186	9	10
0	13	187	9	10
0	13	188	9	10
0	13	189	9	10
0	19	190	9	10
0	19	191	9	10
0	19	192	9	10
0	19	193	9	10
0	19	194	9	10
0	19	195	9	10
0	13	196	9	10
0	13	197	9	10
0	13	198	9	10
0	13	199	9	10
0	19	200	9	10
0	19	201	9	10
0	19	202	9	10
0	19	203	9	10
0	22	204	9	10
0	22	205	9	10
0	22	206	9	10
0	22	207	9	10
0	22	208	9	10
0	22	209	9	10
0	22	210	9	10
0	23	211	9	10
0	23	212	9	10
0	23	213	9	10
0	23	214	9	10
0	23	215	9	10
0	23	216	9	10
0	23	217	9	10
0	0	218	9	10
0	0	219	9	10
0	0	220	9	10
0	0	221	9	10
0	22	222	9	10
0	22	223	9	10
0	22	224	9	10
0	22	225	9	10
0	22	226	9	10
0	22	227	9	10
0	22	228	9	10
0	24	229	9	10
0	24	230	9	10
0	24	231	9	10
0	24	232	9	10
0	24	233	9	10
0	4	234	9	10
0	4	235	9	10
0	4	236	9	10
0	4	237	9	10
0	4	238	9	10
0	4	239	9	10
0	4	240	9	10
0	4	241	9	10
0	25	242	9	10
0	25	243	9	10
0	22	244	9	10
0	22	245	9	10
0	22	246	9	10
0	22	247	9	10
0	22	248	9	10
0	22	249	9	10
0	22	250	9	10
0	26	251	9	10
0	26	252	9	10
0	26	253	9	10
0	26	254	9	10
0	26	255	9	10
0	26	256	9	10
0	26	257	9	10
0	27	266	9	10
0	27	267	9	10
0	27	268	9	10
0	27	269	9	10
0	27	270	9	10
0	27	271	9	10
0	27	272	9	10
0	27	273	9	10
0	3	274	9	10
0	3	275	9	10
0	3	276	9	10
0	3	277	9	10
0	3	278	9	10
0	3	279	9	10
0	28	280	9	10
0	28	281	9	10
0	28	282	9	10
0	28	283	9	10
0	28	284	9	10
0	28	285	9	10
0	28	286	9	10
0	29	287	9	10
0	29	288	9	10
0	29	289	9	10
0	29	290	9	10
0	29	291	9	10
0	29	292	9	10
0	29	293	9	10
0	30	294	9	22
0	30	295	21	22
0	30	296	21	22
0	30	297	21	22
0	30	298	21	22
1	31	4	21	22
1	31	5	21	22
1	31	6	21	22
1	31	7	21	22
1	31	8	21	22
1	31	9	21	22
1	27	10	21	22
1	27	11	21	22
1	27	12	21	22
1	27	13	21	22
1	27	14	21	22
1	30	15	21	22
1	30	16	21	22
1	30	17	21	22
1	30	18	21	22
1	30	19	21	22
1	30	20	21	22
1	29	31	21	22
1	29	32	21	22
1	29	33	21	22
1	29	34	21	22
1	29	35	21	22
1	29	36	21	22
1	3	37	21	22
1	3	38	21	22
1	3	39	21	22
1	3	40	21	22
1	3	41	21	22
1	3	42	21	22
1	32	43	21	22
1	32	44	21	22
1	32	45	21	22
1	32	46	21	22
1	32	47	21	22
1	32	48	21	22
1	32	49	21	22
1	29	53	21	22
1	10	59	21	22
1	10	60	21	22
1	33	73	21	22
1	33	74	21	22
1	33	75	21	22
1	33	76	21	22
1	33	77	21	22
1	33	78	21	22
1	17	79	21	22
2	2	1	21	23
2	2	2	22	24
2	2	3	23	25
2	2	4	24	26
2	2	5	25	27
2	2	6	26	28
2	2	7	27	29
2	2	8	28	30
2	2	9	29	30
2	2	10	29	30
2	2	11	29	31
2	2	12	30	32
2	34	13	31	33
2	34	14	32	33
2	34	15	32	34
2	34	16	34	35
2	34	17	34	35
2	34	18	34	36
2	34	19	35	36
2	34	20	35	37
2	34	21	36	38
2	34	22	38	39
2	34	23	38	39
2	34	24	38	39
2	34	25	38	40
2	34	26	39	41
2	34	27	40	42
2	34	28	41	43
2	34	29	42	43
2	34	30	42	44
2	35	31	43	46
2	35	32	45	48
2	35	33	47	49
2	35	34	48	49
2	35	35	48	50
2	36	36	49	51
2	36	37	50	52
2	36	38	51	54
2	36	39	53	54
2	36	40	53	55
2	36	41	54	56
2	8	42	55	56
2	8	43	56	57
2	8	44	57	58
2	8	45	58	60
2	5	46	59	61
2	5	47	60	62
2	5	48	61	64
2	5	49	63	65
2	5	50	64	66
2	10	51	65	67
2	10	52	67	68
2	10	53	67	69
2	10	54	68	70
2	5	55	69	71
2	5	56	70	72
2	5	57	73	75
2	5	58	74	76
2	5	59	75	77
2	2	60	76	79
2	2	61	78	80
2	2	62	79	81
2	14	63	80	81
2	30	64	80	81
2	30	65	80	83
2	30	66	82	83
2	30	67	82	84
2	30	68	83	84
2	2	69	83	85
2	2	70	84	85
2	2	71	84	86
2	2	72	85	87
2	2	73	86	89
2	2	74	88	90
2	2	75	89	91
2	2	76	90	92
2	2	77	91	93
2	2	78	92	95
2	2	79	94	97
2	2	80	96	97
2	2	81	96	98
2	19	82	97	99
2	19	83	98	100
2	19	84	99	101
2	19	85	100	102
2	19	86	101	103
2	37	87	102	104
2	37	88	103	105
2	37	89	104	107
2	37	90	106	108
2	37	91	107	109
2	37	92	108	111
2	31	93	110	112
2	31	94	111	113
2	5	95	112	114
2	5	96	113	115
2	5	97	114	115
2	5	98	114	116
2	28	99	115	117
2	28	100	116	118
2	28	101	117	119
2	27	102	118	120
2	27	103	119	121
2	27	104	120	123
2	27	105	122	125
2	27	106	124	127
2	19	107	126	129
2	19	108	128	130
2	19	109	129	131
2	19	110	130	132
2	19	111	131	134
2	8	112	133	136
2	8	113	135	137
2	8	114	137	142
2	8	115	141	143
2	8	116	142	144
2	8	117	143	146
2	8	118	145	146
2	8	119	146	149
2	8	120	149	151
2	8	121	150	152
2	8	122	151	153
2	8	123	152	154
2	38	124	153	158
2	38	125	157	160
2	38	126	159	163
2	38	127	162	164
2	38	128	163	164
2	39	129	163	167
2	39	130	166	169
2	39	131	168	171
2	39	132	170	171
2	39	133	170	172
2	40	134	171	173
2	40	135	172	175
2	40	136	174	176
2	40	137	175	177
2	40	138	176	178
2	40	139	177	179
2	40	140	178	180
2	40	141	179	181
2	40	142	180	182
2	41	143	181	183
2	41	144	182	184
2	41	145	183	186
2	41	146	185	187
2	41	147	186	188
2	41	148	187	189
2	41	149	188	191
2	41	150	190	192
2	41	151	191	193
2	17	152	192	194
2	17	153	193	194
2	39	154	193	196
2	39	155	195	196
2	39	156	196	199
2	39	157	198	199
2	39	158	198	200
2	39	159	199	202
2	39	160	201	202
2	5	165	213	214
2	5	166	213	217
2	5	167	216	218
2	5	168	217	219
2	5	169	218	220
2	5	170	219	221
2	5	171	220	222
2	5	172	221	223
2	42	181	229	231
2	42	182	230	232
2	42	183	231	233
2	42	184	232	235
2	42	185	234	238
2	22	186	237	239
2	22	187	240	242
2	22	188	241	243
2	22	189	242	245
2	22	190	244	246
2	43	204	255	259
2	43	205	258	261
2	43	206	260	263
2	43	207	262	264
3	38	1	263	287
3	38	2	286	289
3	38	3	288	291
3	38	4	290	292
3	38	5	291	293
3	38	6	292	293
3	38	7	292	293
3	26	8	292	294
3	26	9	293	295
3	26	10	294	296
3	26	11	295	296
3	26	12	295	297
3	36	13	296	298
3	36	14	297	298
3	36	15	298	299
3	36	16	298	300
3	36	17	299	301
3	36	18	300	301
3	37	19	300	302
3	37	20	301	302
3	37	21	302	303
3	37	22	302	304
3	37	23	303	305
3	37	24	304	307
3	37	25	306	308
3	37	26	307	310
3	36	27	309	311
3	36	28	310	312
3	36	29	311	313
3	36	30	312	314
3	36	31	313	314
3	36	32	313	315
3	10	33	314	315
3	10	34	314	316
3	10	35	315	317
3	10	36	316	318
3	10	37	317	318
3	39	38	317	319
3	39	39	320	322
3	39	40	321	322
3	39	41	321	323
3	39	42	322	323
3	44	43	322	327
3	44	44	326	327
3	36	45	326	328
3	36	46	327	329
3	36	47	328	330
3	36	48	329	331
3	45	49	330	332
3	45	50	331	333
3	38	51	332	335
3	38	52	334	335
3	38	53	334	336
3	38	54	335	337
3	29	55	336	340
3	29	56	339	340
3	29	57	339	341
3	38	58	340	343
3	38	59	342	344
3	38	60	343	344
3	38	61	343	344
3	30	62	343	345
3	30	63	344	345
3	30	64	344	346
3	30	65	345	346
3	30	66	345	346
3	45	67	345	346
3	45	68	345	347
3	45	69	346	348
3	45	70	347	349
3	45	71	348	351
3	45	72	350	352
3	45	73	351	352
3	11	74	351	352
3	11	75	351	353
3	11	76	352	353
3	11	77	352	354
3	11	78	353	355
3	11	79	354	355
3	11	80	354	355
3	11	81	354	355
3	11	82	354	355
3	26	83	354	356
3	26	84	355	357
3	26	85	356	358
3	26	86	357	359
3	26	87	358	360
3	26	88	359	360
3	29	89	359	361
3	29	90	360	362
3	29	91	362	365
3	29	92	364	366
3	29	93	365	367
3	37	94	366	368
3	37	95	367	369
3	37	96	368	370
3	37	97	369	372
3	37	98	371	374
3	30	99	373	375
3	30	100	374	376
3	30	101	375	378
3	30	102	377	379
3	44	103	378	380
3	44	104	379	382
3	44	105	381	383
3	44	106	382	383
3	37	107	382	386
3	37	108	385	387
3	37	109	386	388
3	37	110	387	389
3	37	111	388	390
3	44	112	389	392
3	44	113	391	394
3	44	114	393	394
3	2	115	393	395
3	2	116	394	398
3	2	117	397	401
3	2	118	400	402
3	2	119	401	403
3	2	120	402	404
3	2	121	403	405
3	2	122	405	407
3	2	123	406	407
3	2	124	406	408
3	41	125	407	410
3	41	126	409	410
3	20	127	409	410
3	20	128	409	411
3	20	129	410	411
3	20	130	410	411
3	20	131	410	412
3	20	132	411	412
3	20	133	411	413
3	44	134	412	414
3	44	135	414	415
3	44	136	414	417
3	44	137	416	419
3	44	138	418	420
3	44	139	419	421
3	19	140	420	424
3	19	141	423	426
3	19	142	425	427
3	19	143	426	428
3	19	144	427	428
3	19	145	427	429
3	19	146	428	429
3	29	147	428	430
3	29	148	429	430
3	29	149	430	433
3	29	150	432	435
3	29	151	434	436
3	29	152	435	438
3	29	153	437	438
3	35	154	437	441
3	35	155	440	444
3	35	156	443	445
3	35	157	444	449
3	41	158	448	449
3	41	159	448	451
3	41	160	450	452
3	41	161	451	453
3	41	162	452	454
3	41	163	453	455
3	41	164	454	456
3	41	165	455	456
3	41	166	455	456
3	41	167	455	457
3	38	168	456	457
3	38	169	457	458
3	38	170	457	464
3	38	171	463	466
3	38	172	465	467
3	38	173	466	467
3	35	174	466	468
3	35	175	467	469
3	35	176	468	471
3	35	177	470	472
3	35	178	471	473
3	45	179	472	474
3	45	180	473	477
3	45	181	476	478
3	45	182	477	478
3	45	183	477	480
3	21	184	479	481
3	21	185	480	482
3	21	186	481	484
3	21	187	483	486
3	21	188	485	486
3	35	189	485	490
3	35	190	489	491
3	35	191	490	492
3	35	192	491	494
3	16	193	493	495
3	16	194	494	496
3	16	195	495	498
3	16	196	497	499
3	35	197	498	500
3	35	198	499	501
3	35	199	500	502
3	35	200	501	503
3	35	201	502	504
3	35	202	503	505
3	19	203	504	506
3	19	204	505	507
3	19	205	506	508
3	19	206	507	510
3	19	207	509	513
3	19	208	512	514
3	30	209	513	515
3	30	210	515	517
3	30	211	516	517
3	30	212	517	519
3	30	213	518	520
3	30	214	519	522
3	36	215	521	523
3	36	216	522	523
3	36	217	522	523
3	36	218	522	524
3	36	219	523	525
3	40	220	524	526
3	40	221	525	527
3	40	222	526	529
3	40	223	528	530
3	17	224	529	531
3	17	225	530	532
3	17	226	531	533
3	17	227	532	534
3	17	228	533	535
3	17	229	534	535
3	32	230	534	537
3	32	231	536	539
3	32	232	538	539
3	32	233	538	539
3	32	234	538	540
3	32	235	539	541
3	32	236	540	542
3	32	237	541	544
3	23	238	543	547
3	23	239	546	548
3	23	240	547	550
3	37	245	553	555
3	37	246	554	557
3	37	247	556	558
3	37	248	557	560
3	37	249	559	560
3	37	250	559	561
3	35	251	560	563
3	35	252	562	564
3	35	253	563	567
3	19	254	566	570
3	19	255	569	571
3	19	256	570	574
3	19	257	573	575
3	17	258	574	576
3	17	259	575	577
3	17	260	576	578
3	17	261	577	579
3	17	262	578	580
3	17	263	579	581
3	17	264	580	582
3	41	265	581	583
3	41	266	582	583
3	41	267	582	584
3	41	268	583	585
3	41	269	584	586
3	41	270	585	587
4	0	1	586	590
4	0	2	589	590
4	0	3	590	591
4	0	4	591	592
4	0	5	591	592
4	7	6	591	593
4	7	7	592	594
4	7	8	593	595
4	7	9	594	596
4	7	10	595	597
4	7	11	596	598
4	7	12	597	599
4	7	13	598	599
4	46	14	598	600
4	46	15	599	601
4	46	16	600	601
4	46	17	600	602
4	46	18	601	603
4	46	19	602	603
4	10	20	602	603
4	10	21	602	604
4	10	22	603	604
4	15	48	620	622
4	15	49	621	624
4	15	50	623	624
4	15	51	623	624
4	15	52	623	625
4	3	53	624	627
4	3	54	626	628
4	3	55	627	629
4	3	56	628	630
4	3	57	629	631
4	3	58	630	631
4	10	59	630	631
4	10	60	630	632
4	10	61	631	634
4	10	62	633	635
4	10	63	634	637
4	10	64	636	637
4	20	65	636	640
4	20	66	639	641
4	20	67	640	642
4	20	68	641	644
4	21	69	643	645
4	21	70	644	646
4	21	71	645	648
4	21	72	647	649
4	21	73	648	650
4	27	74	649	651
4	27	75	650	652
4	27	76	651	654
4	27	77	653	656
4	27	78	655	658
4	27	79	657	659
4	27	80	659	664
4	27	81	663	666
4	13	82	665	667
4	13	83	666	669
4	13	84	668	670
4	13	85	673	681
4	13	86	680	683
4	46	87	682	685
4	46	88	684	687
4	46	89	686	689
4	27	90	688	690
4	27	91	689	691
4	27	92	690	693
4	27	93	692	695
4	44	94	694	696
4	44	95	695	696
4	44	96	695	697
4	44	97	696	698
4	44	98	697	700
4	44	99	699	700
4	47	100	699	701
4	47	101	700	702
4	47	102	701	702
4	47	103	701	703
4	47	104	702	703
4	27	105	702	705
4	27	106	704	706
4	27	107	705	707
4	27	108	706	709
4	27	109	708	710
4	33	116	714	716
4	3	119	715	718
4	3	120	717	719
4	3	121	718	721
4	3	122	720	722
4	3	123	721	723
4	3	124	722	724
4	3	125	723	725
5	47	1	724	727
5	47	2	726	727
5	47	3	726	729
5	47	4	728	729
5	47	5	728	730
5	47	6	729	730
5	47	7	729	730
5	47	8	729	730
5	47	9	729	730
5	47	10	729	731
5	3	11	730	732
5	3	12	731	733
5	3	13	732	734
5	3	14	733	735
5	3	15	735	737
5	3	16	736	737
5	3	17	736	738
5	3	18	737	739
5	3	19	738	740
5	3	20	739	741
5	3	21	740	742
5	6	22	741	743
5	6	23	743	744
5	6	24	743	744
5	6	25	744	745
5	6	26	744	746
5	6	27	745	747
5	31	28	746	749
5	31	29	748	750
5	31	30	749	752
5	6	31	751	752
5	6	32	752	754
5	6	33	753	755
5	6	34	754	756
5	6	35	755	757
5	6	36	756	758
5	45	37	757	759
5	45	38	758	759
5	29	39	758	759
5	29	40	758	759
5	29	41	758	760
5	29	42	759	760
5	29	43	759	761
5	29	44	760	762
5	29	45	761	762
5	29	46	762	764
5	29	47	763	764
5	48	48	763	765
5	48	49	764	766
5	48	50	765	767
5	48	51	766	768
5	48	52	767	769
5	48	53	774	776
5	23	54	775	777
5	23	55	776	777
5	23	56	776	778
5	23	57	777	780
5	23	58	779	781
5	23	59	780	782
5	23	60	781	782
5	23	61	781	783
5	23	62	782	783
5	2	63	782	784
5	2	64	783	785
5	2	65	784	786
5	45	66	785	786
5	45	67	785	787
5	45	68	786	788
5	45	69	787	788
5	45	70	787	788
5	46	71	787	790
5	46	72	789	793
5	12	73	792	795
5	12	74	794	795
5	12	75	794	797
5	12	76	796	800
5	12	77	799	800
5	12	78	799	800
5	4	79	799	805
5	4	80	804	807
5	4	81	806	808
5	49	82	807	808
5	49	83	807	809
5	49	84	808	810
5	49	85	809	811
5	49	86	810	812
5	49	87	811	813
5	49	88	812	815
5	38	89	814	815
5	38	90	814	816
5	38	91	815	817
5	38	92	816	817
5	38	93	816	819
5	3	94	818	820
5	3	95	819	822
5	3	96	821	823
5	3	97	822	823
5	10	98	822	824
5	10	99	823	824
5	10	100	823	825
5	10	101	824	826
5	10	102	825	828
5	14	103	827	828
5	14	104	827	829
5	14	105	828	829
5	14	106	828	830
5	14	107	829	830
5	14	108	829	830
5	49	109	829	830
5	49	110	829	831
5	49	111	830	832
5	49	112	831	833
5	49	113	832	834
5	49	114	833	836
5	49	115	835	837
5	49	116	836	838
5	49	117	837	838
5	49	118	837	839
5	49	119	838	840
5	49	120	839	842
5	49	121	841	843
5	49	122	842	844
5	49	123	844	845
5	49	124	844	846
5	5	125	845	847
5	5	126	846	848
5	5	127	847	849
5	5	128	848	850
5	5	129	849	851
5	5	130	850	852
5	39	131	851	854
5	39	132	853	854
5	39	133	853	855
5	39	134	854	856
5	39	135	855	857
5	48	141	860	862
5	48	142	861	862
5	48	143	861	862
5	48	144	861	864
5	48	145	863	865
5	48	146	864	865
5	48	147	865	868
5	48	148	867	870
5	48	149	869	872
5	48	150	871	875
5	48	151	874	879
5	4	152	878	880
5	4	153	880	885
5	4	154	884	886
5	4	155	885	889
5	4	156	888	890
5	4	157	889	891
5	41	185	909	911
5	41	186	910	915
5	41	187	915	916
5	41	188	919	924
5	41	189	923	927
5	41	190	926	928
5	24	191	927	930
5	24	192	929	931
5	24	193	930	932
5	24	194	931	933
5	24	195	932	935
5	24	196	934	935
5	24	197	934	935
5	24	198	934	935
5	24	199	934	935
5	24	200	934	935
5	24	201	934	935
5	22	202	934	936
5	22	203	935	939
5	22	204	938	942
5	22	205	941	944
5	22	206	943	946
5	35	214	951	953
5	35	215	952	955
5	35	216	954	955
5	19	217	954	956
5	19	218	955	957
5	19	219	956	958
5	19	220	957	958
5	19	221	957	958
5	40	235	971	972
5	40	236	971	973
5	40	237	972	975
5	40	238	974	978
6	45	1	977	986
6	45	2	977	986
6	45	3	977	986
6	45	4	977	986
6	45	5	977	986
6	50	6	977	986
6	50	7	977	986
6	50	8	977	986
6	50	9	977	986
6	50	10	977	986
6	45	11	977	986
6	45	12	977	986
6	45	13	977	986
6	45	14	977	986
6	45	15	977	986
6	45	16	977	986
6	45	17	977	986
6	51	18	977	986
6	51	19	977	986
6	51	20	977	986
6	51	21	977	986
6	51	22	977	986
6	51	23	977	986
6	29	24	977	986
6	29	25	977	986
6	29	26	977	986
6	29	27	977	986
6	31	28	977	986
6	31	29	977	986
6	31	30	977	986
6	31	31	977	986
6	31	32	977	986
6	35	33	977	986
6	35	34	977	986
6	35	35	977	986
6	35	36	977	986
6	35	37	977	986
6	35	38	977	986
6	35	39	977	986
6	35	40	977	986
6	35	41	977	986
6	3	42	977	986
6	3	43	977	986
6	3	44	977	986
6	3	45	977	986
6	3	46	977	986
6	29	47	977	986
6	29	48	977	986
6	29	49	977	986
6	29	50	977	986
6	29	51	977	986
6	29	52	977	986
6	29	53	977	986
6	31	54	977	986
6	31	55	977	986
6	31	56	977	986
6	31	57	977	986
6	31	58	977	986
6	49	59	977	986
6	49	60	977	986
6	49	61	977	986
6	49	62	977	986
6	31	63	977	986
6	31	64	977	986
6	31	65	977	986
6	31	66	977	986
6	35	67	977	986
6	35	68	977	986
6	51	69	977	986
6	51	70	977	986
6	51	71	977	986
6	51	72	977	986
6	51	73	977	986
6	51	74	977	986
6	51	75	977	986
6	51	76	977	986
6	51	77	977	986
6	51	78	977	986
6	51	79	977	986
6	51	80	977	986
6	8	81	977	986
6	8	82	977	986
6	8	83	977	986
6	8	84	985	990
6	8	85	989	990
6	8	86	989	990
6	11	87	989	990
6	11	88	989	990
6	11	89	989	990
6	11	90	989	990
6	23	91	989	990
6	23	92	989	990
6	23	93	989	990
6	29	94	989	990
6	29	95	989	990
6	29	96	989	990
6	29	97	989	990
6	29	98	989	990
6	29	99	989	990
6	29	100	989	990
6	38	101	989	990
6	38	102	989	990
6	38	103	989	990
6	38	104	989	990
6	38	105	989	990
6	38	106	989	990
6	38	107	989	990
6	38	108	989	990
6	38	109	989	990
6	38	110	989	990
6	38	111	989	990
6	30	112	989	990
6	30	113	989	990
6	30	114	989	990
6	30	115	989	990
6	3	116	989	990
6	3	117	989	990
6	3	118	989	990
6	3	119	989	990
6	3	120	989	990
6	3	121	989	990
6	3	122	989	990
6	11	123	989	990
6	11	124	989	990
6	11	125	989	990
6	11	126	989	990
6	11	127	989	990
6	11	128	989	990
6	11	129	989	990
6	11	130	989	990
6	11	131	989	990
6	52	132	989	990
6	52	133	989	990
6	52	134	989	990
6	52	135	989	990
6	52	136	989	990
6	52	137	989	990
6	24	138	989	990
6	24	139	989	990
6	24	140	989	990
6	24	141	989	990
6	24	142	989	990
6	24	143	989	990
6	18	144	989	990
6	18	145	989	990
6	18	146	989	990
6	18	147	989	990
6	18	148	989	990
6	18	149	989	990
6	18	150	989	990
6	23	151	989	990
6	23	152	989	990
6	23	153	989	990
6	23	154	989	990
6	23	155	989	990
6	23	156	989	990
6	23	157	989	990
6	23	158	989	990
6	23	159	989	990
6	23	160	989	990
6	11	161	989	990
6	11	162	989	990
6	11	163	989	990
6	11	164	989	990
6	11	165	989	990
6	12	166	989	990
6	12	167	989	990
6	12	168	989	990
6	12	169	989	990
6	12	170	989	990
6	12	171	989	990
6	12	172	989	990
6	12	173	989	990
6	40	174	989	990
6	40	175	989	990
6	40	176	989	990
6	40	177	989	990
6	40	178	989	990
6	40	179	989	990
6	32	180	989	990
6	32	181	989	990
6	32	182	989	990
6	32	183	989	990
6	32	184	989	990
6	32	185	989	990
6	32	186	989	990
6	32	187	989	990
6	53	188	989	990
6	53	189	989	990
6	53	190	989	990
6	53	191	989	990
6	53	192	989	990
6	53	193	989	990
6	42	194	989	990
6	42	195	989	990
6	42	196	989	990
6	42	197	989	990
6	42	198	989	990
6	42	199	989	990
6	42	200	989	990
6	12	206	989	990
6	12	207	989	990
6	12	208	989	990
6	12	209	989	990
6	12	210	989	990
6	12	211	989	990
6	12	212	989	990
6	12	213	989	990
6	12	214	989	990
6	52	215	989	990
6	52	216	989	990
6	52	217	989	990
6	52	218	989	990
6	52	219	989	990
6	12	220	989	990
6	12	221	989	990
6	12	222	989	990
6	12	223	989	990
6	12	224	989	990
6	12	225	989	990
6	12	226	989	990
6	12	227	989	990
6	37	228	989	990
6	37	229	989	990
6	37	230	989	990
6	37	231	989	990
6	37	232	989	990
6	37	233	989	990
6	37	234	989	990
6	37	235	989	990
6	37	236	989	990
6	16	237	989	990
6	16	238	989	990
6	16	239	989	990
6	30	240	989	990
6	30	241	989	990
6	30	242	989	990
6	30	243	989	990
6	30	244	989	990
6	30	245	989	990
6	54	246	989	990
6	54	247	989	990
6	54	248	989	990
6	54	249	989	990
6	29	250	989	990
6	29	251	989	990
6	29	252	989	990
6	29	253	989	990
6	29	254	989	990
6	29	255	989	990
6	3	256	989	990
6	3	257	989	990
6	3	258	989	990
6	3	259	989	990
6	3	260	989	990
6	55	261	989	990
6	55	262	989	990
6	55	263	989	990
6	55	264	989	990
6	55	265	989	990
6	55	266	989	990
6	19	272	989	990
6	19	273	989	990
6	19	274	989	990
6	23	279	989	990
6	23	280	989	990
6	23	281	989	990
6	23	282	989	990
6	19	283	989	990
6	19	284	989	990
6	19	285	989	990
6	19	286	989	990
6	19	287	989	990
6	19	288	989	990
6	19	289	989	990
7	23	1	989	990
7	23	2	989	990
7	23	3	989	990
7	23	4	989	990
7	23	5	989	990
7	23	6	989	990
7	23	7	989	990
7	36	8	989	990
7	36	9	989	990
7	36	10	989	990
7	36	11	989	990
7	51	12	989	990
7	51	13	989	990
7	51	14	989	990
7	51	15	989	990
7	51	16	989	990
7	13	17	989	990
7	13	18	989	990
7	13	19	989	990
7	13	20	989	990
7	13	21	989	990
7	13	22	989	990
7	13	23	989	990
7	52	24	989	990
7	52	25	989	990
7	52	26	989	990
7	52	27	989	990
7	52	28	989	990
7	23	29	989	990
7	23	30	989	990
7	23	31	989	990
7	23	32	989	990
7	23	33	989	990
7	23	34	989	990
7	26	35	989	990
7	26	36	989	990
7	26	37	992	993
7	26	38	992	993
7	26	39	992	993
7	50	40	992	993
7	50	41	992	993
7	50	42	992	993
7	49	43	992	993
7	49	44	992	993
7	49	45	992	993
7	49	46	992	993
7	49	47	992	993
7	49	48	992	993
7	24	55	992	993
7	24	56	992	993
7	24	57	992	993
7	24	58	992	993
7	8	59	992	993
7	8	60	992	993
7	8	61	992	993
7	20	75	992	993
7	20	76	992	993
7	20	77	992	993
7	20	78	992	993
7	20	79	992	993
7	8	80	992	993
7	8	81	992	993
7	8	82	992	993
7	8	83	992	993
7	8	84	992	993
7	40	85	992	993
7	40	86	992	993
7	40	87	992	993
7	40	88	992	993
7	40	89	992	993
7	40	90	992	993
7	8	99	992	993
7	8	100	992	993
7	8	101	992	993
7	8	102	992	993
7	8	103	992	993
7	19	132	992	993
7	19	133	992	993
7	19	134	992	993
7	28	135	992	993
7	28	136	992	993
7	28	137	992	993
7	28	138	992	993
7	56	153	992	993
7	56	154	992	993
7	56	155	992	993
7	56	156	992	993
7	56	157	992	993
7	56	158	992	993
7	52	159	992	993
7	52	160	992	993
7	52	161	992	993
7	52	162	992	993
7	0	164	992	993
7	0	165	992	993
7	0	166	992	993
7	0	167	992	993
7	0	168	992	993
7	8	169	992	993
7	8	170	992	993
7	8	171	992	993
7	8	172	992	993
7	8	173	992	993
8	28	1	992	995
8	28	2	994	996
8	28	3	995	997
8	28	4	996	997
8	28	5	996	998
8	28	6	997	998
8	28	7	997	999
8	28	8	998	1000
8	28	9	999	1001
8	31	10	1000	1002
8	31	11	1001	1003
8	31	12	1002	1004
8	31	13	1003	1006
8	31	14	1006	1007
8	31	15	1007	1008
8	27	16	1007	1010
8	27	17	1010	1011
8	27	18	1011	1012
8	27	19	1011	1012
8	27	20	1012	1013
8	46	21	1012	1014
8	46	22	1013	1015
8	46	23	1014	1016
8	46	24	1015	1017
8	46	25	1016	1017
8	47	26	1016	1018
8	47	27	1017	1020
8	47	28	1019	1020
8	47	29	1019	1021
8	27	30	1020	1022
8	27	31	1021	1025
8	27	32	1024	1027
8	27	33	1026	1028
8	3	34	1027	1030
8	3	35	1029	1031
8	3	36	1030	1032
8	3	37	1031	1033
8	4	38	1032	1036
8	4	39	1035	1037
8	4	40	1036	1037
8	4	41	1036	1038
8	13	42	1037	1039
8	13	43	1038	1039
8	13	44	1039	1040
8	13	45	1039	1041
8	13	46	1040	1042
8	13	47	1042	1043
8	39	48	1042	1044
8	39	49	1043	1045
8	39	50	1044	1045
8	39	51	1044	1045
8	39	52	1044	1046
8	39	53	1045	1046
8	49	54	1045	1047
8	49	55	1046	1048
8	49	56	1047	1049
8	49	57	1048	1050
8	49	58	1049	1050
8	3	59	1049	1051
8	3	60	1050	1053
8	3	61	1052	1054
8	3	62	1053	1057
8	12	63	1056	1057
8	12	64	1056	1059
8	12	65	1058	1059
8	12	66	1058	1061
8	12	67	1060	1062
8	12	68	1061	1063
8	12	69	1062	1063
8	29	70	1062	1063
8	29	71	1062	1064
8	29	72	1063	1064
8	29	73	1063	1065
8	29	74	1064	1066
8	29	75	1065	1067
8	29	76	1066	1067
8	29	77	1066	1068
8	6	78	1067	1069
8	6	79	1068	1069
8	6	80	1068	1069
8	6	81	1068	1069
8	6	82	1068	1070
8	12	83	1069	1071
8	12	84	1070	1071
8	12	85	1070	1072
8	12	86	1071	1073
8	12	87	1072	1073
8	12	88	1072	1073
8	12	89	1072	1073
8	12	90	1072	1073
8	31	91	1072	1075
8	31	92	1074	1077
8	31	93	1076	1078
8	31	94	1077	1080
8	31	95	1079	1082
8	19	96	1081	1082
8	19	97	1081	1083
8	19	98	1082	1083
8	19	99	1082	1084
8	19	100	1083	1085
8	19	101	1084	1087
8	2	102	1086	1087
8	2	103	1086	1088
8	2	104	1087	1088
8	2	105	1087	1091
8	2	106	1090	1092
8	2	107	1091	1093
8	57	108	1092	1094
8	57	109	1094	1097
8	57	110	1096	1101
8	57	111	1100	1101
8	31	112	1100	1102
8	31	113	1101	1103
8	31	114	1102	1105
8	31	115	1104	1106
8	31	116	1105	1107
8	31	117	1106	1108
8	31	118	1107	1109
8	8	119	1108	1110
8	8	120	1110	1112
8	8	121	1111	1113
8	8	122	1113	1115
8	8	123	1114	1115
8	8	124	1115	1116
8	8	125	1116	1118
8	8	126	1117	1118
8	8	127	1117	1118
8	8	128	1117	1118
8	28	129	1117	1120
8	28	130	1119	1121
8	28	131	1120	1122
8	28	132	1121	1123
8	28	133	1122	1124
8	46	134	1123	1126
8	46	135	1125	1127
8	46	136	1126	1128
8	46	137	1127	1129
8	46	138	1128	1130
8	46	139	1129	1131
8	19	140	1130	1133
8	19	141	1132	1133
8	19	142	1132	1135
8	19	143	1134	1136
8	19	144	1135	1137
8	19	145	1136	1138
8	19	146	1137	1139
8	19	147	1138	1139
8	19	148	1138	1139
8	5	149	1138	1140
8	5	150	1139	1141
8	5	151	1140	1142
8	5	152	1141	1143
8	5	153	1142	1144
8	5	154	1143	1145
8	5	155	1144	1146
8	5	156	1145	1147
8	5	157	1146	1149
8	8	158	1148	1149
8	8	159	1148	1149
8	8	160	1149	1152
8	8	161	1152	1154
8	8	162	1154	1156
8	8	163	1156	1158
8	8	164	1158	1159
8	8	165	1158	1162
8	45	166	1161	1162
8	45	167	1161	1163
8	45	168	1162	1164
8	45	169	1163	1167
8	45	170	1166	1170
8	45	171	1169	1171
8	5	172	1170	1172
8	5	173	1171	1173
8	5	174	1172	1174
8	5	175	1173	1175
8	5	176	1174	1176
8	5	177	1175	1177
8	5	178	1176	1178
8	5	179	1177	1179
8	5	180	1178	1180
8	20	181	1179	1181
8	20	182	1180	1181
8	20	183	1180	1181
8	20	184	1180	1182
8	20	185	1181	1183
8	20	186	1182	1183
8	20	187	1182	1183
8	20	188	1182	1183
8	20	189	1182	1183
8	20	190	1182	1183
8	20	191	1182	1183
8	53	192	1182	1183
8	53	193	1182	1183
8	53	194	1182	1184
8	53	195	1183	1185
8	53	196	1184	1187
8	53	197	1186	1188
8	53	198	1187	1188
8	53	199	1187	1189
8	53	200	1188	1191
8	39	201	1190	1194
8	39	202	1193	1196
8	39	203	1195	1197
8	39	204	1196	1198
8	39	205	1197	1199
8	39	206	1198	1200
8	39	207	1199	1201
8	15	208	1200	1202
8	15	209	1201	1202
8	15	210	1201	1203
8	15	211	1202	1204
8	15	212	1203	1205
8	15	213	1204	1206
8	3	214	1205	1207
8	3	215	1206	1208
8	3	216	1207	1209
8	3	217	1208	1210
8	3	218	1209	1211
8	3	219	1210	1212
8	3	220	1211	1212
8	3	221	1211	1213
8	27	222	1212	1214
8	27	223	1213	1215
8	27	224	1214	1217
8	27	225	1216	1218
8	27	226	1217	1219
8	58	227	1218	1220
8	58	228	1219	1222
8	58	229	1221	1222
8	58	230	1221	1223
8	58	231	1222	1224
8	58	232	1223	1225
8	13	236	1229	1233
8	13	237	1234	1237
8	13	238	1236	1238
8	13	239	1239	1241
8	13	240	1240	1242
8	19	241	1241	1243
8	19	242	1242	1245
8	19	243	1244	1247
8	19	244	1246	1249
8	19	245	1248	1250
8	19	246	1249	1251
8	45	247	1250	1253
8	45	248	1252	1254
8	45	249	1253	1256
8	45	250	1255	1257
8	45	251	1256	1259
8	59	252	1258	1261
8	59	253	1260	1262
8	59	254	1261	1263
8	59	255	1262	1264
8	59	256	1263	1265
8	59	257	1264	1266
8	58	258	1265	1267
8	58	259	1266	1268
8	58	260	1267	1269
8	58	261	1268	1271
8	29	262	1270	1272
8	29	263	1271	1273
8	29	264	1272	1275
8	29	265	1274	1275
8	29	266	1274	1275
8	29	267	1274	1275
8	8	268	1274	1275
8	8	269	1274	1275
8	8	270	1274	1279
8	8	271	1278	1281
8	8	272	1280	1282
8	5	273	1281	1283
8	5	274	1282	1284
8	5	275	1283	1285
8	5	276	1284	1285
8	5	277	1284	1285
8	5	278	1284	1286
8	5	279	1285	1287
8	5	280	1286	1288
8	2	281	1287	1290
8	2	282	1289	1291
8	2	283	1290	1291
8	2	284	1290	1294
8	40	290	1296	1297
8	40	291	1296	1298
8	40	292	1297	1300
9	14	1	1299	1300
9	14	2	1299	1300
9	14	3	1299	1300
9	14	4	1299	1300
9	14	5	1299	1300
9	14	6	1299	1300
9	14	7	1299	1300
9	14	8	1299	1300
9	14	9	1299	1300
9	14	10	1299	1300
9	60	11	1299	1300
9	60	12	1299	1300
9	60	13	1299	1300
9	60	14	1299	1300
9	60	15	1299	1300
9	60	16	1299	1300
9	60	17	1299	1300
9	60	18	1300	1301
9	60	19	1300	1301
9	60	20	1300	1301
9	60	21	1300	1301
9	60	22	1300	1302
9	60	23	1301	1302
9	60	24	1301	1302
9	60	25	1301	1302
9	60	26	1301	1302
9	60	27	1301	1302
9	50	28	1301	1302
9	50	29	1301	1302
9	50	30	1301	1302
9	50	31	1301	1302
9	52	32	1301	1302
9	52	33	1301	1302
9	52	34	1301	1302
9	52	35	1301	1302
9	52	36	1301	1302
9	60	37	1301	1302
9	60	38	1301	1302
9	60	39	1301	1302
9	37	40	1301	1302
9	37	41	1301	1302
9	37	42	1301	1302
9	37	43	1301	1302
9	37	44	1301	1302
9	37	45	1301	1302
9	26	46	1301	1302
9	26	47	1301	1302
9	26	48	1301	1302
9	26	49	1301	1302
9	26	50	1301	1302
9	11	51	1301	1302
9	11	52	1301	1302
9	11	53	1301	1302
9	52	54	1301	1302
9	52	55	1301	1302
9	52	56	1301	1302
9	52	57	1301	1302
9	52	58	1301	1302
9	52	59	1301	1302
9	49	60	1301	1302
9	49	61	1301	1302
9	49	62	1301	1302
9	49	63	1301	1302
9	49	64	1301	1302
9	10	65	1301	1302
9	10	66	1301	1302
9	10	67	1301	1302
9	52	68	1301	1302
9	52	69	1301	1302
9	52	70	1301	1302
9	52	71	1301	1302
9	52	72	1301	1318
9	19	73	1317	1318
9	19	74	1317	1318
9	19	75	1317	1318
9	19	76	1317	1318
9	19	77	1317	1318
9	14	78	1317	1318
9	14	79	1317	1318
9	14	80	1317	1318
9	14	81	1317	1318
9	14	82	1317	1318
9	11	83	1317	1318
9	11	84	1317	1318
9	11	85	1317	1318
9	11	86	1317	1318
9	11	87	1317	1318
9	11	88	1317	1318
9	49	89	1317	1318
9	49	90	1317	1318
9	49	91	1317	1318
9	49	92	1317	1318
9	49	93	1317	1318
9	49	94	1317	1318
9	49	95	1317	1318
9	52	96	1317	1318
9	52	97	1317	1318
9	52	98	1317	1318
9	52	99	1317	1318
9	52	100	1317	1318
9	52	101	1317	1318
9	11	102	1317	1318
9	11	103	1317	1318
9	11	104	1317	1318
9	11	105	1317	1318
9	11	106	1317	1318
9	11	107	1317	1318
9	11	108	1317	1318
9	55	109	1317	1318
9	55	110	1317	1318
9	55	111	1317	1318
9	55	112	1317	1318
9	61	113	1317	1318
9	61	114	1317	1318
9	61	115	1317	1318
9	61	116	1317	1318
9	61	117	1317	1318
9	61	118	1317	1318
9	61	119	1317	1318
9	61	120	1317	1318
9	2	121	1317	1318
9	2	122	1317	1318
9	2	123	1317	1318
9	14	124	1317	1318
9	14	125	1317	1318
9	14	126	1317	1318
9	14	127	1317	1318
9	12	128	1319	1320
9	12	129	1319	1320
9	12	130	1319	1320
9	12	131	1319	1320
9	12	132	1319	1320
9	12	133	1319	1320
9	12	134	1319	1320
9	12	135	1319	1320
9	12	136	1319	1320
9	12	137	1319	1336
9	61	138	1335	1336
9	61	139	1335	1336
9	61	140	1335	1336
9	61	141	1335	1336
9	61	142	1335	1336
9	61	143	1335	1336
9	61	144	1335	1336
9	61	145	1335	1336
9	53	146	1335	1336
9	53	147	1335	1336
9	53	148	1335	1336
9	53	149	1335	1336
9	53	150	1335	1336
9	53	151	1335	1336
9	46	152	1335	1336
9	46	153	1335	1336
9	46	154	1335	1336
9	46	155	1335	1336
9	0	156	1335	1336
9	0	157	1335	1336
9	18	158	1335	1336
9	18	159	1335	1336
9	18	160	1335	1336
9	18	161	1335	1336
9	18	162	1335	1336
9	18	163	1335	1336
9	18	164	1335	1336
9	18	165	1335	1336
9	62	166	1335	1336
9	62	167	1335	1336
9	62	168	1335	1336
9	62	169	1335	1336
9	62	170	1335	1336
9	62	171	1335	1336
9	62	172	1335	1336
9	62	173	1335	1336
9	45	174	1335	1336
9	45	175	1335	1336
9	45	176	1335	1336
9	45	177	1335	1336
9	30	178	1335	1336
9	30	179	1335	1336
9	30	180	1335	1336
9	30	181	1335	1336
9	30	182	1335	1336
9	30	183	1335	1336
9	29	184	1335	1336
9	29	185	1335	1336
9	29	186	1335	1336
9	29	187	1335	1336
9	29	188	1335	1336
9	29	189	1335	1336
9	29	190	1335	1336
9	48	191	1335	1336
9	48	192	1335	1336
9	48	193	1335	1336
9	48	194	1335	1336
9	48	195	1335	1336
9	48	196	1335	1336
9	14	197	1335	1336
9	14	198	1335	1336
9	14	199	1335	1336
9	14	200	1335	1336
9	14	201	1335	1336
9	14	202	1335	1336
9	14	203	1335	1336
9	14	204	1335	1336
9	14	205	1335	1336
9	14	206	1335	1336
9	14	207	1335	1336
9	14	208	1335	1336
9	55	209	1335	1336
9	55	210	1335	1336
9	55	211	1335	1336
9	55	212	1335	1336
9	55	213	1335	1336
9	55	214	1335	1336
9	55	215	1335	1336
9	55	216	1335	1336
9	55	217	1335	1336
9	2	218	1335	1336
9	2	219	1335	1336
9	2	220	1335	1336
9	2	221	1335	1336
9	55	222	1335	1336
9	55	223	1335	1336
9	55	224	1335	1336
9	55	225	1335	1336
9	55	226	1335	1336
9	55	227	1335	1336
9	63	228	1335	1336
9	63	229	1335	1336
9	63	230	1335	1336
9	63	231	1335	1336
9	63	232	1335	1336
9	63	233	1335	1336
9	63	234	1335	1336
9	24	235	1335	1336
9	24	236	1335	1336
9	24	237	1335	1336
9	24	238	1335	1336
9	24	239	1335	1336
9	8	240	1335	1336
9	8	241	1335	1336
9	8	242	1335	1336
9	8	243	1335	1336
9	8	244	1335	1336
9	11	245	1335	1336
9	11	246	1335	1336
9	11	247	1335	1336
9	11	248	1335	1336
9	2	256	1335	1336
9	2	257	1335	1336
9	2	258	1335	1336
9	2	259	1335	1336
9	2	260	1335	1336
9	2	261	1335	1336
9	14	262	1335	1336
9	14	263	1335	1336
9	14	264	1335	1336
9	14	265	1335	1336
9	14	266	1335	1336
9	14	267	1335	1336
9	14	268	1335	1336
9	14	269	1335	1336
9	8	271	1339	1340
9	11	272	1339	1340
9	11	273	1339	1340
9	11	274	1339	1340
9	11	275	1339	1340
9	11	276	1339	1340
