0	0	1	-1	353183
0	0	2	353720	549554
0	0	3	561474	579746
0	0	4	581521	676475
0	0	5	687821	689127
0	0	6	695519	706040
0	0	7	729154	893208
0	1	8	896904	1113333
0	1	9	1115230	1160881
0	1	10	1164530	1397713
0	1	11	1399827	1655810
0	1	12	1658518	1678309
0	1	13	1680989	1941955
0	0	14	1943628	2201887
0	0	15	2204872	2466210
0	0	16	2479243	2712754
0	0	17	2715263	2734218
0	0	18	2735381	2745881
0	0	19	2748912	2987535
0	2	20	2989735	2989736
0	2	21	3005557	3250171
0	2	22	3251370	3495286
0	2	23	3496285	3511112
0	2	24	3513532	3582959
0	2	25	3586717	3780187
0	2	26	3781047	4059468
0	3	27	4060994	4311501
0	3	28	4311690	4669981
0	3	29	4671528	4823672
0	3	30	4824142	5124578
0	4	31	5125895	5134170
0	4	32	5152493	5410932
0	4	33	5412043	5659900
0	4	34	5661913	5905563
0	4	35	5907522	5922086
0	4	36	5923200	6182830
0	5	37	6183271	6493882
0	5	38	6494404	6773805
0	5	39	6781009	6788154
0	5	40	6788882	6876774
0	5	41	6878544	7083086
0	5	42	7083493	7178042
0	6	43	7178420	7182881
0	6	44	7183759	7476825
0	6	45	7481997	7777122
0	6	46	7780133	7792741
0	6	47	7794548	8135431
0	7	48	8143014	8461129
0	7	49	8461743	8530660
0	7	50	8531037	8771462
0	7	51	8771554	8840837
0	7	52	8843648	9006130
0	7	53	9006545	9087996
0	8	54	9095181	9095502
0	8	55	9111863	9422044
0	8	56	9438029	9748426
0	8	57	9753607	10090335
0	8	58	10098592	10102774
0	8	59	10105360	10121523
0	9	60	10124003	10124298
0	9	61	10137402	10402549
0	9	62	10405999	10429230
0	9	63	10432118	11144800
0	10	70	12286919	12926242
0	10	71	12927674	12943502
0	10	72	12945992	13365442
0	11	73	13365792	13365793
0	11	74	13379649	13714513
0	11	75	13716179	14455170
0	12	76	14457481	14737088
0	12	77	14740364	15459037
0	12	78	15462384	15485135
0	3	79	15486596	15751183
0	3	80	15753161	15792658
0	3	81	15792700	16023336
0	3	82	16023721	16267055
0	3	83	16267284	16539341
0	13	84	16541524	16541816
0	13	85	16573478	16820504
0	13	86	16821089	17108174
0	13	87	17109242	17370605
0	13	88	17374582	17626456
0	14	89	17626461	17626462
0	14	90	17646928	17899903
0	14	91	17912390	18008030
0	14	92	18012046	18173537
0	14	93	18175523	18569061
0	12	94	18571607	18571919
0	12	95	18590576	18635364
0	12	96	18637976	18854607
0	12	97	18858379	19162749
0	12	98	19166487	19466616
0	12	99	19469643	19547778
0	12	100	19551414	19567855
0	15	101	19571530	19809691
0	15	102	19811343	20067187
0	15	103	20068345	20201687
0	15	104	20204163	20282377
0	15	105	20285969	20334863
0	15	106	20335559	20483309
0	15	107	20485869	20504638
0	5	108	20506636	20523897
0	5	109	20524901	20634818
0	5	110	20636465	20763288
0	5	111	20764310	20964031
0	5	112	20967788	21039713
0	5	113	21040992	21272866
0	5	114	21274591	21369607
0	13	115	21370189	21758810
0	13	116	21759524	21897132
0	13	117	21897601	22179187
0	13	118	22179850	22279877
0	13	119	22280163	22311863
0	13	120	22314228	22327179
0	16	121	22332127	22583072
0	16	122	22583274	22703715
0	16	123	22705748	22843639
0	16	124	22844110	23102315
0	16	125	23102786	23126001
0	16	126	23126576	23136401
0	16	127	23136968	23136989
0	16	128	23152280	23296417
0	17	129	23296787	23296925
0	17	130	23313108	23571967
0	17	131	23577590	23816401
0	17	132	23818190	24014064
0	17	133	24016107	24016604
0	17	134	24019671	24117829
0	17	135	24119773	24419688
0	18	136	24434131	24701973
0	18	137	24702154	24703867
0	18	138	24730421	24979680
0	18	139	24981739	25106491
0	18	140	25108728	25145824
0	18	141	25146687	25349988
0	18	142	25358065	25370282
0	3	143	25371986	25598720
0	3	144	25599735	25724406
0	3	145	25728990	25955732
0	3	146	25956356	26440467
0	19	147	26444794	26569967
0	19	148	26570203	26797395
0	19	149	26797833	26926862
0	19	150	26927208	27039319
0	19	151	27039679	27160127
0	19	152	27163712	27163713
0	19	153	27191021	27412703
0	20	154	27413240	27413241
0	20	155	27447090	27825652
0	20	156	27844590	27962356
0	20	157	27963421	28206895
0	20	158	28208444	28328016
0	20	159	28341888	28455338
0	20	160	28458322	28459570
0	20	161	28481033	28497756
0	18	162	28498335	28606797
0	18	163	28609975	28964566
0	18	164	28965844	29177900
0	18	165	29179360	29404730
0	18	166	29406213	29527917
0	18	167	29541549	29558411
0	18	168	29561928	29577024
0	21	169	29580592	29580593
0	21	170	29587786	29711955
0	21	171	29714262	29830861
0	21	172	29833127	30037136
0	21	173	30041103	30095263
0	21	174	30096200	30335876
0	21	175	30344016	30510927
0	15	176	30511750	30657794
0	15	177	30660061	30775410
0	15	178	30777205	31010837
0	15	179	31011481	31041383
0	15	180	31044578	31134498
0	15	181	31135664	31253545
0	15	182	31254266	31254267
0	15	183	31268026	31499516
0	13	184	31504363	31834580
0	13	185	31834978	32057474
0	13	186	32058091	32170571
0	13	187	32193603	32301404
0	13	188	32316800	32409895
0	13	189	32412262	32543205
0	19	190	32545543	32589993
0	19	191	32590453	32680452
0	19	192	32681137	32903332
0	19	193	32903500	33079818
0	19	194	33080046	33147825
0	19	195	33148143	33595180
0	13	196	33595489	33844288
0	13	197	33845330	34078773
0	13	198	34080182	34330442
0	13	199	34333499	34700103
0	19	200	34701964	34967320
0	19	201	34967536	35222149
0	19	202	35222519	35236385
0	19	203	35236794	35722560
0	22	204	35722964	35983290
0	22	205	35984211	36076453
0	22	206	36077750	36232715
0	22	207	36233313	36254866
0	22	208	36255527	36505166
0	22	209	36505686	36740066
0	22	210	36740749	36754017
0	23	211	36754507	37018276
0	23	212	37020244	37122952
0	23	213	37124819	37264182
0	23	214	37266818	37338996
0	23	215	37344524	37347298
0	23	216	37349504	37742903
0	23	217	37744014	37799376
0	0	218	37799898	37813016
0	0	219	37815238	38319785
0	0	220	38321431	38396438
0	0	221	38399283	38724247
0	22	222	38727322	38839252
0	22	223	38843042	38994387
0	22	224	38996912	39236963
0	22	225	39241497	39342644
0	22	226	39345180	39363404
0	22	227	39366719	39381786
0	22	228	39385626	39472362
0	24	229	39472862	39770615
0	24	230	39774839	39972494
0	24	231	39975588	40243533
0	24	232	40246398	40267667
0	24	233	40273560	40543583
0	4	234	40547953	40778053
0	4	235	40786524	40886181
0	4	236	40888123	41024160
0	4	237	41025716	41037113
0	4	238	41038475	41279719
0	4	239	41281513	41324696
0	4	240	41342532	41344804
0	4	241	41370910	41391555
0	25	242	41392619	41733569
0	25	243	41735850	42135821
0	22	244	42140733	42494810
0	22	245	42497818	42576092
0	22	246	42578998	42858551
0	22	247	42860889	42874919
0	22	248	42876447	42889512
0	22	249	42893025	42893686
0	22	250	42896711	43155929
0	26	251	43157523	43162540
0	26	252	43174972	43500107
0	26	253	43500265	43582882
0	26	254	43583299	43817842
0	26	255	43818133	43832412
0	26	256	43832929	44159026
0	26	257	44159146	44250223
0	27	266	45130383	45202066
0	27	267	45203697	45324557
0	27	268	45327024	45332735
0	27	269	45370027	45376882
0	27	270	45392281	45435153
0	27	271	45453706	45475712
0	27	272	45478523	46013539
0	27	273	46017205	46349727
0	3	274	46351835	46677094
0	3	275	46700833	46731317
0	3	276	46733228	46824788
0	3	277	46837046	47056895
0	3	278	47058499	47381513
0	3	279	47398721	47423767
0	28	280	47430757	47430758
0	28	281	47431019	47754604
0	28	282	47754914	47787403
0	28	283	47787553	48091102
0	28	284	48091829	48437877
0	28	285	48439156	48439678
0	28	286	48441601	48453380
0	29	287	48456322	48496066
0	29	288	48497924	48786709
0	29	289	48789270	49107181
0	29	290	49110640	49144715
0	29	291	49146355	49218109
0	29	292	49220960	49345821
0	29	293	49349031	49474463
0	30	294	49477060	49480174
0	30	295	49493415	49825904
0	30	296	49826323	49856353
0	30	297	49858560	50187440
0	30	298	50187750	50222977
1	31	4	50434132	50640361
1	31	5	50645017	50778657
1	31	6	50779179	50972270
1	31	7	50974244	51159797
1	31	8	51160916	51208633
1	31	9	51222725	51356563
1	27	10	51357936	51608902
1	27	11	51609934	51853911
1	27	12	51856821	51901896
1	27	13	51904492	52312738
1	27	14	52315447	52373493
1	30	15	52374312	52374313
1	30	16	52389774	52629953
1	30	17	52630950	52892104
1	30	18	52893817	52910691
1	30	19	52913543	53151414
1	30	20	53152741	53375110
1	29	31	55426416	55937331
1	29	32	55938064	56011128
1	29	33	56012629	56146032
1	29	34	56148409	56228298
1	29	35	56229051	56431597
1	29	36	56434644	56479857
1	3	37	56481787	56481788
1	3	38	56499918	56808081
1	3	39	56809056	56940978
1	3	40	56943153	57127006
1	3	41	57128460	57160188
1	3	42	57166737	57514927
1	32	43	57516325	57823535
1	32	44	57825987	57926080
1	32	45	57928767	58125423
1	32	46	58128700	58347656
1	32	47	58350352	58429017
1	32	48	58429530	58441085
1	32	49	58444041	58456097
1	29	53	59431008	59508491
1	10	59	60551664	60886153
1	10	60	60898791	61598109
1	33	73	63729337	64439925
1	33	74	64442349	64630917
1	33	75	64633502	64872045
1	33	76	64873682	64873987
1	33	77	64895651	65212335
1	33	78	65215310	65930397
1	17	79	65932043	66087087
2	2	1	66090218	66266458
2	2	2	66267044	66435445
2	2	3	66436332	66596470
2	2	4	66597156	66759784
2	2	5	66759899	66846236
2	2	6	66847468	67096061
2	2	7	67096754	67325444
2	2	8	67325980	67351371
2	2	9	67352347	67416841
2	2	10	67421358	67566841
2	2	11	67567507	67799604
2	2	12	67800653	67870172
2	34	13	67871607	68116704
2	34	14	68118198	68130215
2	34	15	68130493	68369362
2	34	16	68370963	68468739
2	34	17	68471581	68618273
2	34	18	68618581	68802231
2	34	19	68804106	68866054
2	34	20	68869104	69123773
2	34	21	69124081	69365695
2	34	22	69365984	69471450
2	34	23	69472575	69472601
2	34	24	69481809	69632820
2	34	25	69633134	69892960
2	34	26	69893604	70140701
2	34	27	70141010	70373635
2	34	28	70374414	70387084
2	34	29	70389908	70625022
2	34	30	70625658	70881115
2	35	31	70881865	71142399
2	35	32	71143677	71613654
2	35	33	71615088	71628914
2	35	34	71631425	71645286
2	35	35	71647657	71886661
2	36	36	71887024	71992507
2	36	37	71993368	72211628
2	36	38	72212375	72521616
2	36	39	72522860	72534430
2	36	40	72535861	72638366
2	36	41	72639868	72858808
2	8	42	72859139	72859140
2	8	43	72877465	73177441
2	8	44	73187041	73478898
2	8	45	73482730	73887778
2	5	46	73890097	73956818
2	5	47	73957894	74195863
2	5	48	74196311	74588619
2	5	49	74589561	74801093
2	5	50	74801917	74824241
2	10	51	74824508	75128299
2	10	52	75128879	75129286
2	10	53	75151928	75450765
2	10	54	75452487	75772297
2	5	55	75772631	75838785
2	5	56	75839674	76087878
2	5	57	76088559	76264127
2	5	58	76275223	76757395
2	5	59	76758378	76770212
2	2	60	76770748	77526072
2	2	61	77528143	77607592
2	2	62	77610166	77865808
2	14	63	77866847	77866848
2	30	64	77870482	77871899
2	30	65	77893457	78136607
2	30	66	78138104	78426805
2	30	67	78427251	78645407
2	30	68	78647292	78862838
2	2	69	78864927	78905278
2	2	70	78905281	78907457
2	2	71	78909847	79189278
2	2	72	79191193	79762038
2	2	73	79763486	79934848
2	2	74	79936100	80181643
2	2	75	80181832	80420502
2	2	76	80420890	80565022
2	2	77	80566414	80616541
2	2	78	80617343	80731730
2	2	79	80733630	80913646
2	2	80	80913770	80915773
2	2	81	80917383	80941161
2	19	82	80941826	81198309
2	19	83	81198799	81244260
2	19	84	81245263	81448003
2	19	85	81448242	81685383
2	19	86	81685794	81916224
2	37	87	81923372	82172331
2	37	88	82174625	82288664
2	37	89	82289526	82434506
2	37	90	82435802	82676030
2	37	91	82677365	82715338
2	37	92	82717134	82941780
2	31	93	82942425	83197195
2	31	94	83198376	83307974
2	5	95	83309138	83549618
2	5	96	83550757	83680456
2	5	97	83681152	83681892
2	5	98	83682805	83695827
2	28	99	83696304	83937604
2	28	100	83937721	84172108
2	28	101	84172283	84405932
2	27	102	84406191	84459068
2	27	103	84469599	84686621
2	27	104	84687784	85107724
2	27	105	85109194	85222779
2	27	106	85223853	85474375
2	19	107	85476317	85836652
2	19	108	85837564	85966906
2	19	109	85967253	86214741
2	19	110	86214975	86226571
2	19	111	86226812	86472291
2	8	112	86472581	86740766
2	8	113	86741076	86876608
2	8	114	86877387	87259791
2	8	115	87261088	87477457
2	8	116	87480869	87535495
2	8	117	87536772	87804064
2	8	118	87806690	87860402
2	8	119	87863494	88085624
2	8	120	88088434	88201021
2	8	121	88203780	88311795
2	8	122	88321700	88437505
2	8	123	88446945	88579820
2	38	124	88581251	88929779
2	38	125	88930321	89147665
2	38	126	89148523	89479357
2	38	127	89480444	89591562
2	38	128	89591980	89616989
2	39	129	89618062	90000996
2	39	130	90001541	90222399
2	39	131	90223200	90351377
2	39	132	90352621	90450434
2	39	133	90450690	90561351
2	40	134	90563627	90567374
2	40	135	90582608	90802802
2	40	136	90803824	90916061
2	40	137	90916751	91032803
2	40	138	91032953	91143276
2	40	139	91143803	91254213
2	40	140	91254437	91364676
2	40	141	91364848	91468805
2	40	142	91469120	91481185
2	41	143	91481422	91594468
2	41	144	91594808	91703666
2	41	145	91705117	91818866
2	41	146	91819665	91925972
2	41	147	91927182	92039273
2	41	148	92040496	92154163
2	41	149	92155135	92273088
2	41	150	92274093	92283627
2	41	151	92284963	92396118
2	17	152	92398928	92491421
2	17	153	92513747	92539627
2	39	154	92543334	92765613
2	39	155	92767172	92767173
2	39	156	92776656	93000531
2	39	157	93025867	93025868
2	39	158	93033608	93145116
2	39	159	93146513	93264792
2	39	160	93266667	93378232
2	5	165	94483827	94483828
2	5	166	94497581	94816681
2	5	167	94816949	94926385
2	5	168	94926597	95031124
2	5	169	95031297	95141907
2	5	170	95142200	95250803
2	5	171	95250960	95355596
2	5	172	95355989	95486454
2	42	181	96551488	96814798
2	42	182	96815933	96859026
2	42	183	96860668	97069400
2	42	184	97070581	97321306
2	42	185	97322912	97462295
2	22	186	97463607	97720686
2	22	187	97721893	97975141
2	22	188	97976066	98044538
2	22	189	98045776	98298814
2	22	190	98299097	98401841
2	43	204	100423045	100833856
2	43	205	100835854	100947903
2	43	206	100949405	101420321
2	43	207	101421205	101433949
3	38	1	103390580	103390581
3	38	2	103391752	103698075
3	38	3	103699083	103892160
3	38	4	103893169	104072946
3	38	5	104073473	104108275
3	38	6	104108611	104133930
3	38	7	104137933	104235100
3	26	8	104237352	104496438
3	26	9	104497006	104619899
3	26	10	104621078	104808404
3	26	11	104809680	105010853
3	26	12	105011658	105246102
3	36	13	105246514	105297737
3	36	14	105299123	105509727
3	36	15	105510048	105751420
3	36	16	105751426	105989596
3	36	17	105989741	106150733
3	36	18	106151469	106241981
3	37	19	106243904	106392557
3	37	20	106397562	106531020
3	37	21	106532113	106755107
3	37	22	106756375	106807296
3	37	23	106809650	107290881
3	37	24	107292540	107664365
3	37	25	107667068	107815474
3	37	26	107818895	108294743
3	36	27	108296321	108355260
3	36	28	108356557	108575999
3	36	29	108577057	108819876
3	36	30	108822409	109096588
3	36	31	109098414	109110159
3	36	32	109114283	109382939
3	10	33	109383193	109383194
3	10	34	109386888	109692771
3	10	35	109693905	109708220
3	10	36	109713580	110044043
3	10	37	110046535	110048576
3	39	38	110050289	110379818
3	39	39	110381902	110686498
3	39	40	110689230	110702014
3	39	41	110705535	111023498
3	39	42	111026234	111040453
3	44	43	111042141	111975650
3	44	44	111977011	111993727
3	36	45	111995622	112068275
3	36	46	112069926	112327020
3	36	47	112328318	112660242
3	36	48	112660828	113034133
3	45	49	113035783	113711091
3	45	50	113715091	114226896
3	38	51	114228623	114551711
3	38	52	114554123	114811906
3	38	53	114813557	114829887
3	38	54	114832778	115314145
3	29	55	115315575	116029534
3	29	56	116042935	116061085
3	29	57	116065934	116414184
3	38	58	116416575	117084697
3	38	59	117087003	117478940
3	38	60	117481301	117482145
3	38	61	117484271	117551209
3	30	62	117555988	117884879
3	30	63	117891260	118152333
3	30	64	118152843	118494383
3	30	65	118496483	118584175
3	30	66	118587909	118587910
3	45	67	118588160	118588161
3	45	68	118606918	118653467
3	45	69	118654981	118878968
3	45	70	118881795	119134251
3	45	71	119137154	119410629
3	45	72	119413655	119428490
3	45	73	119431912	119682261
3	11	74	119683316	119683317
3	11	75	119724113	119765397
3	11	76	119772002	119990081
3	11	77	119992591	120104661
3	11	78	120110750	120359507
3	11	79	120447756	120449940
3	11	80	120459942	120616406
3	11	81	120620672	120623472
3	11	82	120626836	120647532
3	26	83	120651095	120909122
3	26	84	120910009	121027499
3	26	85	121028702	121157955
3	26	86	121158878	121404386
3	26	87	121405381	121666020
3	26	88	121667360	121680727
3	29	89	121681914	121741617
3	29	90	121744050	121963231
3	29	91	121966232	122289967
3	29	92	122291517	122497199
3	29	93	122501836	122659668
3	37	94	122678674	122934738
3	37	95	122944180	123070955
3	37	96	123072984	123201053
3	37	97	123203234	123445962
3	37	98	123447996	123701531
3	30	99	123703343	123970352
3	30	100	123970812	124218581
3	30	101	124219177	124503746
3	30	102	124506614	124772981
3	44	103	124773406	124979501
3	44	104	124980543	125320386
3	44	105	125323090	125743496
3	44	106	125746784	125775763
3	37	107	125776274	126157879
3	37	108	126160189	126294148
3	37	109	126296525	126313506
3	37	110	126315661	126561055
3	37	111	126561900	126811973
3	44	112	126814127	127218957
3	44	113	127220788	127573714
3	44	114	127574981	127800123
3	2	115	127800772	127934085
3	2	116	127936703	128175444
3	2	117	128176835	128399782
3	2	118	128402076	128445338
3	2	119	128446964	128491408
3	2	120	128508547	128545161
3	2	121	128546510	128610559
3	2	122	128634699	128731915
3	2	123	128732252	128734412
3	2	124	128735746	128762874
3	41	125	128764794	128991955
3	41	126	128993858	129007543
3	20	127	129017788	129017789
3	20	128	129033674	129221446
3	20	129	129236931	129248480
3	20	130	129270445	129476737
3	20	131	129481713	129595569
3	20	132	129615530	129738932
3	20	133	129740420	130219809
3	44	134	130223640	130343548
3	44	135	130344598	130457216
3	44	136	130457986	130701282
3	44	137	130702690	130827460
3	44	138	130829721	130995510
3	44	139	130996726	131158857
3	19	140	131159626	131494487
3	19	141	131495000	131719444
3	19	142	131720131	131823327
3	19	143	131860720	131963194
3	19	144	131975588	131994916
3	19	145	131995609	132144158
3	19	146	132161415	132191635
3	29	147	132194972	132288114
3	29	148	132312312	132338533
3	29	149	132366045	132591368
3	29	150	132593802	132817766
3	29	151	132878272	132989162
3	29	152	132991141	133112761
3	29	153	133115996	133231267
3	35	154	133234370	133605097
3	35	155	133606913	133945598
3	35	156	133947688	134053791
3	35	157	134060108	134523507
3	41	158	134524813	134524944
3	41	159	134548885	134786528
3	41	160	134802888	134910922
3	41	161	134914182	135023575
3	41	162	135026912	135145078
3	41	163	135146687	135259500
3	41	164	135261011	135375268
3	41	165	135376801	135387888
3	41	166	135410013	135412902
3	41	167	135441939	135564623
3	38	168	135569274	135569275
3	38	169	135590651	135704187
3	38	170	135704859	136268294
3	38	171	136269122	136501621
3	38	172	136503942	136605833
3	38	173	136608962	136646592
3	35	174	136651596	136905417
3	35	175	136906659	137138940
3	35	176	137140917	137390408
3	35	177	137393544	137461641
3	35	178	137477612	137726704
3	45	179	137728261	137771625
3	45	180	137789933	138310812
3	45	181	138313845	138555676
3	45	182	138558948	138560230
3	45	183	138564158	138825632
3	21	184	138829136	139095176
3	21	185	139096619	139332821
3	21	186	139349834	139601783
3	21	187	139603417	139876387
3	21	188	139878114	139894282
3	35	189	139894702	140638995
3	35	190	140641845	140703400
3	35	191	140705281	140802909
3	35	192	140804950	140990206
3	16	193	140991645	141226148
3	16	194	141226924	141441022
3	16	195	141441437	141704541
3	16	196	141704989	141870591
3	35	197	141870661	142124074
3	35	198	142125463	142366292
3	35	199	142369348	142536447
3	35	200	142537699	142631310
3	35	201	142633640	142703587
3	35	202	142704601	142893287
3	19	203	142893748	143134592
3	19	204	143136781	143148586
3	19	205	143151011	143244168
3	19	206	143257362	143406675
3	19	207	143410299	143801829
3	19	208	143802738	144055882
3	30	209	144059058	144311189
3	30	210	144314129	144538027
3	30	211	144538931	144538932
3	30	212	144541613	144771247
3	30	213	144772678	144786363
3	30	214	144787162	145044778
3	36	215	145045610	145097171
3	36	216	145097988	145125701
3	36	217	145147775	145412207
3	36	218	145413083	145725770
3	36	219	145727127	145822827
3	40	220	145823563	145857168
3	40	221	145858682	146196478
3	40	222	146196816	146555359
3	40	223	146556339	146877207
3	17	224	146878437	147082705
3	17	225	147099745	147236442
3	17	226	147251042	147332243
3	17	227	147358375	147619074
3	17	228	147714240	147826418
3	17	229	147842767	147971404
3	32	230	147975371	148105593
3	32	231	148105593	148131077
3	32	232	148148743	148167911
3	32	233	148188000	148188046
3	32	234	148216924	148282448
3	32	235	148285362	148523117
3	32	236	148528620	148539846
3	32	237	148540277	148899208
3	23	238	148900364	149538958
3	23	239	149540896	149560910
3	23	240	149562436	149752416
3	37	245	150397099	150728615
3	37	246	150730406	151050885
3	37	247	151054480	151305966
3	37	248	151309624	151412530
3	37	249	151414713	151435649
3	37	250	151453913	151488911
3	35	251	151491484	152191668
3	35	252	152193695	152293397
3	35	253	152296396	152564465
3	19	254	152565675	152898118
3	19	255	152898526	152931325
3	19	256	152931594	153227470
3	19	257	153228068	153570333
3	17	258	153570750	153614425
3	17	259	153638812	153923543
3	17	260	153926113	154234804
3	17	261	154237012	154270218
3	17	262	154272404	154343297
3	17	263	154345599	154483526
3	17	264	154486605	154608718
3	41	265	154609739	154691500
3	41	266	154705373	154810538
3	41	267	154813807	154979919
3	41	268	154980001	155307012
3	41	269	155307298	155345167
3	41	270	155345773	155413862
4	0	1	155414521	155665434
4	0	2	155666634	155895182
4	0	3	155895859	156149148
4	0	4	156149454	156163259
4	0	5	156164646	156415799
4	7	6	156419410	156551733
4	7	7	156554094	156691625
4	7	8	156692369	156926393
4	7	9	156927463	156990845
4	7	10	156991349	157180456
4	7	11	157180782	157281101
4	7	12	157281728	157310218
4	7	13	157324857	157343931
4	46	14	157346306	157645372
4	46	15	157645964	157767166
4	46	16	157768902	157928773
4	46	17	157929795	158219476
4	46	18	158220341	158249221
4	46	19	158262497	158287077
4	10	20	158291652	158291653
4	10	21	158315964	158615148
4	10	22	158616419	158616420
4	15	48	162059890	162166320
4	15	49	162176449	162675914
4	15	50	162678990	162808210
4	15	51	162810765	162823270
4	15	52	162823877	163055919
4	3	53	163057016	163306012
4	3	54	163308081	163409143
4	3	55	163432159	163572135
4	3	56	163574341	163803391
4	3	57	163804411	164031001
4	3	58	164032028	164051010
4	10	59	164052482	164052952
4	10	60	164065281	164305959
4	10	61	164307711	164761179
4	10	62	164761635	164776772
4	10	63	164778131	165049726
4	10	64	165059854	165088211
4	20	65	165088817	165577505
4	20	66	165578077	165597432
4	20	67	165598053	165829039
4	20	68	165829774	166193411
4	21	69	166196048	166435371
4	21	70	166436460	166649601
4	21	71	166683554	166924068
4	21	72	166926240	166987334
4	21	73	166990922	167160119
4	27	74	167160765	167184443
4	27	75	167185990	167418266
4	27	76	167419133	167476204
4	27	77	167477737	167759390
4	27	78	167761085	168196935
4	27	79	168197994	168470640
4	27	80	168472617	168953840
4	27	81	168954189	169219636
4	13	82	169220781	169275514
4	13	83	169277244	169581717
4	13	84	169581929	169712529
4	13	85	169713631	169967611
4	13	86	169970374	170305074
4	46	87	170306578	170640451
4	46	88	170641018	170950881
4	46	89	170951970	171287328
4	27	90	171288231	171324803
4	27	91	171327771	171660426
4	27	92	171662388	172015641
4	27	93	172015839	172350410
4	44	94	172352311	172546800
4	44	95	172550132	172684971
4	44	96	172685245	172764501
4	44	97	172766158	173020461
4	44	98	173022119	173358251
4	44	99	173360819	173372475
4	47	100	173372963	173706279
4	47	101	173706652	173785267
4	47	102	173786236	174025656
4	47	103	174026311	174038004
4	47	104	174040494	174369453
4	27	105	174370900	174738382
4	27	106	174738956	175036326
4	27	107	175037776	175057533
4	27	108	175059107	175376648
4	27	109	175378187	175391191
4	33	116	176410644	176476692
4	3	119	176584613	176614543
4	3	120	176615671	176735551
4	3	121	176737245	177242151
4	3	122	177242577	177271969
4	3	123	177273534	177339402
4	3	124	177341137	177499189
4	3	125	177500689	177563297
5	47	1	177565313	177775627
5	47	2	177777668	177912281
5	47	3	177912330	178100878
5	47	4	178102082	178288993
5	47	5	178289228	178293373
5	47	6	178295211	178320210
5	47	7	178320359	178340078
5	47	8	178344221	178356081
5	47	9	178369502	178370101
5	47	10	178373760	178466864
5	3	11	178468548	178708809
5	3	12	178709696	178943318
5	3	13	178943764	179053273
5	3	14	179054167	179179520
5	3	15	179180066	179451839
5	3	16	179451953	179476115
5	3	17	179476662	179727861
5	3	18	179729312	179966103
5	3	19	179966466	180076647
5	3	20	180077020	180215018
5	3	21	180216189	180373626
5	6	22	180375637	180616912
5	6	23	180618318	180846835
5	6	24	180847231	180847232
5	6	25	180847539	181085438
5	6	26	181085689	181099415
5	6	27	181101428	181381214
5	31	28	181384185	181744576
5	31	29	181747269	181896411
5	31	30	181899437	182402931
5	6	31	182404772	182404773
5	6	32	182410194	182684038
5	6	33	182684044	182925629
5	6	34	182926071	183162622
5	6	35	183163809	183177530
5	6	36	183178284	183441566
5	45	37	183442579	183464689
5	45	38	183502380	183832744
5	29	39	183843887	183844459
5	29	40	183867494	183867709
5	29	41	183883875	184029516
5	29	42	184030712	184030713
5	29	43	184034548	184208362
5	29	44	184208485	184309660
5	29	45	184313579	184527061
5	29	46	184527175	184709093
5	29	47	184711227	184847052
5	48	48	184852565	185163373
5	48	49	185172524	185276569
5	48	50	185279558	185477497
5	48	51	185480854	185605622
5	48	52	185607975	185710276
5	48	53	185713362	185798780
5	23	54	185807918	185878984
5	23	55	185879854	185881423
5	23	56	185882126	186119752
5	23	57	186120337	186429527
5	23	58	186430618	186445447
5	23	59	186447263	186490199
5	23	60	186508342	186540229
5	23	61	186541237	186775085
5	23	62	186795564	186872723
5	2	63	186877407	187535555
5	2	64	187538207	187730047
5	2	65	187786670	188068272
5	45	66	188068304	188068305
5	45	67	188084048	188666265
5	45	68	188669157	189161842
5	45	69	189164905	189166471
5	45	70	189168325	189181515
5	46	71	189183315	189466975
5	46	72	189476341	190255265
5	12	73	190257537	190576913
5	12	74	190592706	190615740
5	12	75	190617409	190948259
5	12	76	190950591	191295588
5	12	77	191298514	191331596
5	12	78	191334365	191346721
5	4	79	191349218	191661712
5	4	80	191662262	192329310
5	4	81	192331204	192421093
5	49	82	192425184	192425185
5	49	83	192439450	192593025
5	49	84	192604857	192708302
5	49	85	192709651	192947803
5	49	86	192948966	192961323
5	49	87	192962407	193200913
5	49	88	193202891	193315658
5	38	89	193321038	193321039
5	38	90	193346980	193386816
5	38	91	193388473	193596197
5	38	92	193597714	193614301
5	38	93	193614810	194079865
5	3	94	194080229	194220059
5	3	95	194220890	194703480
5	3	96	194704077	194956540
5	3	97	194958233	194970215
5	10	98	194971183	195042052
5	10	99	195055917	195261411
5	10	100	195262081	195495781
5	10	101	195497158	195511789
5	10	102	195513607	196033512
5	14	103	196036950	196036951
5	14	104	196051330	196295981
5	14	105	196296277	196296352
5	14	106	196300232	196508295
5	14	107	196524693	196841604
5	14	108	196842389	197151067
5	49	109	197153585	197153586
5	49	110	197169806	197187331
5	49	111	197189310	197300776
5	49	112	197302531	197428816
5	49	113	197430131	197628252
5	49	114	197629239	197698802
5	49	115	197700528	197938849
5	49	116	197940869	198038519
5	49	117	198041894	198041895
5	49	118	198065330	198305995
5	49	119	198308339	198415219
5	49	120	198416972	198564758
5	49	121	198566936	198628794
5	49	122	198631524	198844309
5	49	123	198845541	198859000
5	49	124	198861005	198940854
5	5	125	198964019	199010194
5	5	126	199012172	199215538
5	5	127	199216651	199447851
5	5	128	199465104	199567650
5	5	129	199691007	199839197
5	5	130	199865078	200055079
5	39	131	200055764	200435775
5	39	132	200437671	200573928
5	39	133	200575347	200590805
5	39	134	200591947	200846861
5	39	135	200847492	201101602
5	48	141	202166954	202291052
5	48	142	202303610	202460739
5	48	143	202462376	202722827
5	48	144	202724615	203083842
5	48	145	203086507	203169942
5	48	146	203172870	203229896
5	48	147	203232221	203451935
5	48	148	203453689	203587655
5	48	149	203606826	203838574
5	48	150	203838943	203986271
5	48	151	203988891	204243199
5	4	152	204244083	204361615
5	4	153	204377272	204714788
5	4	154	204715158	204824837
5	4	155	204825581	205135727
5	4	156	205137506	205160948
5	4	157	205160993	205272399
5	41	185	208483633	208514737
5	41	186	208517791	208828016
5	41	187	208829044	208835242
5	41	188	208836970	209175335
5	41	189	209175920	209393463
5	41	190	209396360	209512450
5	24	191	209513511	209868110
5	24	192	209870405	209982946
5	24	193	209983843	210093919
5	24	194	210094286	210202784
5	24	195	210203562	210570928
5	24	196	210577957	210589346
5	24	197	210734435	210737731
5	24	198	210777978	210779580
5	24	199	210799502	210829698
5	24	200	210863007	210864529
5	24	201	210883804	210918872
5	22	202	210928194	210940811
5	22	203	210943218	211273593
5	22	204	211274760	211513209
5	22	205	211515073	211749113
5	22	206	211749487	211943422
5	35	214	212792745	212807384
5	35	215	212808774	212946916
5	35	216	212948920	212951342
5	19	217	212955773	213184257
5	19	218	213194248	213445024
5	19	219	213447131	213666974
5	19	220	213669693	213693166
5	19	221	213697728	213826650
5	40	235	215607370	215607371
5	40	236	215622358	215853065
5	40	237	215853933	216162230
5	40	238	216164767	216603837
6	45	1	220153812	220328147
6	45	2	220329061	220497802
6	45	3	220500220	220522432
6	45	4	220525894	220614322
6	45	5	220617204	220792183
6	50	6	220793490	220940101
6	50	7	220945790	221079884
6	50	8	221080113	221323602
6	50	9	221323757	221363507
6	50	10	221364785	221822265
6	45	11	221824843	222081198
6	45	12	222082437	222342938
6	45	13	222343632	222363584
6	45	14	222368232	222622484
6	45	15	222623689	222655677
6	45	16	222672816	222694114
6	45	17	222701740	222714391
6	51	18	222716265	222984783
6	51	19	222988037	223251127
6	51	20	223254047	223271852
6	51	21	223274443	223529615
6	51	22	223531940	223733859
6	51	23	223736445	223803732
6	29	24	223805674	223806180
6	29	25	223832172	224028626
6	29	26	224033596	224544448
6	29	27	224546912	224953971
6	31	28	224954947	225472446
6	31	29	225475965	225489577
6	31	30	225491757	225544355
6	31	31	225547306	225876452
6	31	32	225879209	226015046
6	35	33	226015361	226031725
6	35	34	226043301	226384707
6	35	35	226386541	226707034
6	35	36	226708286	226720649
6	35	37	226724225	227148056
6	35	38	227148298	227816307
6	35	39	227818280	227831377
6	35	40	227833743	227846779
6	35	41	227849608	228277888
6	3	42	228280002	228586905
6	3	43	228587119	228967353
6	3	44	228968626	229109861
6	3	45	229110163	229224726
6	3	46	229230921	229317853
6	29	47	229318515	229630143
6	29	48	229635031	229700163
6	29	49	229711487	229965634
6	29	50	229967046	230001810
6	29	51	230002796	230186810
6	29	52	230195831	230229719
6	29	53	230233229	230309894
6	31	54	230311635	230664303
6	31	55	230666028	230968770
6	31	56	230972354	230988820
6	31	57	230990810	231105082
6	31	58	231107398	231408720
6	49	59	231413277	231759078
6	49	60	231760060	232217400
6	49	61	232218473	232479059
6	49	62	232511774	232540565
6	31	63	232546862	232856786
6	31	64	232858820	233183741
6	31	65	233186085	233575618
6	31	66	233577671	233642442
6	35	67	233645676	234285110
6	35	68	234289095	234754274
6	51	69	234756224	235311951
6	51	70	235314708	235328647
6	51	71	235332177	235344235
6	51	72	235347597	235826860
6	51	73	235828973	236146407
6	51	74	236147676	236377292
6	51	75	236401716	236413169
6	51	76	236442767	236454222
6	51	77	236455940	236735946
6	51	78	236737741	236737742
6	51	79	236738979	237010299
6	51	80	237014211	237551495
6	8	81	237552909	237833727
6	8	82	237841680	238104133
6	8	83	238107117	238353512
6	8	84	238354980	238629972
6	8	85	238632253	238636894
6	8	86	238639284	238654147
6	11	87	238655874	238708952
6	11	88	238711115	238943030
6	11	89	238954501	239206231
6	11	90	239225878	239267924
6	23	91	239271226	239511337
6	23	92	239512319	239718923
6	23	93	239720284	240063420
6	29	94	240064411	240064412
6	29	95	240078748	240387143
6	29	96	240389757	240589978
6	29	97	240592208	240661965
6	29	98	240664075	240724035
6	29	99	240727087	240929621
6	29	100	240932206	240948001
6	38	101	240949607	241490917
6	38	102	241492371	241507187
6	38	103	241511229	241757463
6	38	104	241758496	242000229
6	38	105	242002103	242261834
6	38	106	242262815	242755826
6	38	107	242758848	242994997
6	38	108	242997775	243006433
6	38	109	243024464	243041142
6	38	110	243043669	243054268
6	38	111	243056110	243059936
6	30	112	243061693	243573298
6	30	113	243578552	243881992
6	30	114	243884738	244137114
6	30	115	244139984	244177693
6	3	116	244179773	244179774
6	3	117	244201619	244461419
6	3	118	244463117	244699328
6	3	119	244700877	244896931
6	3	120	244899580	244899970
6	3	121	244903809	245001627
6	3	122	245002186	245298789
6	11	123	245301620	245302153
6	11	124	245316612	245581791
6	11	125	245589573	245589574
6	11	126	245614201	245862275
6	11	127	245864005	245983562
6	11	128	245986183	246022887
6	11	129	246025300	246227593
6	11	130	246229817	246230677
6	11	131	246234376	246249186
6	52	132	246250958	246375766
6	52	133	246378129	246605296
6	52	134	246608039	246808931
6	52	135	246810968	246997652
6	52	136	246999537	247153858
6	52	137	247167687	247215481
6	24	138	247219605	247349829
6	24	139	247353010	247694949
6	24	140	247697258	247810362
6	24	141	247814572	248129169
6	24	142	248131710	248156251
6	24	143	248160085	248273306
6	18	144	248276009	248276010
6	18	145	248317154	248685277
6	18	146	248687646	248807343
6	18	147	248808386	249050054
6	18	148	249051922	249172954
6	18	149	249178294	249319854
6	18	150	249322673	249342067
6	23	151	249346859	249475571
6	23	152	249476831	249596001
6	23	153	249597084	249713479
6	23	154	249714502	249716356
6	23	155	249717647	249937846
6	23	156	249939032	250050507
6	23	157	250052287	250123289
6	23	158	250124442	250203394
6	23	159	250205487	250207320
6	23	160	250212112	250231874
6	11	161	250234997	250504138
6	11	162	250506604	250623676
6	11	163	250626274	250869634
6	11	164	250872799	251103272
6	11	165	251105909	251341249
6	12	166	251342790	251345630
6	12	167	251362016	251498265
6	12	168	251501198	251614882
6	12	169	251615895	251738809
6	12	170	251756067	251874876
6	12	171	251875683	252194913
6	12	172	252209303	252231894
6	12	173	252239340	252332694
6	40	174	252334863	252685138
6	40	175	252685768	252813792
6	40	176	252814682	252917208
6	40	177	252920274	253027454
6	40	178	253028062	253249260
6	40	179	253249339	253373273
6	32	180	253373655	253494857
6	32	181	253498332	253609611
6	32	182	253609877	253721922
6	32	183	253722557	253833079
6	32	184	253834968	253947523
6	32	185	253948559	254065749
6	32	186	254068634	254310898
6	32	187	254329095	254360308
6	53	188	254365916	254483618
6	53	189	254498579	254910240
6	53	190	254911878	255020130
6	53	191	255025910	255158020
6	53	192	255161243	255179019
6	53	193	255182721	255430482
6	42	194	255433451	255690444
6	42	195	255691514	255905319
6	42	196	255906353	255926404
6	42	197	255928928	256164333
6	42	198	256165945	256396931
6	42	199	256402355	256403402
6	42	200	256406405	256417306
6	12	206	257405519	257514775
6	12	207	257517502	257680066
6	12	208	257683594	257774922
6	12	209	257777052	257938783
6	12	210	257941723	258016520
6	12	211	258018261	258232723
6	12	212	258235361	258250211
6	12	213	258252428	258348343
6	12	214	258350980	258367792
6	52	215	258370120	258648381
6	52	216	258651007	258894805
6	52	217	258900209	258980838
6	52	218	258982944	259301498
6	52	219	259310817	259322798
6	12	220	259324594	259425463
6	12	221	259427970	259579884
6	12	222	259585549	259816328
6	12	223	259818380	259892367
6	12	224	259894976	260149879
6	12	225	260152141	260155187
6	12	226	260159153	260172042
6	12	227	260174480	260189700
6	37	228	260191446	260445873
6	37	229	260447639	260462936
6	37	230	260464666	260702161
6	37	231	260704005	260721751
6	37	232	260724882	260967030
6	37	233	260968601	261000976
6	37	234	261002718	261010043
6	37	235	261027538	261029581
6	37	236	261045048	261169278
6	16	237	261171619	261588742
6	16	238	261588830	261836308
6	16	239	261836707	262003897
6	30	240	262004276	262356818
6	30	241	262357401	262679190
6	30	242	262679678	262692761
6	30	243	262694705	262739484
6	30	244	262745215	263027979
6	30	245	263033839	263082992
6	54	246	263089852	263499093
6	54	247	263500322	263863259
6	54	248	263864192	264027900
6	54	249	264051332	264224472
6	29	250	264232823	264357208
6	29	251	264362934	264571110
6	29	252	264574570	264906748
6	29	253	264909824	265000309
6	29	254	265038019	265300394
6	29	255	265304257	265315633
6	3	256	265318463	265668198
6	3	257	265669629	265748500
6	3	258	265750275	265995186
6	3	259	265997233	266010756
6	3	260	266013135	266355492
6	55	261	266358596	266684564
6	55	262	266685419	267022480
6	55	263	267023813	267060448
6	55	264	267064220	267204944
6	55	265	267207427	267392367
6	55	266	267394450	267415367
6	19	272	268445405	268576927
6	19	273	268579202	269142825
6	19	274	269145463	269463543
6	23	279	270603863	271243081
6	23	280	271243916	271249686
6	23	281	271252290	271587359
6	23	282	271610288	271611510
6	19	283	271613288	271613291
6	19	284	271635061	271700625
6	19	285	271716560	271947256
6	19	286	271947703	271984778
6	19	287	271985318	272315195
6	19	288	272315803	272348132
6	19	289	272348299	272417236
7	23	1	272418321	272453827
7	23	2	272455991	272751412
7	23	3	272752917	272947210
7	23	4	272950717	272965637
7	23	5	272967928	272981956
7	23	6	272983287	273233274
7	23	7	273242170	273370986
7	36	8	273377675	273525410
7	36	9	273528849	273900732
7	36	10	273901025	273939448
7	36	11	273941957	274393862
7	51	12	274395461	274658220
7	51	13	274663538	274922733
7	51	14	274924801	275180437
7	51	15	275183632	275194905
7	51	16	275197880	275444596
7	13	17	275447929	275447930
7	13	18	275467070	275722109
7	13	19	275722670	275722671
7	13	20	275723204	275823076
7	13	21	275825574	275973527
7	13	22	275980577	276026726
7	13	23	276029078	276250410
7	52	24	276254936	276493489
7	52	25	276495894	276752407
7	52	26	276753454	276764936
7	52	27	276768505	276798146
7	52	28	276800269	277026909
7	23	29	277032041	277091557
7	23	30	277093307	277515996
7	23	31	277518499	277708608
7	23	32	277710274	277950435
7	23	33	277952192	278087309
7	23	34	278105472	278136172
7	26	35	278136572	278446465
7	26	36	278446891	278509092
7	26	37	278510483	278756843
7	26	38	278757140	278988151
7	26	39	278991651	279066324
7	50	40	279066622	279129979
7	50	41	279131224	279691689
7	50	42	279691971	280007649
7	49	43	280007711	280092380
7	49	44	280095232	280343469
7	49	45	280357219	280763874
7	49	46	280765985	280982386
7	49	47	280983821	280993574
7	49	48	281006007	281017147
7	24	55	281691754	282354105
7	24	56	282360771	282384188
7	24	57	282387294	282620993
7	24	58	282622273	282746083
7	8	59	282747036	283136409
7	8	60	283136608	283397953
7	8	61	283398348	283786738
7	20	75	287125911	287125912
7	20	76	287139197	287408741
7	20	77	287410581	287421610
7	20	78	287424352	287683067
7	20	79	287686804	288211144
7	8	80	288212922	288214036
7	8	81	288234941	288719728
7	8	82	288722560	288954686
7	8	83	288959705	288997299
7	8	84	289000125	289215738
7	40	85	289218123	289265969
7	40	86	289275358	289509610
7	40	87	289513051	289803414
7	40	88	289806967	290070656
7	40	89	290073743	290240251
7	40	90	290243327	290262640
7	8	99	292415325	292415326
7	8	100	292422545	292986606
7	8	101	292988161	293286863
7	8	102	293289176	293447910
7	8	103	293450357	293518049
7	19	132	298458020	298818789
7	19	133	298821905	299051304
7	19	134	299054445	299549971
7	28	135	299553384	299810424
7	28	136	299811120	299925933
7	28	137	299927177	300041978
7	28	138	300043810	300308937
7	56	153	302335751	302495422
7	56	154	302511233	302741782
7	56	155	302743469	302853361
7	56	156	302854923	302966324
7	56	157	302968579	303079291
7	56	158	303080720	303328594
7	52	159	303332354	303706606
7	52	160	303707945	304043333
7	52	161	304044730	304152812
7	52	162	304153304	304489769
7	0	164	304840392	304908442
7	0	165	304914160	305172744
7	0	166	305174472	305284097
7	0	167	305286679	305502383
7	0	168	305504831	305844900
7	8	169	305845767	305928316
7	8	170	305930911	306162765
7	8	171	306163763	306201506
7	8	172	306202961	306532698
7	8	173	306537903	306573655
8	28	1	306600032	306600033
8	28	2	306613869	306767911
8	28	3	306768039	306919764
8	28	4	306920271	306920272
8	28	5	306920273	306984638
8	28	6	306985725	307086663
8	28	7	307086814	307098918
8	28	8	307099500	307264576
8	28	9	307264594	307424514
8	31	10	307425042	307678819
8	31	11	307679607	307797734
8	31	12	307799626	307976792
8	31	13	307978406	308180087
8	31	14	308180951	308409645
8	31	15	308409914	308440203
8	27	16	308441210	308934431
8	27	17	308939821	308939822
8	27	18	308941125	309125325
8	27	19	309126614	309168957
8	27	20	309169898	309439489
8	46	21	309439592	309671892
8	46	22	309672073	309897719
8	46	23	309898071	310130004
8	46	24	310130304	310141821
8	46	25	310143834	310353034
8	47	26	310353393	310594713
8	47	27	310594965	310841395
8	47	28	310842404	311079404
8	47	29	311079827	311332483
8	27	30	311332955	311616687
8	27	31	311617249	311901341
8	27	32	311903354	312273921
8	27	33	312276340	312338124
8	3	34	312341709	312682709
8	3	35	312684133	312972942
8	3	36	312973240	313032453
8	3	37	313032870	313326426
8	4	38	313328478	313637783
8	4	39	313638945	313932166
8	4	40	313933548	313946078
8	4	41	313948540	314281976
8	13	42	314283229	314300929
8	13	43	314302870	314588984
8	13	44	314590234	314884099
8	13	45	314884978	314897009
8	13	46	314899054	315206804
8	13	47	315208034	315298753
8	39	48	315300315	315590342
8	39	49	315591043	315877302
8	39	50	315878854	315893557
8	39	51	315895940	315908795
8	39	52	315928780	316259330
8	39	53	316261755	316276786
8	49	54	316278014	316477899
8	49	55	316481248	316713215
8	49	56	316713653	317152227
8	49	57	317154581	317290786
8	49	58	317293007	317305721
8	3	59	317321537	317501636
8	3	60	317502717	317841124
8	3	61	317842035	317857056
8	3	62	317857539	318348954
8	12	63	318351736	318353300
8	12	64	318365312	318622236
8	12	65	318626287	318639643
8	12	66	318642050	319205334
8	12	67	319207630	319325837
8	12	68	319343446	319376771
8	12	69	319378200	319399252
8	29	70	319402771	319402857
8	29	71	319415450	319555311
8	29	72	319556301	319556302
8	29	73	319556817	319636043
8	29	74	319637025	319664780
8	29	75	319668467	319738521
8	29	76	319754035	319980397
8	29	77	319993355	320383343
8	6	78	320387860	320426106
8	6	79	320439257	320460397
8	6	80	320461721	320592080
8	6	81	320593648	320652281
8	6	82	320654477	321409128
8	12	83	321414741	321458216
8	12	84	321461470	321669765
8	12	85	321671783	321773355
8	12	86	321775807	322014580
8	12	87	322017052	322018809
8	12	88	322024366	322176049
8	12	89	322185137	322187778
8	12	90	322189826	322208252
8	31	91	322209009	322563321
8	31	92	322564709	322706226
8	31	93	322707666	322944955
8	31	94	322947575	322987623
8	31	95	322989478	323220407
8	19	96	323222824	323222825
8	19	97	323238376	323281183
8	19	98	323283115	323475161
8	19	99	323475404	323514785
8	19	100	323515509	323534586
8	19	101	323535403	324078992
8	2	102	324079370	324079371
8	2	103	324080668	324317465
8	2	104	324317825	324319603
8	2	105	324322443	324839216
8	2	106	324841582	325076218
8	2	107	325100406	325149715
8	57	108	325151586	325397788
8	57	109	325409825	325718706
8	57	110	325722010	326195484
8	57	111	326198247	326216355
8	31	112	326219854	326488506
8	31	113	326489567	326599850
8	31	114	326600958	326741741
8	31	115	326743160	326796366
8	31	116	326798687	327015975
8	31	117	327019145	327048888
8	31	118	327049191	327134657
8	8	119	327135782	327383202
8	8	120	327384802	327497829
8	8	121	327498399	327628042
8	8	122	327629973	327907993
8	8	123	327908570	327911829
8	8	124	327915474	328022893
8	8	125	328025864	328036689
8	8	126	328039004	328039833
8	8	127	328042591	328043999
8	8	128	328046706	328061499
8	28	129	328062794	328428872
8	28	130	328429127	328560003
8	28	131	328560187	328576612
8	28	132	328577339	328821393
8	28	133	328821792	329073043
8	46	134	329074803	329326297
8	46	135	329328644	329566818
8	46	136	329567332	329802714
8	46	137	329803387	329889091
8	46	138	329894436	329905791
8	46	139	329923500	329965485
8	19	140	329967243	330227953
8	19	141	330238267	330290745
8	19	142	330291645	330514749
8	19	143	330515092	330626736
8	19	144	330627766	330736248
8	19	145	330736862	330852562
8	19	146	330852843	330956084
8	19	147	330958331	330959776
8	19	148	330964294	330981633
8	5	149	330983588	331115382
8	5	150	331116612	331219823
8	5	151	331221749	331319921
8	5	152	331320334	331418210
8	5	153	331418259	331519305
8	5	154	331520541	331573214
8	5	155	331574219	331641912
8	5	156	331642583	331697537
8	5	157	331698274	331892575
8	8	158	331893127	331894577
8	8	159	331895592	331897260
8	8	160	331902057	332131215
8	8	161	332132301	332256443
8	8	162	332258115	332369898
8	8	163	332375065	332489091
8	8	164	332495509	332503253
8	8	165	332521173	332734973
8	45	166	332736973	332737834
8	45	167	332755399	332864029
8	45	168	332878339	332995976
8	45	169	332997091	333331500
8	45	170	333333281	333615905
8	45	171	333652026	333770357
8	5	172	333776226	333896346
8	5	173	333897315	334004116
8	5	174	334005154	334113018
8	5	175	334114069	334215528
8	5	176	334216062	334324288
8	5	177	334325131	334434072
8	5	178	334434917	334545827
8	5	179	334547626	334567619
8	5	180	334569983	334669855
8	20	181	334670352	334778304
8	20	182	334780433	334899168
8	20	183	334907553	335021844
8	20	184	335022675	335257898
8	20	185	335258238	335483132
8	20	186	335492915	335713991
8	20	187	335731107	335777774
8	20	188	335782746	335831620
8	20	189	335850891	335855923
8	20	190	336079481	336095217
8	20	191	336143204	336143239
8	53	192	336289169	336290746
8	53	193	336293433	336293434
8	53	194	336308048	336443012
8	53	195	336451106	336565503
8	53	196	336568321	336804297
8	53	197	336806837	336837798
8	53	198	336839929	336929050
8	53	199	336932044	337046604
8	53	200	337047502	337295480
8	39	201	337296556	337618879
8	39	202	337619098	337743105
8	39	203	337744631	337847093
8	39	204	337848448	337953561
8	39	205	337954646	338064424
8	39	206	338064424	338166266
8	39	207	338166363	338287154
8	15	208	338288431	338401850
8	15	209	338410671	338519999
8	15	210	338520461	338631056
8	15	211	338632903	338742343
8	15	212	338742608	338848977
8	15	213	338849869	339034273
8	3	214	339035831	339285734
8	3	215	339287338	339379912
8	3	216	339381489	339540662
8	3	217	339541726	339604756
8	3	218	339606215	339811787
8	3	219	339813614	339847020
8	3	220	339864713	339866563
8	3	221	339868162	339898106
8	27	222	339902734	340151417
8	27	223	340152064	340395359
8	27	224	340396606	340652230
8	27	225	340663637	340693775
8	27	226	340695079	340969742
8	58	227	340972897	341224346
8	58	228	341225515	341455579
8	58	229	341459035	341469627
8	58	230	341470550	341708075
8	58	231	341709274	341802356
8	58	232	341805204	341956214
8	13	236	342770338	343168794
8	13	237	343169883	343283817
8	13	238	343285433	343525718
8	13	239	343527836	343757568
8	13	240	343758893	343772935
8	19	241	343772967	343803028
8	19	242	343812774	344095560
8	19	243	344095750	344372572
8	19	244	344373147	344603649
8	19	245	344625969	344710854
8	19	246	344723851	344802920
8	45	247	344806230	345097676
8	45	248	345101050	345293873
8	45	249	345295223	345556940
8	45	250	345559468	345577684
8	45	251	345580220	345848685
8	59	252	345852289	346271903
8	59	253	346273378	346317280
8	59	254	346318734	346549453
8	59	255	346550587	346577307
8	59	256	346584174	346817559
8	59	257	346821845	346836741
8	58	258	346837870	347173613
8	58	259	347174015	347265757
8	58	260	347288443	347575997
8	58	261	347576265	347947925
8	29	262	347950409	348295729
8	29	263	348296563	348317286
8	29	264	348319797	348986912
8	29	265	348989060	349029840
8	29	266	349031772	349044846
8	29	267	349046350	349061362
8	8	268	349063270	349117199
8	8	269	349122591	349122592
8	8	270	349138170	349790629
8	8	271	349793741	349999701
8	8	272	350003144	350080431
8	5	273	350080758	350144998
8	5	274	350146014	350396217
8	5	275	350397162	350427138
8	5	276	350430706	350433249
8	5	277	350470308	350471078
8	5	278	350486326	350791339
8	5	279	350793507	350835325
8	5	280	350836717	351122529
8	2	281	351122960	351544734
8	2	282	351545919	351795896
8	2	283	351798397	351810231
8	2	284	351811729	352240979
8	40	290	353286861	353290896
8	40	291	353304214	353608107
8	40	292	353608582	353925500
9	14	1	353925499	353926635
9	14	2	353943670	354170354
9	14	3	354182069	354288451
9	14	4	354299654	354313736
9	14	5	354351080	354353060
9	14	6	354391751	354394173
9	14	7	354395746	354559497
9	14	8	354561922	354594678
9	14	9	354611427	354866083
9	14	10	354870048	354880652
9	60	11	354889157	355103441
9	60	12	355104190	355149633
9	60	13	355150777	355603724
9	60	14	355606590	355629147
9	60	15	355631418	355872284
9	60	16	355888385	355925814
9	60	17	355927206	356130278
9	60	18	356130962	356368605
9	60	19	356369176	356604258
9	60	20	356604952	356802855
9	60	21	356805263	356869557
9	60	22	356880861	357334253
9	60	23	357335542	357864410
9	60	24	357865039	358351931
9	60	25	358352215	358612835
9	60	26	358613820	358624158
9	60	27	358626029	358892513
9	50	28	358895328	359152417
9	50	29	359152635	359397557
9	50	30	359397565	359647483
9	50	31	359647939	359888870
9	52	32	359889495	360007764
9	52	33	360011266	360237936
9	52	34	360239815	360555986
9	52	35	360558099	360679401
9	52	36	360681450	360890279
9	60	37	360891855	361527003
9	60	38	361528902	361541366
9	60	39	361544457	361869639
9	37	40	361872529	361872530
9	37	41	361890575	362194617
9	37	42	362196635	362510554
9	37	43	362514771	362530746
9	37	44	362533362	362911879
9	37	45	362930510	362963863
9	26	46	362965655	362965656
9	26	47	362986084	363048165
9	26	48	363049414	363295904
9	26	49	363296201	363585274
9	26	50	363585451	363902283
9	11	51	363902425	363911728
9	11	52	363934228	364226960
9	11	53	364229248	365010925
9	52	54	365012354	365012355
9	52	55	365027215	365352480
9	52	56	365354685	365596489
9	52	57	365601122	365939945
9	52	58	365941616	366020003
9	52	59	366023110	366057152
9	49	60	366059747	366060902
9	49	61	366075168	366684076
9	49	62	366685476	366698416
9	49	63	366699591	366991863
9	49	64	366992981	367123988
9	10	65	367126516	367126517
9	10	66	367144467	367782048
9	10	67	367783939	368213530
9	52	68	368218862	368559167
9	52	69	368561495	368868592
9	52	70	368870401	369196535
9	52	71	369198362	369241425
9	52	72	369243260	369264481
9	19	73	369267060	369267061
9	19	74	369281220	369523833
9	19	75	369524542	369774551
9	19	76	369775202	370028775
9	19	77	370029222	370310789
9	14	78	370312474	370312475
9	14	79	370344632	370527724
9	14	80	370533298	371054756
9	14	81	371056907	371100483
9	14	82	371102711	371319557
9	11	83	371321318	371390070
9	11	84	371394310	371627566
9	11	85	371630656	371912857
9	11	86	371916829	372179055
9	11	87	372182546	372345928
9	11	88	372348310	372357870
9	49	89	372360659	372628107
9	49	90	372629504	372743631
9	49	91	372744895	372847451
9	49	92	372850888	372898051
9	49	93	372938086	372951887
9	49	94	372953546	373155711
9	49	95	373157257	373211207
9	52	96	373214475	373446800
9	52	97	373450114	373699970
9	52	98	373701872	373938882
9	52	99	373943301	373955624
9	52	100	373957049	373970611
9	52	101	373973265	374254119
9	11	102	374256455	374256456
9	11	103	374270664	374514643
9	11	104	374516597	374765087
9	11	105	374774312	374812649
9	11	106	374817216	375062458
9	11	107	375067986	375273420
9	11	108	375275567	375290782
9	55	109	375293871	375557421
9	55	110	375558024	375805103
9	55	111	375805680	376024506
9	55	112	376025289	376310184
9	61	113	376318134	376318135
9	61	114	376331574	376568573
9	61	115	376570704	376685065
9	61	116	376686957	376805000
9	61	117	376807356	377057218
9	61	118	377058039	377210591
9	61	119	377211964	377300212
9	61	120	377302324	377315510
9	2	121	377316531	377384239
9	2	122	377386491	377484346
9	2	123	377486948	377657285
9	14	124	377662038	377662039
9	14	125	377677713	377717612
9	14	126	377733988	377930123
9	14	127	377931683	378443176
9	12	128	378447195	378456075
9	12	129	378470968	378603259
9	12	130	378605232	378707964
9	12	131	378744981	378843515
9	12	132	378861545	378959483
9	12	133	378962199	379063353
9	12	134	379067634	379122711
9	12	135	379124737	379192197
9	12	136	379195275	379253046
9	12	137	379254986	379452708
9	61	138	379453791	379576123
9	61	139	379578829	379687147
9	61	140	379688657	379794973
9	61	141	379795230	379907971
9	61	142	379908098	380109811
9	61	143	380110079	380222704
9	61	144	380222763	380329147
9	61	145	380329164	380453942
9	53	146	380454858	380455044
9	53	147	380479121	380482734
9	53	148	380499652	380839809
9	53	149	380842845	380863300
9	53	150	380865123	381098605
9	53	151	381101542	381592112
9	46	152	381597640	381698008
9	46	153	381699831	382123951
9	46	154	382124040	382230667
9	46	155	382231068	382339884
9	0	156	382340626	382459213
9	0	157	382463680	382582637
9	18	158	382584141	382584142
9	18	159	382600127	382951724
9	18	160	382952607	383159126
9	18	161	383160299	383270756
9	18	162	383272411	383272412
9	18	163	383300944	383400531
9	18	164	383403538	383638440
9	18	165	383643170	383656289
9	62	166	383659112	383988623
9	62	167	383990500	384099933
9	62	168	384100672	384214670
9	62	169	384215266	384325701
9	62	170	384327201	384440567
9	62	171	384441292	384455874
9	62	172	384461011	384462896
9	62	173	384466737	384586517
9	45	174	384590826	384591064
9	45	175	384610258	384715628
9	45	176	384720677	385188473
9	45	177	385191943	385325531
9	30	178	385333196	385583299
9	30	179	385586171	385816253
9	30	180	385816720	386071253
9	30	181	386072201	386199924
9	30	182	386214016	386214314
9	30	183	386219120	386346096
9	29	184	386348558	386348559
9	29	185	386361395	386603375
9	29	186	386604745	386849965
9	29	187	386851709	386895857
9	29	188	386914077	387121213
9	29	189	387121491	387292830
9	29	190	387294578	387344417
9	48	191	387349394	387610174
9	48	192	387611795	387842252
9	48	193	387847028	387860699
9	48	194	387866885	388106553
9	48	195	388108654	388201172
9	48	196	388203730	388354176
9	14	197	388362118	388417795
9	14	198	388421136	388666837
9	14	199	388672126	389149542
9	14	200	389151382	389249708
9	14	201	389251530	389274990
9	14	202	389277673	389278256
9	14	203	389300934	389459341
9	14	204	389466759	389557001
9	14	205	389559944	389965365
9	14	206	389975046	390205623
9	14	207	390215911	390250417
9	14	208	390268369	390341129
9	55	209	390364521	390608467
9	55	210	390609177	390848417
9	55	211	390849018	391101469
9	55	212	391104901	391369380
9	55	213	391371594	391608169
9	55	214	391608584	391845911
9	55	215	391847691	392115866
9	55	216	392116863	392138254
9	55	217	392143399	392394758
9	2	218	392398973	392631730
9	2	219	392633232	392668918
9	2	220	392671647	392978439
9	2	221	392980743	393440395
9	55	222	393441892	393441893
9	55	223	393459136	393791090
9	55	224	393793282	394105168
9	55	225	394107383	394121266
9	55	226	394122860	394168615
9	55	227	394171751	394451035
9	63	228	394452109	394452391
9	63	229	394467399	394492564
9	63	230	394493530	394498908
9	63	231	394508690	394847029
9	63	232	394849261	395206035
9	63	233	395206520	395367912
9	63	234	395376277	395548424
9	24	235	395549425	395678320
9	24	236	395681279	396226315
9	24	237	396228445	396321640
9	24	238	396324434	396469858
9	24	239	396472119	396597830
9	8	240	396603265	396958145
9	8	241	396972280	397047662
9	8	242	397050036	397290241
9	8	243	397306973	397319569
9	8	244	397321764	397645331
9	11	245	397657978	398000745
9	11	246	398003154	398035605
9	11	247	398038375	398368285
9	11	248	398371776	398655041
9	2	256	399667668	399977542
9	2	257	399979848	400011612
9	2	258	400012402	400014366
9	2	259	400016977	400038785
9	2	260	400040979	400357991
9	2	261	400361533	400691435
9	14	262	400693655	400693656
9	14	263	400714718	400747574
9	14	264	400755213	401030661
9	14	265	401052500	401084425
9	14	266	401087433	401378156
9	14	267	401381022	401633728
9	14	268	401640356	401657064
9	14	269	401676742	401699098
9	8	270	401716812	402326863
9	8	271	402328756	402698609
9	11	272	402703210	402748112
9	11	273	402751096	403031617
9	11	274	403033636	403339589
9	11	275	403341100	403374986
9	11	276	403378503	403449949
