0	0	1	-1	4
0	0	2	4	7
0	0	3	6	7
0	0	4	6	7
0	0	5	6	7
0	0	6	6	9
0	0	7	8	9
0	1	8	9	12
0	1	9	11	12
0	1	10	11	12
0	1	11	11	12
0	1	12	11	12
0	1	13	11	12
0	0	14	11	15
0	0	15	14	16
0	0	16	15	17
0	0	17	16	17
0	0	18	16	17
0	0	19	16	17
0	2	20	16	17
0	2	21	19	20
0	2	22	19	21
0	2	23	20	22
0	2	24	21	22
0	2	25	21	22
0	2	26	22	23
0	3	27	22	26
0	3	28	25	28
0	3	29	27	29
0	3	30	29	30
0	4	31	29	31
0	4	32	30	31
0	4	33	30	32
0	4	34	31	33
0	4	35	32	33
0	4	36	32	34
0	5	37	33	35
0	5	38	34	37
0	5	39	36	37
0	5	40	36	38
0	5	41	37	39
0	5	42	39	40
0	6	43	39	43
0	6	44	44	47
0	6	45	46	48
0	6	46	47	48
0	6	47	47	48
0	7	48	47	50
0	7	49	49	51
0	7	50	50	52
0	7	51	51	53
0	7	52	52	54
0	7	53	53	55
0	8	54	54	56
0	8	55	56	57
0	8	56	57	60
0	8	57	60	62
0	8	58	61	62
0	8	59	61	62
0	9	60	61	63
0	9	61	63	65
0	9	62	64	66
0	9	63	65	67
0	10	70	70	74
0	10	71	73	75
0	10	72	74	76
0	11	73	75	76
0	11	74	76	77
0	11	75	76	78
0	12	76	77	81
0	12	77	80	83
0	12	78	82	83
0	3	79	82	84
0	3	80	83	85
0	3	81	84	87
0	3	82	86	88
0	3	83	87	89
0	13	84	88	90
0	13	85	90	91
0	13	86	90	94
0	13	87	93	96
0	13	88	95	97
0	14	89	96	97
0	14	90	97	98
0	14	91	97	98
0	14	92	97	98
0	14	93	97	99
0	12	94	98	100
0	12	95	100	101
0	12	96	100	101
0	12	97	100	103
0	12	98	102	105
0	12	99	104	105
0	12	100	104	105
0	15	101	104	107
0	15	102	107	108
0	15	103	108	109
0	15	104	108	109
0	15	105	108	109
0	15	106	109	110
0	15	107	109	110
0	5	108	109	111
0	5	109	110	112
0	5	110	111	113
0	5	111	112	114
0	5	112	113	116
0	5	113	115	117
0	5	114	116	118
0	13	115	117	123
0	13	116	122	124
0	13	117	123	126
0	13	118	125	127
0	13	119	126	128
0	13	120	127	129
0	16	121	128	130
0	16	122	129	131
0	16	123	130	131
0	16	124	130	132
0	16	125	131	133
0	16	126	132	134
0	16	127	133	134
0	16	128	133	135
0	17	129	134	136
0	17	130	136	137
0	17	131	136	139
0	17	132	139	140
0	17	133	139	140
0	17	134	139	142
0	17	135	141	143
0	18	136	142	144
0	18	137	143	145
0	18	138	145	147
0	18	139	146	148
0	18	140	147	149
0	18	141	148	151
0	18	142	150	151
0	3	143	150	153
0	3	144	152	154
0	3	145	154	157
0	3	146	156	164
0	19	147	163	165
0	19	148	164	167
0	19	149	166	168
0	19	150	167	169
0	19	151	168	170
0	19	152	170	171
0	19	153	171	174
0	20	154	173	174
0	20	155	174	175
0	20	156	174	175
0	20	157	175	176
0	20	158	175	177
0	20	159	176	177
0	20	160	176	177
0	20	161	176	177
0	18	162	176	178
0	18	163	177	180
0	18	164	179	181
0	18	165	180	182
0	18	166	181	183
0	18	167	182	183
0	18	168	182	183
0	21	169	183	184
0	21	170	183	185
0	21	171	184	186
0	21	172	185	188
0	21	173	187	188
0	21	174	187	190
0	21	175	190	191
0	15	176	190	193
0	15	177	192	194
0	15	178	193	196
0	15	179	195	198
0	15	180	197	198
0	15	181	197	199
0	15	182	198	199
0	15	183	199	201
0	13	184	200	205
0	13	185	204	207
0	13	186	206	208
0	13	187	208	209
0	13	188	209	210
0	13	189	209	213
0	19	190	212	221
0	19	191	220	224
0	19	192	223	227
0	19	193	226	229
0	19	194	228	230
0	19	195	229	236
0	13	196	235	240
0	13	197	239	241
0	13	198	240	244
0	13	199	243	246
0	19	200	245	248
0	19	201	247	249
0	19	202	248	250
0	19	203	249	252
0	22	204	251	256
0	22	205	255	257
0	22	206	256	258
0	22	207	257	259
0	22	208	258	261
0	22	209	260	262
0	22	210	261	264
0	23	211	263	268
0	23	212	267	269
0	23	213	268	270
0	23	214	269	271
0	23	215	270	271
0	23	216	270	273
0	23	217	272	274
0	0	218	273	276
0	0	219	275	277
0	0	220	276	278
0	0	221	277	280
0	22	222	279	282
0	22	223	281	283
0	22	224	282	285
0	22	225	284	286
0	22	226	285	286
0	22	227	285	287
0	22	228	286	288
0	24	229	287	295
0	24	230	294	296
0	24	231	295	298
0	24	232	297	299
0	24	233	298	301
0	4	234	300	302
0	4	235	301	303
0	4	236	302	304
0	4	237	303	304
0	4	238	303	305
0	4	239	304	306
0	4	240	305	306
0	4	241	305	306
0	25	242	305	308
0	25	243	307	309
0	22	244	308	311
0	22	245	310	312
0	22	246	311	313
0	22	247	312	314
0	22	248	313	315
0	22	249	314	315
0	22	250	314	316
0	26	251	315	317
0	26	252	317	318
0	26	253	317	319
0	26	254	318	320
0	26	255	319	321
0	26	256	320	322
0	26	257	321	323
0	27	266	325	326
0	27	267	326	328
0	27	268	327	328
0	27	269	327	328
0	27	270	327	329
0	27	271	328	329
0	27	272	328	332
0	27	273	331	334
0	3	274	333	335
0	3	275	335	337
0	3	276	337	338
0	3	277	337	339
0	3	278	338	340
0	3	279	339	340
0	28	280	339	340
0	28	281	340	343
0	28	282	342	344
0	28	283	343	346
0	28	284	346	348
0	28	285	347	348
0	28	286	347	348
0	29	287	347	351
0	29	288	350	352
0	29	289	351	353
0	29	290	352	354
0	29	291	353	355
0	29	292	354	356
0	29	293	355	357
0	30	294	356	357
0	30	295	357	358
0	30	296	357	359
0	30	297	358	359
0	30	298	358	360
1	31	4	361	363
1	31	5	362	363
1	31	6	362	365
1	31	7	364	366
1	31	8	365	367
1	31	9	366	368
1	27	10	367	369
1	27	11	368	370
1	27	12	369	371
1	27	13	370	372
1	27	14	371	372
1	30	15	372	373
1	30	16	372	373
1	30	17	373	374
1	30	18	373	375
1	30	19	374	375
1	30	20	374	376
1	29	31	384	387
1	29	32	386	389
1	29	33	388	390
1	29	34	389	391
1	29	35	390	392
1	29	36	391	393
1	3	37	392	393
1	3	38	393	395
1	3	39	394	397
1	3	40	396	398
1	3	41	397	399
1	3	42	398	402
1	32	43	401	403
1	32	44	402	404
1	32	45	403	405
1	32	46	404	407
1	32	47	406	408
1	32	48	407	409
1	32	49	409	410
1	29	53	413	414
1	10	59	422	426
1	10	60	425	427
1	33	73	437	442
1	33	74	441	443
1	33	75	442	445
1	33	76	444	446
1	33	77	446	447
1	33	78	447	448
1	17	79	448	450
2	2	1	449	451
2	2	2	451	452
2	2	3	451	453
2	2	4	453	454
2	2	5	454	455
2	2	6	455	456
2	2	7	456	457
2	2	8	457	458
2	2	9	457	458
2	2	10	457	458
2	2	11	458	459
2	2	12	459	460
2	34	13	459	461
2	34	14	460	461
2	34	15	461	462
2	34	16	462	463
2	34	17	462	463
2	34	18	463	464
2	34	19	463	464
2	34	20	463	465
2	34	21	465	466
2	34	22	466	467
2	34	23	466	467
2	34	24	466	467
2	34	25	467	468
2	34	26	467	469
2	34	27	468	470
2	34	28	470	471
2	34	29	470	471
2	34	30	470	472
2	35	31	472	475
2	35	32	474	477
2	35	33	476	478
2	35	34	477	478
2	35	35	477	479
2	36	36	478	482
2	36	37	481	483
2	36	38	482	485
2	36	39	484	485
2	36	40	484	486
2	36	41	485	487
2	8	42	486	487
2	8	43	487	489
2	8	44	488	490
2	8	45	489	491
2	5	46	490	492
2	5	47	491	493
2	5	48	492	495
2	5	49	494	496
2	5	50	495	497
2	10	51	496	500
2	10	52	499	500
2	10	53	500	501
2	10	54	500	502
2	5	55	501	503
2	5	56	502	504
2	5	57	503	505
2	5	58	504	506
2	5	59	505	507
2	2	60	506	510
2	2	61	509	511
2	2	62	510	512
2	14	63	511	512
2	30	64	512	514
2	30	65	514	519
2	30	66	518	519
2	30	67	518	521
2	30	68	520	521
2	2	69	520	523
2	2	70	522	523
2	2	71	522	524
2	2	72	523	525
2	2	73	524	527
2	2	74	526	530
2	2	75	529	531
2	2	76	530	533
2	2	77	532	534
2	2	78	533	536
2	2	79	535	538
2	2	80	537	538
2	2	81	537	539
2	19	82	538	541
2	19	83	540	542
2	19	84	541	543
2	19	85	542	544
2	19	86	543	545
2	37	87	545	548
2	37	88	547	549
2	37	89	548	551
2	37	90	550	552
2	37	91	551	553
2	37	92	552	555
2	31	93	555	557
2	31	94	556	558
2	5	95	557	559
2	5	96	558	560
2	5	97	559	560
2	5	98	559	561
2	28	99	560	563
2	28	100	562	564
2	28	101	563	565
2	27	102	565	569
2	27	103	568	569
2	27	104	568	571
2	27	105	570	573
2	27	106	572	575
2	19	107	574	578
2	19	108	577	579
2	19	109	578	580
2	19	110	579	581
2	19	111	580	583
2	8	112	582	586
2	8	113	585	587
2	8	114	587	592
2	8	115	591	593
2	8	116	592	594
2	8	117	593	601
2	8	118	600	601
2	8	119	601	604
2	8	120	604	606
2	8	121	606	608
2	8	122	608	609
2	8	123	609	610
2	38	124	609	617
2	38	125	616	619
2	38	126	618	623
2	38	127	622	624
2	38	128	623	626
2	39	129	625	629
2	39	130	628	631
2	39	131	630	633
2	39	132	632	633
2	39	133	632	634
2	40	134	633	635
2	40	135	635	637
2	40	136	636	638
2	40	137	637	639
2	40	138	638	640
2	40	139	639	642
2	40	140	641	643
2	40	141	642	644
2	40	142	643	645
2	41	143	644	646
2	41	144	645	647
2	41	145	646	649
2	41	146	648	650
2	41	147	649	651
2	41	148	650	652
2	41	149	651	654
2	41	150	653	655
2	41	151	654	656
2	17	152	655	657
2	17	153	656	657
2	39	154	656	659
2	39	155	658	659
2	39	156	659	662
2	39	157	661	662
2	39	158	662	663
2	39	159	662	665
2	39	160	664	665
2	5	165	679	680
2	5	166	680	683
2	5	167	682	685
2	5	168	684	686
2	5	169	685	687
2	5	170	686	688
2	5	171	687	689
2	5	172	688	690
2	42	181	699	701
2	42	182	700	702
2	42	183	701	703
2	42	184	702	705
2	42	185	704	708
2	22	186	707	709
2	22	187	708	710
2	22	188	709	711
2	22	189	710	713
2	22	190	712	714
2	43	204	726	731
2	43	205	730	733
2	43	206	732	735
2	43	207	734	736
3	38	1	756	757
3	38	2	757	759
3	38	3	758	762
3	38	4	762	763
3	38	5	763	764
3	38	6	763	764
3	38	7	763	764
3	26	8	764	781
3	26	9	781	782
3	26	10	781	783
3	26	11	782	783
3	26	12	783	784
3	36	13	783	785
3	36	14	784	785
3	36	15	785	786
3	36	16	786	787
3	36	17	786	788
3	36	18	787	788
3	37	19	787	805
3	37	20	804	805
3	37	21	805	806
3	37	22	806	807
3	37	23	806	808
3	37	24	807	811
3	37	25	810	812
3	37	26	811	814
3	36	27	813	815
3	36	28	814	816
3	36	29	815	817
3	36	30	816	818
3	36	31	817	818
3	36	32	817	819
3	10	33	819	820
3	10	34	819	821
3	10	35	820	822
3	10	36	821	823
3	10	37	822	823
3	39	38	822	825
3	39	39	825	827
3	39	40	826	827
3	39	41	827	828
3	39	42	827	828
3	44	43	827	833
3	44	44	832	833
3	36	45	832	835
3	36	46	834	836
3	36	47	835	837
3	36	48	836	838
3	45	49	838	842
3	45	50	841	843
3	38	51	842	849
3	38	52	848	849
3	38	53	849	850
3	38	54	849	851
3	29	55	850	854
3	29	56	853	854
3	29	57	853	855
3	38	58	854	859
3	38	59	858	860
3	38	60	859	860
3	38	61	859	860
3	30	62	859	865
3	30	63	864	865
3	30	64	864	866
3	30	65	865	866
3	30	66	865	866
3	45	67	866	867
3	45	68	867	868
3	45	69	867	869
3	45	70	869	870
3	45	71	869	872
3	45	72	871	873
3	45	73	872	873
3	11	74	872	873
3	11	75	873	874
3	11	76	873	874
3	11	77	873	875
3	11	78	874	876
3	11	79	875	876
3	11	80	875	876
3	11	81	875	876
3	11	82	875	876
3	26	83	875	877
3	26	84	876	878
3	26	85	877	879
3	26	86	878	880
3	26	87	880	881
3	26	88	880	881
3	29	89	880	882
3	29	90	881	883
3	29	91	883	886
3	29	92	885	887
3	29	93	886	888
3	37	94	887	889
3	37	95	888	890
3	37	96	889	891
3	37	97	890	893
3	37	98	892	895
3	30	99	894	897
3	30	100	896	898
3	30	101	897	900
3	30	102	899	901
3	44	103	900	903
3	44	104	902	905
3	44	105	904	906
3	44	106	905	906
3	37	107	905	910
3	37	108	909	911
3	37	109	910	912
3	37	110	911	913
3	37	111	912	914
3	44	112	913	916
3	44	113	915	918
3	44	114	917	918
3	2	115	917	919
3	2	116	918	922
3	2	117	921	925
3	2	118	925	926
3	2	119	925	927
3	2	120	926	928
3	2	121	927	930
3	2	122	929	931
3	2	123	930	931
3	2	124	930	932
3	41	125	931	934
3	41	126	933	934
3	20	127	933	934
3	20	128	934	935
3	20	129	934	935
3	20	130	934	935
3	20	131	934	936
3	20	132	935	936
3	20	133	935	937
3	44	134	936	938
3	44	135	938	939
3	44	136	938	941
3	44	137	941	943
3	44	138	942	944
3	44	139	943	945
3	19	140	944	949
3	19	141	948	951
3	19	142	950	952
3	19	143	952	954
3	19	144	953	954
3	19	145	953	955
3	19	146	954	955
3	29	147	954	956
3	29	148	955	956
3	29	149	956	959
3	29	150	958	961
3	29	151	960	962
3	29	152	961	964
3	29	153	963	964
3	35	154	963	967
3	35	155	966	970
3	35	156	969	971
3	35	157	970	975
3	41	158	974	977
3	41	159	976	979
3	41	160	979	980
3	41	161	979	981
3	41	162	980	982
3	41	163	981	983
3	41	164	982	984
3	41	165	983	984
3	41	166	983	984
3	41	167	983	985
3	38	168	984	985
3	38	169	986	988
3	38	170	987	995
3	38	171	994	997
3	38	172	996	998
3	38	173	997	998
3	35	174	997	999
3	35	175	998	1000
3	35	176	999	1002
3	35	177	1001	1003
3	35	178	1002	1004
3	45	179	1003	1005
3	45	180	1004	1008
3	45	181	1007	1009
3	45	182	1008	1009
3	45	183	1008	1011
3	21	184	1010	1012
3	21	185	1011	1013
3	21	186	1012	1015
3	21	187	1014	1017
3	21	188	1016	1017
3	35	189	1016	1021
3	35	190	1020	1022
3	35	191	1021	1023
3	35	192	1022	1025
3	16	193	1024	1027
3	16	194	1026	1028
3	16	195	1027	1031
3	16	196	1030	1033
3	35	197	1032	1035
3	35	198	1034	1036
3	35	199	1035	1037
3	35	200	1036	1038
3	35	201	1037	1039
3	35	202	1038	1040
3	19	203	1039	1043
3	19	204	1043	1045
3	19	205	1044	1046
3	19	206	1045	1048
3	19	207	1047	1051
3	19	208	1050	1052
3	30	209	1051	1055
3	30	210	1054	1056
3	30	211	1055	1056
3	30	212	1056	1058
3	30	213	1057	1059
3	30	214	1058	1061
3	36	215	1060	1063
3	36	216	1062	1063
3	36	217	1062	1063
3	36	218	1062	1064
3	36	219	1063	1066
3	40	220	1065	1067
3	40	221	1066	1068
3	40	222	1067	1070
3	40	223	1069	1071
3	17	224	1070	1072
3	17	225	1071	1073
3	17	226	1072	1074
3	17	227	1073	1075
3	17	228	1074	1076
3	17	229	1075	1076
3	32	230	1075	1079
3	32	231	1078	1081
3	32	232	1080	1081
3	32	233	1080	1081
3	32	234	1080	1082
3	32	235	1081	1083
3	32	236	1082	1084
3	32	237	1083	1086
3	23	238	1085	1091
3	23	239	1091	1092
3	23	240	1091	1096
3	37	245	1100	1102
3	37	246	1101	1104
3	37	247	1103	1105
3	37	248	1105	1107
3	37	249	1106	1107
3	37	250	1106	1109
3	35	251	1108	1112
3	35	252	1111	1113
3	35	253	1112	1116
3	19	254	1115	1120
3	19	255	1120	1121
3	19	256	1120	1124
3	19	257	1123	1125
3	17	258	1124	1126
3	17	259	1125	1127
3	17	260	1126	1128
3	17	261	1127	1129
3	17	262	1128	1130
3	17	263	1129	1131
3	17	264	1130	1132
3	41	265	1131	1133
3	41	266	1132	1133
3	41	267	1132	1134
3	41	268	1133	1135
3	41	269	1134	1136
3	41	270	1135	1137
4	0	1	1137	1142
4	0	2	1141	1143
4	0	3	1142	1143
4	0	4	1143	1144
4	0	5	1143	1144
4	7	6	1143	1145
4	7	7	1144	1146
4	7	8	1145	1147
4	7	9	1146	1148
4	7	10	1147	1149
4	7	11	1148	1150
4	7	12	1149	1151
4	7	13	1150	1151
4	46	14	1151	1155
4	46	15	1155	1156
4	46	16	1155	1156
4	46	17	1155	1157
4	46	18	1156	1158
4	46	19	1157	1158
4	10	20	1157	1158
4	10	21	1158	1159
4	10	22	1158	1159
4	15	48	1182	1183
4	15	49	1182	1185
4	15	50	1184	1185
4	15	51	1184	1185
4	15	52	1184	1186
4	3	53	1185	1188
4	3	54	1187	1189
4	3	55	1188	1190
4	3	56	1189	1191
4	3	57	1190	1192
4	3	58	1191	1192
4	10	59	1191	1193
4	10	60	1193	1194
4	10	61	1193	1196
4	10	62	1195	1197
4	10	63	1196	1199
4	10	64	1198	1199
4	20	65	1198	1202
4	20	66	1201	1203
4	20	67	1202	1204
4	20	68	1203	1206
4	21	69	1205	1207
4	21	70	1206	1208
4	21	71	1207	1210
4	21	72	1209	1211
4	21	73	1210	1212
4	27	74	1211	1213
4	27	75	1212	1214
4	27	76	1213	1216
4	27	77	1215	1218
4	27	78	1217	1220
4	27	79	1219	1222
4	27	80	1221	1226
4	27	81	1225	1228
4	13	82	1227	1230
4	13	83	1229	1233
4	13	84	1232	1234
4	13	85	1233	1236
4	13	86	1235	1238
4	46	87	1237	1240
4	46	88	1239	1242
4	46	89	1241	1244
4	27	90	1243	1246
4	27	91	1245	1247
4	27	92	1246	1249
4	27	93	1248	1251
4	44	94	1250	1252
4	44	95	1251	1252
4	44	96	1251	1253
4	44	97	1252	1254
4	44	98	1253	1256
4	44	99	1255	1256
4	47	100	1255	1257
4	47	101	1256	1258
4	47	102	1257	1258
4	47	103	1258	1259
4	47	104	1258	1259
4	27	105	1258	1261
4	27	106	1260	1262
4	27	107	1261	1263
4	27	108	1262	1265
4	27	109	1264	1266
4	33	116	1272	1273
4	3	119	1275	1277
4	3	120	1276	1278
4	3	121	1277	1280
4	3	122	1279	1281
4	3	123	1280	1282
4	3	124	1281	1283
4	3	125	1282	1284
5	47	1	1283	1288
5	47	2	1287	1288
5	47	3	1288	1290
5	47	4	1289	1290
5	47	5	1290	1291
5	47	6	1290	1291
5	47	7	1290	1291
5	47	8	1290	1291
5	47	9	1290	1291
5	47	10	1291	1292
5	3	11	1291	1295
5	3	12	1294	1296
5	3	13	1295	1297
5	3	14	1296	1299
5	3	15	1299	1301
5	3	16	1300	1301
5	3	17	1300	1302
5	3	18	1301	1303
5	3	19	1302	1304
5	3	20	1304	1305
5	3	21	1305	1306
5	6	22	1306	1308
5	6	23	1307	1308
5	6	24	1308	1309
5	6	25	1308	1309
5	6	26	1309	1310
5	6	27	1309	1311
5	31	28	1310	1313
5	31	29	1312	1314
5	31	30	1313	1316
5	6	31	1315	1316
5	6	32	1316	1318
5	6	33	1317	1319
5	6	34	1318	1320
5	6	35	1320	1321
5	6	36	1320	1322
5	45	37	1321	1324
5	45	38	1323	1324
5	29	39	1323	1324
5	29	40	1323	1324
5	29	41	1323	1327
5	29	42	1326	1327
5	29	43	1327	1328
5	29	44	1329	1330
5	29	45	1329	1331
5	29	46	1331	1332
5	29	47	1331	1332
5	48	48	1331	1333
5	48	49	1332	1334
5	48	50	1333	1335
5	48	51	1334	1336
5	48	52	1335	1337
5	48	53	1336	1338
5	23	54	1337	1339
5	23	55	1338	1339
5	23	56	1338	1340
5	23	57	1339	1342
5	23	58	1341	1343
5	23	59	1342	1344
5	23	60	1343	1344
5	23	61	1343	1345
5	23	62	1344	1345
5	2	63	1344	1349
5	2	64	1348	1350
5	2	65	1349	1351
5	45	66	1350	1351
5	45	67	1352	1353
5	45	68	1352	1354
5	45	69	1353	1354
5	45	70	1353	1354
5	46	71	1353	1357
5	46	72	1356	1360
5	12	73	1359	1362
5	12	74	1361	1362
5	12	75	1361	1364
5	12	76	1363	1368
5	12	77	1367	1368
5	12	78	1367	1368
5	4	79	1367	1370
5	4	80	1369	1372
5	4	81	1371	1373
5	49	82	1372	1373
5	49	83	1373	1374
5	49	84	1373	1375
5	49	85	1374	1376
5	49	86	1376	1377
5	49	87	1376	1378
5	49	88	1377	1380
5	38	89	1379	1380
5	38	90	1381	1383
5	38	91	1383	1384
5	38	92	1383	1384
5	38	93	1383	1386
5	3	94	1385	1387
5	3	95	1386	1389
5	3	96	1388	1390
5	3	97	1389	1390
5	10	98	1389	1393
5	10	99	1392	1393
5	10	100	1392	1394
5	10	101	1393	1395
5	10	102	1394	1397
5	14	103	1396	1397
5	14	104	1397	1399
5	14	105	1398	1399
5	14	106	1398	1399
5	14	107	1398	1399
5	14	108	1398	1399
5	49	109	1398	1399
5	49	110	1399	1400
5	49	111	1399	1401
5	49	112	1400	1402
5	49	113	1401	1403
5	49	114	1402	1405
5	49	115	1404	1406
5	49	116	1405	1407
5	49	117	1406	1407
5	49	118	1407	1408
5	49	119	1407	1409
5	49	120	1408	1411
5	49	121	1410	1412
5	49	122	1411	1413
5	49	123	1413	1414
5	49	124	1413	1415
5	5	125	1414	1416
5	5	126	1415	1417
5	5	127	1416	1418
5	5	128	1417	1419
5	5	129	1418	1420
5	5	130	1419	1421
5	39	131	1420	1423
5	39	132	1422	1423
5	39	133	1422	1424
5	39	134	1423	1425
5	39	135	1424	1426
5	48	141	1430	1431
5	48	142	1430	1431
5	48	143	1430	1431
5	48	144	1430	1434
5	48	145	1433	1435
5	48	146	1434	1435
5	48	147	1434	1438
5	48	148	1437	1440
5	48	149	1439	1442
5	48	150	1441	1445
5	48	151	1444	1449
5	4	152	1448	1450
5	4	153	1450	1455
5	4	154	1454	1456
5	4	155	1455	1459
5	4	156	1458	1460
5	4	157	1459	1461
5	41	185	1484	1486
5	41	186	1485	1490
5	41	187	1490	1491
5	41	188	1490	1497
5	41	189	1496	1501
5	41	190	1500	1502
5	24	191	1501	1504
5	24	192	1503	1505
5	24	193	1504	1506
5	24	194	1505	1507
5	24	195	1506	1509
5	24	196	1508	1509
5	24	197	1508	1509
5	24	198	1508	1509
5	24	199	1508	1509
5	24	200	1508	1509
5	24	201	1508	1509
5	22	202	1508	1510
5	22	203	1509	1513
5	22	204	1512	1518
5	22	205	1517	1520
5	22	206	1519	1522
5	35	214	1527	1529
5	35	215	1528	1531
5	35	216	1530	1531
5	19	217	1530	1532
5	19	218	1531	1533
5	19	219	1532	1534
5	19	220	1533	1534
5	19	221	1533	1534
5	40	235	1548	1549
5	40	236	1549	1550
5	40	237	1549	1552
5	40	238	1551	1555
6	45	1	1565	1566
6	45	2	1565	1567
6	45	3	1566	1568
6	45	4	1567	1568
6	45	5	1567	1569
6	50	6	1569	1571
6	50	7	1570	1571
6	50	8	1570	1572
6	50	9	1571	1573
6	50	10	1572	1574
6	45	11	1573	1575
6	45	12	1575	1576
6	45	13	1575	1577
6	45	14	1576	1577
6	45	15	1577	1578
6	45	16	1577	1578
6	45	17	1577	1578
6	51	18	1578	1579
6	51	19	1578	1579
6	51	20	1578	1579
6	51	21	1578	1579
6	51	22	1578	1579
6	51	23	1578	1579
6	29	24	1578	1581
6	29	25	1581	1582
6	29	26	1581	1584
6	29	27	1583	1585
6	31	28	1585	1591
6	31	29	1590	1592
6	31	30	1591	1593
6	31	31	1592	1595
6	31	32	1594	1596
6	35	33	1595	1598
6	35	34	1597	1598
6	35	35	1597	1599
6	35	36	1598	1600
6	35	37	1599	1602
6	35	38	1601	1605
6	35	39	1604	1606
6	35	40	1605	1606
6	35	41	1605	1608
6	3	42	1607	1610
6	3	43	1609	1612
6	3	44	1611	1613
6	3	45	1612	1614
6	3	46	1613	1615
6	29	47	1614	1617
6	29	48	1617	1619
6	29	49	1618	1620
6	29	50	1619	1621
6	29	51	1621	1623
6	29	52	1622	1624
6	29	53	1623	1625
6	31	54	1624	1630
6	31	55	1629	1631
6	31	56	1630	1632
6	31	57	1631	1633
6	31	58	1632	1635
6	49	59	1634	1637
6	49	60	1636	1638
6	49	61	1637	1639
6	49	62	1638	1639
6	31	63	1638	1640
6	31	64	1639	1641
6	31	65	1640	1642
6	31	66	1641	1643
6	35	67	1642	1649
6	35	68	1648	1650
6	51	69	1649	1652
6	51	70	1651	1652
6	51	71	1651	1652
6	51	72	1651	1652
6	51	73	1651	1653
6	51	74	1652	1654
6	51	75	1653	1655
6	51	76	1654	1655
6	51	77	1654	1656
6	51	78	1656	1657
6	51	79	1656	1658
6	51	80	1657	1659
6	8	81	1658	1670
6	8	82	1670	1672
6	8	83	1671	1672
6	8	84	1672	1674
6	8	85	1673	1674
6	8	86	1673	1674
6	11	87	1673	1675
6	11	88	1674	1676
6	11	89	1675	1677
6	11	90	1676	1678
6	23	91	1677	1679
6	23	92	1678	1681
6	23	93	1680	1683
6	29	94	1682	1683
6	29	95	1684	1685
6	29	96	1684	1686
6	29	97	1686	1688
6	29	98	1687	1689
6	29	99	1688	1689
6	29	100	1688	1689
6	38	101	1688	1691
6	38	102	1690	1692
6	38	103	1691	1693
6	38	104	1693	1694
6	38	105	1693	1696
6	38	106	1695	1699
6	38	107	1698	1700
6	38	108	1699	1701
6	38	109	1700	1701
6	38	110	1700	1701
6	38	111	1700	1701
6	30	112	1700	1704
6	30	113	1703	1705
6	30	114	1704	1706
6	30	115	1705	1706
6	3	116	1705	1706
6	3	117	1706	1708
6	3	118	1707	1709
6	3	119	1708	1710
6	3	120	1709	1710
6	3	121	1709	1712
6	3	122	1711	1713
6	11	123	1712	1714
6	11	124	1714	1715
6	11	125	1714	1715
6	11	126	1715	1717
6	11	127	1716	1718
6	11	128	1717	1719
6	11	129	1718	1721
6	11	130	1720	1721
6	11	131	1720	1721
6	52	132	1720	1722
6	52	133	1721	1724
6	52	134	1723	1726
6	52	135	1725	1728
6	52	136	1727	1729
6	52	137	1728	1729
6	24	138	1728	1731
6	24	139	1730	1735
6	24	140	1734	1736
6	24	141	1735	1739
6	24	142	1738	1740
6	24	143	1739	1741
6	18	144	1740	1741
6	18	145	1741	1744
6	18	146	1743	1745
6	18	147	1744	1746
6	18	148	1745	1747
6	18	149	1746	1747
6	18	150	1746	1747
6	23	151	1746	1748
6	23	152	1747	1749
6	23	153	1748	1750
6	23	154	1749	1750
6	23	155	1750	1752
6	23	156	1752	1753
6	23	157	1752	1754
6	23	158	1753	1755
6	23	159	1754	1755
6	23	160	1754	1755
6	11	161	1754	1757
6	11	162	1756	1758
6	11	163	1757	1760
6	11	164	1760	1764
6	11	165	1763	1765
6	12	166	1764	1766
6	12	167	1766	1767
6	12	168	1767	1768
6	12	169	1767	1769
6	12	170	1768	1771
6	12	171	1770	1774
6	12	172	1773	1775
6	12	173	1774	1775
6	40	174	1774	1779
6	40	175	1778	1782
6	40	176	1781	1783
6	40	177	1782	1784
6	40	178	1783	1786
6	40	179	1785	1787
6	32	180	1786	1789
6	32	181	1788	1790
6	32	182	1789	1791
6	32	183	1790	1792
6	32	184	1791	1793
6	32	185	1793	1795
6	32	186	1794	1797
6	32	187	1796	1797
6	53	188	1796	1798
6	53	189	1797	1801
6	53	190	1800	1802
6	53	191	1801	1802
6	53	192	1801	1802
6	53	193	1801	1803
6	42	194	1802	1805
6	42	195	1804	1807
6	42	196	1806	1808
6	42	197	1807	1809
6	42	198	1808	1810
6	42	199	1809	1810
6	42	200	1809	1810
6	12	206	1810	1813
6	12	207	1812	1814
6	12	208	1813	1815
6	12	209	1814	1816
6	12	210	1815	1817
6	12	211	1816	1818
6	12	212	1817	1819
6	12	213	1818	1820
6	12	214	1819	1820
6	52	215	1819	1824
6	52	216	1823	1825
6	52	217	1824	1826
6	52	218	1825	1828
6	52	219	1827	1828
6	12	220	1827	1830
6	12	221	1829	1831
6	12	222	1830	1832
6	12	223	1831	1833
6	12	224	1832	1834
6	12	225	1833	1834
6	12	226	1833	1834
6	12	227	1833	1834
6	37	228	1833	1836
6	37	229	1835	1837
6	37	230	1836	1838
6	37	231	1837	1839
6	37	232	1838	1840
6	37	233	1839	1841
6	37	234	1840	1841
6	37	235	1840	1841
6	37	236	1841	1843
6	16	237	1842	1845
6	16	238	1844	1847
6	16	239	1846	1849
6	30	240	1848	1851
6	30	241	1850	1852
6	30	242	1852	1853
6	30	243	1852	1854
6	30	244	1853	1854
6	30	245	1854	1855
6	54	246	1854	1858
6	54	247	1858	1860
6	54	248	1859	1861
6	54	249	1860	1861
6	29	250	1860	1862
6	29	251	1861	1863
6	29	252	1862	1864
6	29	253	1863	1865
6	29	254	1864	1866
6	29	255	1865	1866
6	3	256	1865	1868
6	3	257	1867	1869
6	3	258	1868	1870
6	3	259	1869	1871
6	3	260	1870	1873
6	55	261	1872	1874
6	55	262	1873	1876
6	55	263	1875	1881
6	55	264	1880	1889
6	55	265	1888	1890
6	55	266	1889	1890
6	19	272	1897	1899
6	19	273	1898	1902
6	19	274	1902	1903
6	23	279	1906	1911
6	23	280	1910	1911
6	23	281	1911	1912
6	23	282	1911	1912
6	19	283	1911	1912
6	19	284	1912	1913
6	19	285	1912	1914
6	19	286	1913	1916
6	19	287	1915	1917
6	19	288	1916	1918
6	19	289	1917	1920
7	23	1	1920	1921
7	23	2	1920	1921
7	23	3	1920	1925
7	23	4	1924	1925
7	23	5	1924	1925
7	23	6	1924	1926
7	23	7	1925	1926
7	36	8	1925	1929
7	36	9	1928	1930
7	36	10	1929	1931
7	36	11	1930	1932
7	51	12	1931	1934
7	51	13	1933	1934
7	51	14	1934	1935
7	51	15	1934	1935
7	51	16	1934	1935
7	13	17	1934	1935
7	13	18	1936	1938
7	13	19	1937	1938
7	13	20	1939	1940
7	13	21	1939	1940
7	13	22	1940	1941
7	13	23	1940	1941
7	52	24	1941	1942
7	52	25	1941	1942
7	52	26	1942	1943
7	52	27	1942	1943
7	52	28	1942	1943
7	23	29	1942	1944
7	23	30	1943	1946
7	23	31	1945	1947
7	23	32	1946	1949
7	23	33	1948	1950
7	23	34	1949	1950
7	26	35	1949	1952
7	26	36	1951	1954
7	26	37	1953	1955
7	26	38	1954	1956
7	26	39	1955	1957
7	50	40	1956	1958
7	50	41	1957	1960
7	50	42	1959	1962
7	49	43	1961	1964
7	49	44	1963	1966
7	49	45	1965	1968
7	49	46	1967	1969
7	49	47	1968	1970
7	49	48	1969	1970
7	24	55	1974	1978
7	24	56	1977	1979
7	24	57	1978	1980
7	24	58	1979	1981
7	8	59	1980	1982
7	8	60	1981	1984
7	8	61	1983	1985
7	20	75	1993	1994
7	20	76	1994	1995
7	20	77	1995	1996
7	20	78	1995	1997
7	20	79	1996	1998
7	8	80	1997	2000
7	8	81	1999	2002
7	8	82	2001	2003
7	8	83	2002	2004
7	8	84	2003	2005
7	40	85	2004	2006
7	40	86	2005	2006
7	40	87	2005	2008
7	40	88	2007	2009
7	40	89	2008	2009
7	40	90	2008	2009
7	8	99	2015	2016
7	8	100	2016	2019
7	8	101	2018	2020
7	8	102	2019	2020
7	8	103	2019	2020
7	19	132	2052	2057
7	19	133	2057	2060
7	19	134	2059	2064
7	28	135	2063	2066
7	28	136	2065	2067
7	28	137	2066	2068
7	28	138	2067	2070
7	56	153	2089	2091
7	56	154	2090	2093
7	56	155	2092	2094
7	56	156	2093	2095
7	56	157	2094	2096
7	56	158	2095	2099
7	52	159	2098	2102
7	52	160	2102	2105
7	52	161	2104	2106
7	52	162	2106	2109
7	0	164	2113	2115
7	0	165	2114	2115
7	0	166	2114	2116
7	0	167	2115	2117
7	0	168	2116	2117
7	8	169	2116	2119
7	8	170	2118	2120
7	8	171	2120	2122
7	8	172	2122	2124
7	8	173	2124	2126
8	28	1	2126	2127
8	28	2	2126	2127
8	28	3	2127	2128
8	28	4	2127	2128
8	28	5	2127	2129
8	28	6	2128	2129
8	28	7	2129	2130
8	28	8	2130	2131
8	28	9	2130	2134
8	31	10	2134	2135
8	31	11	2135	2136
8	31	12	2135	2137
8	31	13	2136	2138
8	31	14	2137	2138
8	31	15	2138	2139
8	27	16	2139	2142
8	27	17	2141	2142
8	27	18	2142	2143
8	27	19	2142	2143
8	27	20	2143	2144
8	46	21	2144	2147
8	46	22	2146	2148
8	46	23	2148	2149
8	46	24	2148	2150
8	46	25	2149	2150
8	47	26	2149	2151
8	47	27	2150	2153
8	47	28	2152	2153
8	47	29	2152	2154
8	27	30	2154	2156
8	27	31	2155	2159
8	27	32	2158	2161
8	27	33	2160	2162
8	3	34	2161	2165
8	3	35	2164	2166
8	3	36	2165	2167
8	3	37	2166	2168
8	4	38	2167	2172
8	4	39	2171	2173
8	4	40	2172	2173
8	4	41	2172	2176
8	13	42	2175	2178
8	13	43	2177	2178
8	13	44	2178	2179
8	13	45	2179	2180
8	13	46	2179	2181
8	13	47	2181	2182
8	39	48	2181	2187
8	39	49	2186	2188
8	39	50	2187	2188
8	39	51	2187	2188
8	39	52	2187	2189
8	39	53	2188	2189
8	49	54	2188	2190
8	49	55	2189	2191
8	49	56	2190	2192
8	49	57	2191	2193
8	49	58	2192	2193
8	3	59	2192	2194
8	3	60	2193	2196
8	3	61	2195	2197
8	3	62	2196	2200
8	12	63	2199	2202
8	12	64	2202	2204
8	12	65	2203	2204
8	12	66	2204	2206
8	12	67	2205	2207
8	12	68	2206	2208
8	12	69	2207	2208
8	29	70	2207	2209
8	29	71	2209	2210
8	29	72	2210	2211
8	29	73	2210	2212
8	29	74	2212	2213
8	29	75	2212	2214
8	29	76	2213	2214
8	29	77	2213	2215
8	6	78	2214	2216
8	6	79	2215	2216
8	6	80	2215	2216
8	6	81	2215	2216
8	6	82	2215	2217
8	12	83	2216	2219
8	12	84	2218	2219
8	12	85	2218	2220
8	12	86	2219	2221
8	12	87	2220	2221
8	12	88	2220	2221
8	12	89	2220	2221
8	12	90	2220	2221
8	31	91	2220	2224
8	31	92	2223	2226
8	31	93	2225	2227
8	31	94	2227	2229
8	31	95	2228	2231
8	19	96	2230	2231
8	19	97	2231	2232
8	19	98	2231	2232
8	19	99	2231	2233
8	19	100	2232	2235
8	19	101	2234	2238
8	2	102	2237	2238
8	2	103	2238	2240
8	2	104	2239	2240
8	2	105	2239	2243
8	2	106	2242	2244
8	2	107	2243	2245
8	57	108	2244	2248
8	57	109	2248	2251
8	57	110	2250	2255
8	57	111	2254	2255
8	31	112	2254	2257
8	31	113	2256	2258
8	31	114	2257	2260
8	31	115	2259	2261
8	31	116	2260	2262
8	31	117	2261	2263
8	31	118	2262	2264
8	8	119	2263	2270
8	8	120	2270	2272
8	8	121	2271	2274
8	8	122	2274	2276
8	8	123	2276	2277
8	8	124	2276	2277
8	8	125	2277	2279
8	8	126	2278	2279
8	8	127	2278	2279
8	8	128	2278	2279
8	28	129	2278	2281
8	28	130	2280	2282
8	28	131	2281	2284
8	28	132	2283	2285
8	28	133	2284	2286
8	46	134	2286	2289
8	46	135	2288	2290
8	46	136	2289	2291
8	46	137	2290	2292
8	46	138	2291	2293
8	46	139	2292	2294
8	19	140	2293	2298
8	19	141	2297	2298
8	19	142	2297	2300
8	19	143	2299	2302
8	19	144	2301	2303
8	19	145	2302	2304
8	19	146	2303	2305
8	19	147	2304	2305
8	19	148	2304	2305
8	5	149	2305	2307
8	5	150	2306	2308
8	5	151	2307	2309
8	5	152	2308	2310
8	5	153	2309	2311
8	5	154	2310	2312
8	5	155	2311	2313
8	5	156	2312	2315
8	5	157	2314	2317
8	8	158	2316	2318
8	8	159	2318	2321
8	8	160	2321	2324
8	8	161	2324	2326
8	8	162	2326	2328
8	8	163	2328	2330
8	8	164	2330	2332
8	8	165	2331	2334
8	45	166	2334	2335
8	45	167	2335	2336
8	45	168	2336	2337
8	45	169	2336	2340
8	45	170	2339	2344
8	45	171	2343	2345
8	5	172	2344	2346
8	5	173	2345	2347
8	5	174	2346	2348
8	5	175	2347	2349
8	5	176	2348	2350
8	5	177	2349	2351
8	5	178	2350	2352
8	5	179	2351	2353
8	5	180	2352	2354
8	20	181	2353	2355
8	20	182	2354	2355
8	20	183	2354	2355
8	20	184	2354	2356
8	20	185	2355	2357
8	20	186	2356	2357
8	20	187	2356	2357
8	20	188	2356	2357
8	20	189	2356	2357
8	20	190	2356	2357
8	20	191	2356	2357
8	53	192	2356	2357
8	53	193	2356	2357
8	53	194	2357	2358
8	53	195	2357	2359
8	53	196	2358	2361
8	53	197	2360	2362
8	53	198	2361	2362
8	53	199	2362	2363
8	53	200	2362	2365
8	39	201	2364	2368
8	39	202	2367	2370
8	39	203	2369	2371
8	39	204	2370	2372
8	39	205	2371	2373
8	39	206	2372	2374
8	39	207	2374	2375
8	15	208	2374	2377
8	15	209	2376	2377
8	15	210	2377	2379
8	15	211	2378	2381
8	15	212	2380	2382
8	15	213	2381	2383
8	3	214	2382	2384
8	3	215	2383	2385
8	3	216	2385	2386
8	3	217	2385	2387
8	3	218	2386	2388
8	3	219	2387	2389
8	3	220	2388	2389
8	3	221	2388	2390
8	27	222	2389	2392
8	27	223	2392	2394
8	27	224	2393	2396
8	27	225	2395	2397
8	27	226	2396	2398
8	58	227	2397	2400
8	58	228	2400	2402
8	58	229	2401	2402
8	58	230	2401	2404
8	58	231	2403	2405
8	58	232	2404	2406
8	13	236	2410	2415
8	13	237	2414	2417
8	13	238	2416	2418
8	13	239	2417	2419
8	13	240	2418	2420
8	19	241	2419	2422
8	19	242	2421	2426
8	19	243	2425	2428
8	19	244	2427	2430
8	19	245	2430	2431
8	19	246	2431	2432
8	45	247	2431	2435
8	45	248	2434	2436
8	45	249	2435	2438
8	45	250	2437	2439
8	45	251	2438	2441
8	59	252	2440	2443
8	59	253	2442	2444
8	59	254	2443	2445
8	59	255	2444	2447
8	59	256	2446	2448
8	59	257	2447	2449
8	58	258	2448	2451
8	58	259	2450	2452
8	58	260	2452	2453
8	58	261	2452	2455
8	29	262	2454	2456
8	29	263	2455	2457
8	29	264	2456	2459
8	29	265	2458	2459
8	29	266	2458	2459
8	29	267	2458	2459
8	8	268	2458	2459
8	8	269	2458	2459
8	8	270	2459	2463
8	8	271	2462	2465
8	8	272	2464	2466
8	5	273	2466	2468
8	5	274	2467	2469
8	5	275	2468	2470
8	5	276	2469	2470
8	5	277	2469	2470
8	5	278	2469	2471
8	5	279	2470	2472
8	5	280	2471	2473
8	2	281	2472	2476
8	2	282	2475	2477
8	2	283	2476	2477
8	2	284	2476	2480
8	40	290	2483	2485
8	40	291	2484	2485
8	40	292	2484	2487
9	14	1	2486	2487
9	14	2	2487	2488
9	14	3	2487	2488
9	14	4	2487	2488
9	14	5	2487	2488
9	14	6	2487	2488
9	14	7	2488	2489
9	14	8	2488	2489
9	14	9	2488	2489
9	14	10	2488	2489
9	60	11	2488	2489
9	60	12	2488	2489
9	60	13	2489	2491
9	60	14	2490	2491
9	60	15	2490	2491
9	60	16	2490	2491
9	60	17	2490	2491
9	60	18	2490	2492
9	60	19	2492	2493
9	60	20	2493	2494
9	60	21	2493	2494
9	60	22	2495	2497
9	60	23	2496	2498
9	60	24	2497	2500
9	60	25	2500	2501
9	60	26	2500	2501
9	60	27	2500	2501
9	50	28	2500	2502
9	50	29	2501	2503
9	50	30	2502	2504
9	50	31	2503	2505
9	52	32	2504	2507
9	52	33	2506	2509
9	52	34	2508	2511
9	52	35	2510	2512
9	52	36	2511	2513
9	60	37	2512	2517
9	60	38	2516	2517
9	60	39	2516	2518
9	37	40	2517	2518
9	37	41	2518	2519
9	37	42	2518	2521
9	37	43	2520	2521
9	37	44	2520	2524
9	37	45	2523	2524
9	26	46	2523	2524
9	26	47	2524	2525
9	26	48	2524	2526
9	26	49	2525	2527
9	26	50	2526	2528
9	11	51	2527	2529
9	11	52	2528	2529
9	11	53	2528	2531
9	52	54	2530	2531
9	52	55	2532	2533
9	52	56	2532	2534
9	52	57	2533	2535
9	52	58	2534	2536
9	52	59	2535	2536
9	49	60	2535	2537
9	49	61	2537	2541
9	49	62	2540	2542
9	49	63	2541	2544
9	49	64	2543	2545
9	10	65	2545	2546
9	10	66	2546	2549
9	10	67	2549	2550
9	52	68	2549	2553
9	52	69	2552	2554
9	52	70	2553	2555
9	52	71	2554	2555
9	52	72	2554	2555
9	19	73	2554	2555
9	19	74	2555	2556
9	19	75	2555	2557
9	19	76	2556	2558
9	19	77	2557	2559
9	14	78	2558	2559
9	14	79	2559	2560
9	14	80	2559	2560
9	14	81	2559	2560
9	14	82	2559	2560
9	11	83	2560	2562
9	11	84	2561	2562
9	11	85	2561	2564
9	11	86	2563	2565
9	11	87	2564	2565
9	11	88	2564	2565
9	49	89	2564	2567
9	49	90	2566	2568
9	49	91	2568	2569
9	49	92	2568	2570
9	49	93	2569	2571
9	49	94	2570	2572
9	49	95	2571	2573
9	52	96	2572	2574
9	52	97	2573	2575
9	52	98	2574	2576
9	52	99	2575	2576
9	52	100	2575	2576
9	52	101	2575	2577
9	11	102	2576	2577
9	11	103	2577	2578
9	11	104	2577	2580
9	11	105	2579	2581
9	11	106	2580	2582
9	11	107	2581	2582
9	11	108	2581	2582
9	55	109	2582	2584
9	55	110	2583	2585
9	55	111	2584	2586
9	55	112	2585	2587
9	61	113	2586	2587
9	61	114	2587	2588
9	61	115	2587	2589
9	61	116	2588	2589
9	61	117	2588	2590
9	61	118	2589	2591
9	61	119	2590	2592
9	61	120	2591	2593
9	2	121	2592	2595
9	2	122	2594	2596
9	2	123	2595	2597
9	14	124	2596	2597
9	14	125	2597	2598
9	14	126	2597	2598
9	14	127	2597	2599
9	12	128	2598	2600
9	12	129	2599	2600
9	12	130	2599	2601
9	12	131	2601	2603
9	12	132	2602	2604
9	12	133	2603	2605
9	12	134	2604	2606
9	12	135	2605	2607
9	12	136	2606	2608
9	12	137	2607	2610
9	61	138	2609	2612
9	61	139	2611	2613
9	61	140	2612	2614
9	61	141	2613	2615
9	61	142	2614	2617
9	61	143	2616	2618
9	61	144	2617	2619
9	61	145	2618	2620
9	53	146	2619	2621
9	53	147	2621	2622
9	53	148	2621	2625
9	53	149	2624	2625
9	53	150	2624	2627
9	53	151	2626	2631
9	46	152	2630	2633
9	46	153	2632	2637
9	46	154	2636	2638
9	46	155	2637	2640
9	0	156	2639	2641
9	0	157	2640	2642
9	18	158	2641	2642
9	18	159	2642	2644
9	18	160	2643	2645
9	18	161	2644	2646
9	18	162	2645	2646
9	18	163	2646	2647
9	18	164	2646	2649
9	18	165	2648	2650
9	62	166	2649	2653
9	62	167	2652	2654
9	62	168	2653	2655
9	62	169	2654	2656
9	62	170	2655	2657
9	62	171	2656	2658
9	62	172	2657	2658
9	62	173	2657	2659
9	45	174	2658	2660
9	45	175	2660	2662
9	45	176	2661	2666
9	45	177	2665	2668
9	30	178	2667	2669
9	30	179	2669	2671
9	30	180	2670	2673
9	30	181	2672	2674
9	30	182	2673	2674
9	30	183	2673	2675
9	29	184	2674	2675
9	29	185	2675	2676
9	29	186	2675	2677
9	29	187	2676	2678
9	29	188	2677	2678
9	29	189	2678	2680
9	29	190	2679	2680
9	48	191	2679	2681
9	48	192	2680	2682
9	48	193	2681	2682
9	48	194	2681	2683
9	48	195	2682	2684
9	48	196	2683	2685
9	14	197	2684	2690
9	14	198	2689	2692
9	14	199	2691	2693
9	14	200	2692	2694
9	14	201	2693	2694
9	14	202	2693	2695
9	14	203	2695	2696
9	14	204	2695	2696
9	14	205	2695	2696
9	14	206	2695	2696
9	14	207	2695	2696
9	14	208	2695	2696
9	55	209	2695	2697
9	55	210	2696	2698
9	55	211	2697	2699
9	55	212	2698	2701
9	55	213	2700	2702
9	55	214	2701	2703
9	55	215	2702	2705
9	55	216	2704	2706
9	55	217	2705	2707
9	2	218	2706	2708
9	2	219	2707	2709
9	2	220	2708	2711
9	2	221	2710	2714
9	55	222	2713	2714
9	55	223	2714	2715
9	55	224	2714	2716
9	55	225	2715	2716
9	55	226	2715	2716
9	55	227	2715	2716
9	63	228	2715	2717
9	63	229	2717	2718
9	63	230	2717	2719
9	63	231	2718	2720
9	63	232	2719	2722
9	63	233	2721	2723
9	63	234	2722	2724
9	24	235	2723	2725
9	24	236	2724	2728
9	24	237	2727	2730
9	24	238	2729	2731
9	24	239	2730	2732
9	8	240	2731	2733
9	8	241	2733	2735
9	8	242	2734	2736
9	8	243	2736	2737
9	8	244	2736	2738
9	11	245	2738	2741
9	11	246	2740	2741
9	11	247	2740	2742
9	11	248	2741	2743
9	2	256	2751	2754
9	2	257	2753	2755
9	2	258	2754	2755
9	2	259	2754	2756
9	2	260	2755	2758
9	2	261	2757	2760
9	14	262	2759	2760
9	14	263	2760	2761
9	14	264	2760	2761
9	14	265	2761	2762
9	14	266	2761	2762
9	14	267	2761	2763
9	14	268	2762	2763
9	14	269	2762	2763
9	8	270	2762	2766
9	8	271	2765	2768
9	11	272	2767	2769
9	11	273	2768	2769
9	11	274	2768	2770
9	11	275	2769	2771
9	11	276	2770	2771
