0	0	1	-1	102
0	0	2	121	193
0	0	3	535	536
0	0	4	583	668
0	0	5	943	944
0	0	6	1107	1286
0	0	7	1802	1804
0	1	8	1898	2048
0	1	9	2105	2106
0	1	10	2215	2216
0	1	11	2278	2279
0	1	12	2358	2359
0	1	13	2426	2460
0	0	14	2502	2530
0	0	15	2611	2635
0	0	16	2970	2985
0	0	17	3015	3016
0	0	18	3047	3055
0	0	19	3137	3138
0	2	20	3209	3210
0	2	21	3210	3211
0	2	22	3238	3240
0	2	23	3259	3261
0	2	24	3332	3334
0	2	25	3405	3406
0	2	26	3431	3663
0	3	27	3698	3707
0	3	28	3711	3816
0	3	29	3866	3868
0	3	30	3886	4385
0	4	31	4412	4414
0	4	32	4413	4414
0	4	33	4427	4429
0	4	34	4479	4481
0	4	35	4521	4522
0	4	36	4549	4551
0	5	37	4562	4564
0	5	38	4594	4640
0	5	39	4658	4659
0	5	40	4677	4679
0	5	41	4739	4786
0	5	42	4799	4801
0	6	43	4819	4823
0	6	44	4824	4881
0	6	45	5018	5020
0	6	46	5088	5091
0	6	47	5155	5229
0	7	48	5324	5345
0	7	49	5354	5356
0	7	50	5362	5364
0	7	51	5364	5366
0	7	52	5435	5437
0	7	53	5445	5447
0	8	54	5633	5635
0	8	55	5635	5692
0	8	56	5777	5806
0	8	57	5895	5934
0	8	58	5946	6015
0	8	59	6122	6161
0	9	60	6217	6219
0	9	61	6219	6310
0	9	62	6417	6419
0	9	63	6483	6708
0	10	70	7114	7137
0	10	71	7182	7184
0	10	72	7226	7228
0	11	73	7239	7240
0	11	74	7240	7241
0	11	75	7294	7434
0	12	76	7477	7486
0	12	77	7552	7560
0	12	78	7647	7648
0	3	79	7661	7663
0	3	80	7685	7696
0	3	81	7696	7699
0	3	82	7704	7706
0	3	83	7711	7713
0	13	84	7736	7738
0	13	85	7738	7739
0	13	86	7749	7852
0	13	87	7894	7897
0	13	88	8026	8068
0	14	89	8067	8068
0	14	90	8068	8112
0	14	91	8111	8117
0	14	92	8157	8158
0	14	93	8279	8320
0	12	94	8398	8400
0	12	95	8414	8415
0	12	96	8509	8510
0	12	97	8580	8624
0	12	98	8736	8791
0	12	99	8870	8977
0	12	100	9060	9061
0	15	101	9112	9121
0	15	102	9169	9232
0	15	103	9261	9280
0	15	104	9347	9348
0	15	105	9385	9394
0	15	106	9415	9477
0	15	107	9539	9589
0	5	108	9643	9645
0	5	109	9677	9679
0	5	110	9719	9725
0	5	111	9763	9790
0	5	112	9871	9874
0	5	113	9911	9913
0	5	114	9988	9990
0	13	115	10005	10029
0	13	116	10049	10051
0	13	117	10055	10058
0	13	118	10062	10064
0	13	119	10063	10280
0	13	120	10334	10336
0	16	121	10415	10425
0	16	122	10425	10427
0	16	123	10471	10472
0	16	124	10478	10495
0	16	125	10505	10507
0	16	126	10506	10508
0	16	127	10532	10535
0	16	128	10880	10882
0	17	129	10887	10892
0	17	130	11264	11265
0	17	131	11416	11442
0	17	132	11493	11495
0	17	133	11565	11566
0	17	134	11658	11710
0	17	135	11739	11750
0	18	136	11833	11974
0	18	137	11973	11975
0	18	138	11975	12020
0	18	139	12055	12102
0	18	140	12167	12169
0	18	141	12183	12222
0	18	142	12416	12417
0	3	143	12447	12450
0	3	144	12468	12478
0	3	145	12478	12481
0	3	146	12494	12689
0	19	147	12726	12728
0	19	148	12730	12733
0	19	149	12732	12734
0	19	150	12733	12735
0	19	151	12734	12736
0	19	152	12789	12790
0	19	153	12790	12793
0	20	154	12792	12793
0	20	155	12793	12794
0	20	156	12793	12794
0	20	157	12803	12805
0	20	158	12835	12846
0	20	159	12845	12846
0	20	160	12933	12934
0	20	161	12973	12974
0	18	162	12989	12995
0	18	163	13032	13084
0	18	164	13115	13117
0	18	165	13136	13138
0	18	166	13167	13176
0	18	167	13223	13379
0	18	168	13457	13458
0	21	169	13501	13502
0	21	170	13501	13503
0	21	171	13551	13557
0	21	172	13612	13623
0	21	173	13700	13701
0	21	174	13733	13742
0	21	175	13789	13853
0	15	176	13857	13860
0	15	177	13902	13904
0	15	178	13931	13951
0	15	179	13950	13953
0	15	180	14037	14038
0	15	181	14056	14058
0	15	182	14075	14076
0	15	183	14076	14078
0	13	184	14205	14219
0	13	185	14234	14254
0	13	186	14262	14278
0	13	187	14278	14289
0	13	188	14289	14290
0	13	189	14387	14415
0	19	190	14470	14473
0	19	191	14483	14485
0	19	192	14484	14539
0	19	193	14538	14541
0	19	194	14540	14542
0	19	195	14541	14548
0	13	196	14547	14550
0	13	197	14570	14572
0	13	198	14605	14651
0	13	199	14706	14709
0	19	200	14753	14756
0	19	201	14755	14757
0	19	202	14756	14758
0	19	203	14757	14760
0	22	204	14759	14761
0	22	205	14775	14777
0	22	206	14776	14778
0	22	207	14777	14779
0	22	208	14787	14790
0	22	209	14789	14805
0	22	210	14804	14807
0	23	211	14806	14871
0	23	212	14919	14921
0	23	213	14951	14953
0	23	214	15018	15020
0	23	215	15133	15134
0	23	216	15203	15219
0	23	217	15258	15260
0	0	218	15277	15280
0	0	219	15335	15387
0	0	220	15446	15448
0	0	221	15544	15780
0	22	222	15822	15825
0	22	223	15899	15901
0	22	224	15900	15903
0	22	225	15968	16059
0	22	226	16116	16117
0	22	227	16232	16294
0	22	228	16409	16423
0	24	229	16432	16463
0	24	230	16550	16552
0	24	231	16577	16580
0	24	232	16636	16638
0	24	233	16778	16826
0	4	234	16918	16920
0	4	235	16962	16964
0	4	236	17031	17041
0	4	237	17080	17081
0	4	238	17111	17113
0	4	239	18096	18351
0	4	240	18350	18351
0	4	241	18380	18381
0	25	242	18413	18416
0	25	243	18469	18505
0	22	244	18637	18640
0	22	245	18691	18693
0	22	246	18750	18757
0	22	247	18799	18801
0	22	248	18872	18879
0	22	249	18962	18963
0	22	250	19028	19030
0	26	251	19056	19058
0	26	252	19058	19059
0	26	253	19061	19063
0	26	254	19075	19077
0	26	255	19087	19089
0	26	256	19096	19105
0	26	257	19107	19303
0	27	266	20229	20230
0	27	267	20280	20289
0	27	268	20401	20423
0	27	269	21268	21426
0	27	270	21778	21813
0	27	271	21812	21813
0	27	272	21880	21891
0	27	273	21968	22117
0	3	274	22147	22159
0	3	275	22197	22199
0	3	276	22275	22277
0	3	277	22276	22335
0	3	278	22373	22410
0	3	279	22409	22410
0	28	280	22448	22449
0	28	281	22449	22487
0	28	282	22493	22495
0	28	283	22500	22552
0	28	284	22564	22571
0	28	285	22622	22625
0	28	286	22700	22701
0	29	287	22748	22750
0	29	288	22804	22806
0	29	289	22865	22867
0	29	290	22959	22961
0	29	291	22996	22998
0	29	292	23049	23142
0	29	293	23215	23217
0	30	294	23319	23345
0	30	295	23345	23353
0	30	296	23352	23354
0	30	297	23429	23430
0	30	298	23429	23431
1	31	4	23833	23873
1	31	5	24395	24396
1	31	6	24407	24510
1	31	7	24566	24568
1	31	8	24578	24611
1	31	9	24610	24668
1	27	10	24707	24845
1	27	11	24869	24894
1	27	12	24968	24989
1	27	13	25039	25064
1	27	14	25151	25153
1	30	15	25175	25176
1	30	16	25509	25510
1	30	17	25531	25547
1	30	18	25580	25583
1	30	19	25659	25660
1	30	20	25685	25701
1	29	31	26569	26694
1	29	32	26710	26725
1	29	33	26762	26764
1	29	34	26821	26823
1	29	35	26838	26886
1	29	36	26981	26983
1	3	37	27021	27022
1	3	38	27022	27023
1	3	39	27035	27043
1	3	40	27093	27095
1	3	41	27125	27127
1	3	42	27198	27204
1	32	43	27238	27240
1	32	44	27298	27300
1	32	45	27350	27352
1	32	46	27451	27454
1	32	47	27530	27532
1	32	48	27536	27538
1	32	49	27602	27604
1	29	53	27829	27830
1	10	59	28218	28245
1	10	60	28286	28348
1	33	73	29350	29387
1	33	74	29439	29441
1	33	75	29528	29535
1	33	76	29573	29575
1	33	77	29575	29607
1	33	78	29643	29644
1	17	79	29644	29646
2	2	1	29749	29751
2	2	2	29779	29790
2	2	3	29823	29841
2	2	4	29876	29922
2	2	5	29931	29953
2	2	6	29992	30310
2	2	7	30349	30401
2	2	8	30425	30451
2	2	9	30505	30507
2	2	10	30725	30726
2	2	11	30757	30775
2	2	12	30833	30858
2	34	13	30896	31164
2	34	14	31214	31215
2	34	15	31228	31248
2	34	16	31360	31362
2	34	17	31515	31516
2	34	18	31524	31561
2	34	19	31657	31659
2	34	20	31755	31899
2	34	21	31919	31944
2	34	22	31958	32020
2	34	23	32088	32090
2	34	24	32484	32503
2	34	25	32518	32529
2	34	26	32543	32733
2	34	27	32745	32768
2	34	28	32785	32832
2	34	29	32957	32958
2	34	30	32972	33005
2	35	31	33029	33125
2	35	32	33175	33213
2	35	33	33264	33266
2	35	34	33377	33378
2	35	35	33492	33494
2	36	36	33509	33512
2	36	37	33569	33571
2	36	38	33601	33639
2	36	39	33677	33678
2	36	40	33701	33703
2	36	41	33762	33840
2	8	42	33867	33868
2	8	43	33868	33903
2	8	44	33968	33988
2	8	45	34222	34275
2	5	46	34315	34317
2	5	47	34362	34364
2	5	48	34388	34398
2	5	49	34439	34441
2	5	50	34475	34537
2	10	51	34557	34577
2	10	52	34618	34619
2	10	53	34619	34623
2	10	54	34658	34660
2	5	55	34659	34661
2	5	56	34701	34703
2	5	57	34833	34835
2	5	58	34834	34846
2	5	59	34874	34883
2	2	60	34908	34968
2	2	61	35072	35074
2	2	62	35205	35207
2	14	63	35240	35241
2	30	64	35241	35243
2	30	65	35243	35245
2	30	66	35342	35357
2	30	67	35371	35444
2	30	68	35555	35635
2	2	69	35691	35881
2	2	70	35880	35885
2	2	71	35997	35999
2	2	72	36050	36052
2	2	73	36099	36108
2	2	74	36145	36148
2	2	75	36157	36159
2	2	76	36174	36177
2	2	77	36255	36257
2	2	78	36301	36304
2	2	79	36368	36467
2	2	80	36502	36507
2	2	81	36568	36570
2	19	82	36596	36599
2	19	83	36598	36600
2	19	84	36662	36664
2	19	85	36663	36665
2	19	86	36664	36666
2	37	87	36903	36905
2	37	88	36952	37016
2	37	89	37060	37092
2	37	90	37142	37144
2	37	91	37186	37301
2	37	92	37341	37351
2	31	93	37356	37366
2	31	94	37417	37419
2	5	95	37473	37475
2	5	96	37506	37508
2	5	97	37564	37573
2	5	98	37621	37623
2	28	99	37648	37651
2	28	100	37654	37656
2	28	101	37662	37664
2	27	102	37671	37741
2	27	103	37740	37741
2	27	104	37786	37824
2	27	105	37910	37929
2	27	106	37994	38059
2	19	107	38122	38132
2	19	108	38147	38149
2	19	109	38148	38150
2	19	110	38149	38151
2	19	111	38150	38153
2	8	112	38152	38274
2	8	113	38273	38279
2	8	114	38326	38354
2	8	115	38388	38390
2	8	116	38530	38532
2	8	117	38570	38632
2	8	118	38685	38686
2	8	119	38715	38718
2	8	120	38810	38812
2	8	121	38855	38857
2	8	122	38857	38858
2	8	123	38858	38971
2	38	124	38987	39030
2	38	125	39063	39066
2	38	126	39104	39108
2	38	127	39149	39169
2	38	128	39185	39190
2	39	129	39232	39308
2	39	130	39326	39403
2	39	131	39441	39629
2	39	132	39686	39687
2	39	133	39697	39699
2	40	134	39790	39848
2	40	135	39848	39850
2	40	136	39898	39900
2	40	137	39931	39933
2	40	138	39939	39941
2	40	139	39968	39971
2	40	140	39980	39982
2	40	141	39998	40000
2	40	142	40011	40013
2	41	143	40018	40030
2	41	144	40059	40070
2	41	145	40123	40180
2	41	146	40214	40216
2	41	147	40259	40261
2	41	148	40304	40306
2	41	149	40348	40379
2	41	150	40417	40419
2	41	151	40478	40480
2	17	152	40581	40583
2	17	153	40582	40583
2	39	154	40751	40799
2	39	155	40870	40871
2	39	156	40926	41138
2	39	157	42197	42198
2	39	158	42198	42209
2	39	159	42257	42313
2	39	160	42405	42442
2	5	165	43025	43026
2	5	166	43026	43053
2	5	167	43063	43076
2	5	168	43083	43085
2	5	169	43096	43098
2	5	170	43104	43106
2	5	171	43111	43113
2	5	172	43128	43130
2	42	181	43551	43553
2	42	182	43589	43591
2	42	183	43668	43670
2	42	184	43708	43754
2	42	185	43825	43989
2	22	186	44008	44029
2	22	187	44078	44080
2	22	188	44119	44145
2	22	189	44197	44348
2	22	190	44392	44396
2	43	204	45258	45277
2	43	205	45334	45360
2	43	206	45405	45427
2	43	207	45483	45485
3	38	1	46173	46174
3	38	2	46174	46284
3	38	3	46296	46426
3	38	4	46454	46564
3	38	5	46572	46603
3	38	6	46673	46674
3	38	7	46762	46763
3	26	8	46809	46831
3	26	9	46841	46853
3	26	10	46898	46932
3	26	11	46971	46977
3	26	12	47006	47071
3	36	13	47081	47083
3	36	14	47119	47120
3	36	15	47130	47151
3	36	16	47155	47185
3	36	17	47184	47211
3	36	18	47230	47244
3	37	19	47296	47332
3	37	20	47387	47406
3	37	21	47430	47431
3	37	22	47458	47471
3	37	23	47524	47675
3	37	24	47708	47730
3	37	25	47773	47802
3	37	26	47844	47913
3	36	27	47941	47943
3	36	28	47971	47978
3	36	29	48010	48012
3	36	30	48053	48064
3	36	31	48100	48105
3	36	32	48145	48233
3	10	33	48241	48242
3	10	34	48344	48346
3	10	35	48369	48371
3	10	36	48462	48464
3	10	37	48529	48537
3	39	38	48580	48583
3	39	39	48643	48645
3	39	40	48703	48704
3	39	41	48751	48753
3	39	42	48822	48823
3	44	43	48866	48943
3	44	44	48971	48972
3	36	45	49026	49029
3	36	46	49061	49062
3	36	47	49082	49116
3	36	48	49131	49194
3	45	49	49223	49225
3	45	50	49326	49328
3	38	51	49374	49377
3	38	52	49440	49441
3	38	53	49486	49505
3	38	54	49564	49675
3	29	55	49707	49791
3	29	56	49790	49791
3	29	57	49915	49923
3	38	58	50006	50058
3	38	59	51538	51592
3	38	60	51658	51659
3	38	61	51716	51717
3	30	62	51835	51917
3	30	63	52066	52067
3	30	64	52080	52089
3	30	65	52125	52145
3	30	66	52175	52176
3	45	67	52181	52182
3	45	68	52182	52183
3	45	69	52210	52212
3	45	70	52257	52259
3	45	71	52314	52376
3	45	72	52444	52446
3	45	73	52526	52527
3	11	74	52547	52548
3	11	75	52548	52549
3	11	76	52625	52626
3	11	77	52669	52693
3	11	78	52772	52810
3	11	79	52817	52818
3	11	80	52912	52913
3	11	81	52980	52981
3	11	82	53067	53116
3	26	83	53196	53198
3	26	84	53216	53218
3	26	85	53244	53246
3	26	86	53265	53267
3	26	87	53289	53375
3	26	88	53433	53434
3	29	89	53461	53463
3	29	90	53502	53504
3	29	91	53538	53549
3	29	92	53568	53577
3	29	93	53606	53608
3	37	94	54005	54007
3	37	95	54075	54077
3	37	96	54110	54112
3	37	97	54149	54184
3	37	98	54223	54291
3	30	99	54295	54365
3	30	100	54375	54422
3	30	101	54433	54442
3	30	102	54491	54514
3	44	103	54531	54538
3	44	104	54572	54592
3	44	105	54654	54724
3	44	106	54793	54794
3	37	107	54812	54918
3	37	108	54973	54975
3	37	109	55024	55026
3	37	110	55077	55079
3	37	111	55087	55089
3	44	112	55120	55164
3	44	113	55197	55202
3	44	114	55251	55296
3	2	115	55308	55310
3	2	116	55342	55463
3	2	117	55505	55520
3	2	118	55569	55624
3	2	119	55664	55666
3	2	120	55708	55710
3	2	121	55748	55765
3	2	122	55770	55772
3	2	123	55810	55823
3	2	124	55843	55845
3	41	125	55897	55915
3	41	126	55950	55956
3	20	127	105743	105744
3	20	128	105744	105823
3	20	129	105822	105823
3	20	130	105822	105823
3	20	131	105841	105843
3	20	132	105842	105843
3	20	133	105864	105900
3	44	134	105972	105987
3	44	135	105989	106003
3	44	136	106002	106034
3	44	137	106107	106114
3	44	138	106176	106178
3	44	139	106235	106237
3	19	140	106252	106271
3	19	141	106270	106285
3	19	142	106284	106286
3	19	143	106293	106356
3	19	144	106419	106420
3	19	145	106419	106698
3	19	146	106732	106765
3	29	147	106836	106838
3	29	148	106909	106916
3	29	149	106922	106946
3	29	150	107007	107057
3	29	151	108429	108431
3	29	152	108458	108501
3	29	153	108559	108605
3	35	154	108667	108671
3	35	155	108726	108733
3	35	156	108760	108762
3	35	157	108814	108988
3	41	158	109020	109022
3	41	159	109022	109033
3	41	160	109033	109034
3	41	161	109073	109075
3	41	162	109136	109138
3	41	163	109170	109172
3	41	164	109196	109197
3	41	165	109235	109236
3	41	166	109245	109246
3	41	167	109252	109254
3	38	168	109266	109267
3	38	169	109267	109268
3	38	170	109267	109354
3	38	171	109367	109512
3	38	172	109576	109578
3	38	173	109663	109902
3	35	174	109964	109966
3	35	175	110004	110049
3	35	176	110103	110106
3	35	177	110173	110175
3	35	178	110181	110183
3	45	179	110202	110211
3	45	180	110210	110292
3	45	181	110371	110373
3	45	182	110484	110485
3	45	183	110600	110609
3	21	184	110676	110678
3	21	185	110696	110698
3	21	186	111069	111144
3	21	187	111207	111223
3	21	188	111279	111287
3	35	189	111294	111339
3	35	190	111744	111762
3	35	191	113376	113378
3	35	192	113408	113411
3	16	193	113437	113440
3	16	194	113446	113448
3	16	195	113455	113468
3	16	196	113467	113470
3	35	197	113470	113473
3	35	198	113515	113517
3	35	199	113562	113564
3	35	200	113603	113605
3	35	201	113682	113684
3	35	202	113704	113706
3	19	203	113714	113717
3	19	204	113752	113754
3	19	205	113812	113814
3	19	206	113819	113822
3	19	207	113858	113872
3	19	208	113871	114047
3	30	209	114046	114050
3	30	210	114101	114103
3	30	211	114108	114109
3	30	212	114109	114111
3	30	213	114117	114119
3	30	214	114126	114204
3	36	215	114208	114218
3	36	216	114251	114252
3	36	217	114259	114260
3	36	218	114281	114295
3	36	219	114325	114328
3	40	220	114348	114350
3	40	221	114384	114386
3	40	222	114389	114409
3	40	223	114412	114414
3	17	224	114466	114468
3	17	225	114491	114493
3	17	226	114502	114503
3	17	227	114510	114552
3	17	228	114560	114562
3	17	229	114569	114659
3	32	230	114658	114662
3	32	231	114661	114711
3	32	232	114710	114747
3	32	233	115211	115213
3	32	234	115881	115884
3	32	235	115937	115939
3	32	236	115951	115953
3	32	237	115961	116018
3	23	238	116052	116089
3	23	239	116130	116132
3	23	240	116195	116209
3	37	245	116334	116336
3	37	246	116361	116383
3	37	247	116442	116444
3	37	248	116541	116544
3	37	249	116602	116604
3	37	250	116603	116613
3	35	251	116672	116722
3	35	252	116774	116776
3	35	253	116816	116996
3	19	254	117016	117029
3	19	255	117028	117030
3	19	256	117029	117033
3	19	257	117032	117034
3	17	258	117033	117035
3	17	259	117044	117046
3	17	260	117092	117094
3	17	261	117134	117136
3	17	262	117178	117180
3	17	263	117247	117314
3	17	264	117378	117390
3	41	265	117404	117406
3	41	266	117405	117406
3	41	267	117440	117445
3	41	268	117449	117451
3	41	269	117450	117452
3	41	270	117466	117468
4	0	1	117483	117538
4	0	2	117573	117593
4	0	3	117651	117733
4	0	4	117780	117792
4	0	5	117837	117838
4	7	6	117935	117937
4	7	7	117989	117991
4	7	8	118004	118006
4	7	9	118035	118037
4	7	10	118048	118050
4	7	11	118056	118058
4	7	12	118069	118071
4	7	13	118070	118071
4	46	14	118134	118154
4	46	15	118154	118164
4	46	16	118223	118225
4	46	17	118248	118250
4	46	18	118275	118277
4	46	19	118276	118277
4	10	20	118361	118362
4	10	21	118362	118363
4	10	22	118391	118392
4	15	48	120506	120622
4	15	49	120872	120994
4	15	50	121096	121097
4	15	51	121207	121208
4	15	52	121219	121221
4	3	53	121256	121309
4	3	54	121381	121383
4	3	55	121382	121395
4	3	56	121450	121452
4	3	57	121483	121493
4	3	58	121552	121731
4	10	59	121775	121777
4	10	60	121777	121778
4	10	61	121806	121809
4	10	62	121808	121810
4	10	63	121854	121863
4	10	64	121862	121863
4	20	65	121862	121895
4	20	66	121904	121906
4	20	67	121914	121916
4	20	68	121929	122020
4	21	69	122019	122021
4	21	70	122053	122062
4	21	71	122919	122929
4	21	72	122988	122990
4	21	73	123098	123100
4	27	74	123108	123110
4	27	75	123166	123233
4	27	76	123253	123297
4	27	77	123339	123380
4	27	78	123431	123459
4	27	79	123486	123507
4	27	80	123554	123668
4	27	81	123678	123818
4	13	82	123850	123853
4	13	83	123895	123899
4	13	84	123902	123904
4	13	85	123928	123942
4	13	86	124009	124011
4	46	87	124109	124146
4	46	88	124158	124202
4	46	89	124229	124379
4	27	90	124404	124407
4	27	91	124544	124551
4	27	92	124588	124640
4	27	93	124644	124688
4	44	94	124703	124712
4	44	95	124748	124749
4	44	96	124753	124755
4	44	97	124800	124807
4	44	98	124860	124874
4	44	99	124976	124977
4	47	100	124977	124979
4	47	101	124986	124988
4	47	102	125022	125023
4	47	103	125050	125058
4	47	104	125138	125149
4	27	105	125158	125211
4	27	106	125223	125225
4	27	107	125266	125316
4	27	108	125356	125459
4	27	109	125523	125525
4	33	116	125860	125887
4	3	119	126032	126132
4	3	120	126177	126185
4	3	121	126266	126299
4	3	122	126312	126314
4	3	123	126363	126365
4	3	124	126430	126497
4	3	125	126522	126524
5	47	1	126534	126572
5	47	2	126625	126630
5	47	3	126637	126650
5	47	4	126676	126731
5	47	5	126743	126771
5	47	6	126809	126810
5	47	7	126831	126952
5	47	8	126999	127000
5	47	9	126999	127000
5	47	10	127053	127100
5	3	11	127132	127135
5	3	12	127159	127171
5	3	13	127184	127186
5	3	14	127205	127208
5	3	15	127231	127351
5	3	16	127387	127389
5	3	17	127395	127397
5	3	18	127459	127472
5	3	19	127484	127556
5	3	20	127570	127577
5	3	21	127626	128094
5	6	22	128177	128201
5	6	23	128266	128267
5	6	24	128287	128288
5	6	25	128315	128316
5	6	26	128328	128339
5	6	27	128386	128533
5	31	28	128621	128738
5	31	29	128789	128829
5	31	30	128889	129034
5	6	31	129080	129081
5	6	32	129205	129332
5	6	33	129332	129334
5	6	34	129342	129353
5	6	35	129380	129383
5	6	36	129417	129436
5	45	37	129446	129606
5	45	38	130464	130632
5	29	39	130934	130935
5	29	40	131552	131553
5	29	41	132126	132140
5	29	42	132188	132189
5	29	43	132256	132257
5	29	44	132290	132314
5	29	45	133648	133774
5	29	46	134258	134300
5	29	47	134379	134474
5	48	48	134606	134608
5	48	49	134663	134665
5	48	50	134706	134708
5	48	51	134824	134826
5	48	52	134893	134895
5	48	53	134971	134973
5	23	54	135142	135144
5	23	55	135175	135177
5	23	56	135188	135193
5	23	57	135213	135253
5	23	58	135287	135289
5	23	59	135356	135365
5	23	60	135364	135365
5	23	61	135399	135401
5	23	62	135868	135869
5	2	63	135975	135978
5	2	64	136048	136050
5	2	65	136056	136101
5	45	66	136101	136102
5	45	67	136102	136103
5	45	68	136181	136183
5	45	69	136286	136287
5	45	70	136536	136537
5	46	71	136651	136700
5	46	72	136773	136847
5	12	73	136888	136891
5	12	74	136890	136891
5	12	75	136907	136925
5	12	76	136979	137151
5	12	77	137264	137265
5	12	78	137362	137380
5	4	79	137415	137491
5	4	80	137510	137544
5	4	81	137587	137623
5	49	82	137690	137691
5	49	83	137691	137692
5	49	84	138042	138044
5	49	85	138086	138088
5	49	86	138134	138138
5	49	87	138166	138168
5	49	88	138251	138296
5	38	89	138427	138428
5	38	90	138428	138429
5	38	91	138475	138488
5	38	92	138546	138547
5	38	93	138552	138566
5	3	94	138573	138575
5	3	95	138595	138731
5	3	96	138743	138863
5	3	97	138909	138910
5	10	98	138933	138936
5	10	99	138935	138936
5	10	100	138935	138937
5	10	101	138950	138952
5	10	102	138995	138998
5	14	103	139016	139017
5	14	104	139017	139065
5	14	105	139089	139092
5	14	106	139172	139186
5	14	107	139237	139249
5	14	108	139266	139267
5	49	109	139299	139300
5	49	110	139300	139301
5	49	111	139357	139368
5	49	112	139418	139420
5	49	113	139457	139459
5	49	114	139480	139496
5	49	115	139534	139536
5	49	116	139583	139585
5	49	117	139683	139684
5	49	118	139684	139693
5	49	119	139707	139709
5	49	120	139767	139794
5	49	121	139848	139893
5	49	122	139968	139970
5	49	123	140001	140006
5	49	124	140054	140056
5	5	125	140115	140117
5	5	126	140206	140208
5	5	127	140247	140249
5	5	128	140681	140708
5	5	129	143441	143443
5	5	130	143452	143454
5	39	131	143479	143503
5	39	132	143578	143579
5	39	133	143616	143618
5	39	134	143649	143651
5	39	135	143664	143666
5	48	141	144097	144111
5	48	142	144482	144483
5	48	143	144524	144581
5	48	144	144635	144700
5	48	145	144709	144711
5	48	146	144773	144781
5	48	147	144808	144843
5	48	148	144891	144908
5	48	149	144919	144936
5	48	150	144945	144956
5	48	151	145006	145068
5	4	152	145082	145090
5	4	153	145111	145127
5	4	154	145127	145128
5	4	155	145151	145195
5	4	156	145257	145265
5	4	157	145264	145266
5	41	185	146497	146499
5	41	186	146563	146635
5	41	187	146657	146698
5	41	188	146760	146792
5	41	189	146806	146828
5	41	190	146911	146938
5	24	191	146980	147023
5	24	192	147083	147085
5	24	193	147115	147117
5	24	194	147116	147118
5	24	195	147150	147244
5	24	196	147470	147471
5	24	197	151071	151072
5	24	198	151071	151072
5	24	199	151071	151092
5	24	200	151101	151102
5	24	201	151474	151828
5	22	202	152001	152003
5	22	203	152044	152053
5	22	204	152080	152192
5	22	205	152230	152233
5	22	206	152240	152320
5	35	214	152665	152667
5	35	215	152705	152711
5	35	216	152762	152763
5	19	217	152858	152860
5	19	218	152859	152861
5	19	219	152909	152911
5	19	220	152980	152981
5	19	221	153033	153034
5	40	235	153843	153844
5	40	236	153844	153850
5	40	237	153869	153918
5	40	238	154005	154117
6	45	1	155380	155392
6	45	2	155409	155433
6	45	3	155492	155507
6	45	4	155571	155616
6	45	5	155720	155757
6	50	6	155793	155795
6	50	7	155861	155862
6	50	8	155868	155921
6	50	9	155924	155926
6	50	10	155988	156118
6	45	11	156206	156350
6	45	12	156381	156446
6	45	13	156459	156474
6	45	14	156578	156579
6	45	15	156599	156605
6	45	16	156604	156658
6	45	17	157341	157342
6	51	18	157406	157538
6	51	19	157617	157618
6	51	20	157676	157677
6	51	21	157761	157762
6	51	22	157845	157846
6	51	23	157925	157926
6	29	24	157979	157982
6	29	25	157982	157983
6	29	26	158095	158139
6	29	27	158203	158243
6	31	28	158279	158383
6	31	29	158473	158484
6	31	30	158537	158539
6	31	31	158612	158648
6	31	32	158684	158686
6	35	33	158685	158688
6	35	34	158696	158697
6	35	35	158736	158738
6	35	36	158760	158762
6	35	37	158866	158869
6	35	38	158873	158927
6	35	39	158978	158980
6	35	40	159052	159088
6	35	41	159160	159175
6	3	42	159228	159242
6	3	43	159246	159674
6	3	44	159698	159754
6	3	45	159760	159762
6	3	46	159831	159833
6	29	47	159842	159845
6	29	48	159908	159910
6	29	49	160165	160167
6	29	50	160195	160197
6	29	51	160230	160236
6	29	52	160246	160248
6	29	53	160349	160454
6	31	54	160500	160504
6	31	55	160540	160547
6	31	56	160659	160661
6	31	57	162052	162054
6	31	58	162110	162156
6	49	59	162175	162214
6	49	60	162240	162242
6	49	61	162255	162257
6	49	62	162981	163025
6	31	63	163170	163172
6	31	64	163217	163219
6	31	65	163274	163276
6	31	66	163319	163348
6	35	67	163368	163371
6	35	68	163468	163470
6	51	69	163515	163518
6	51	70	163575	163576
6	51	71	163675	163676
6	51	72	163766	163767
6	51	73	163819	163821
6	51	74	163836	163838
6	51	75	163837	163839
6	51	76	163838	163841
6	51	77	163863	163865
6	51	78	163925	163926
6	51	79	163961	164095
6	51	80	164205	164380
6	8	81	164409	164461
6	8	82	164574	164609
6	8	83	164659	164666
6	8	84	164713	164715
6	8	85	164775	164841
6	8	86	164915	164917
6	11	87	164955	164967
6	11	88	165021	165023
6	11	89	165058	165059
6	11	90	165080	165168
6	23	91	165201	165203
6	23	92	165239	165332
6	23	93	165381	165400
6	29	94	165414	165415
6	29	95	165415	165416
6	29	96	165484	165486
6	29	97	165547	165555
6	29	98	165605	165655
6	29	99	165714	165715
6	29	100	165785	165854
6	38	101	165888	165941
6	38	102	165957	165959
6	38	103	166056	166058
6	38	104	166078	166100
6	38	105	166133	166143
6	38	106	166160	166279
6	38	107	166378	166380
6	38	108	166454	166456
6	38	109	166455	166456
6	38	110	166524	166525
6	38	111	166568	166569
6	30	112	166609	166650
6	30	113	166722	166757
6	30	114	166805	166825
6	30	115	166897	166945
6	3	116	167003	167004
6	3	117	167004	167006
6	3	118	167060	167068
6	3	119	167106	167116
6	3	120	167185	167186
6	3	121	167262	167321
6	3	122	167328	167330
6	11	123	167383	167385
6	11	124	167385	167468
6	11	125	167531	167532
6	11	126	167532	167573
6	11	127	167615	167617
6	11	128	167688	167690
6	11	129	167754	167781
6	11	130	167838	167839
6	11	131	167945	167946
6	52	132	167982	167984
6	52	133	168062	168097
6	52	134	168162	168200
6	52	135	168259	168329
6	52	136	168352	168354
6	52	137	168353	168354
6	24	138	168459	168462
6	24	139	168518	168711
6	24	140	168763	168807
6	24	141	168928	169026
6	24	142	169100	169102
6	24	143	169211	169213
6	18	144	169269	169270
6	18	145	169270	169309
6	18	146	169335	169337
6	18	147	169353	169389
6	18	148	169417	169419
6	18	149	169466	169467
6	18	150	169507	169508
6	23	151	169543	169545
6	23	152	169573	169579
6	23	153	169589	169608
6	23	154	169641	169642
6	23	155	169686	169711
6	23	156	169754	169756
6	23	157	169799	169801
6	23	158	169837	169842
6	23	159	169945	169946
6	23	160	170325	170327
6	11	161	170443	170446
6	11	162	170484	170486
6	11	163	170532	170581
6	11	164	170655	170684
6	11	165	170714	170716
6	12	166	170752	170754
6	12	167	170754	170755
6	12	168	170816	170818
6	12	169	170837	170839
6	12	170	171235	171363
6	12	171	171381	171445
6	12	172	171761	171763
6	12	173	171903	171912
6	40	174	171968	171987
6	40	175	172001	172016
6	40	176	172036	172037
6	40	177	172047	172049
6	40	178	172061	172073
6	40	179	172074	172135
6	32	180	172144	172147
6	32	181	172192	172194
6	32	182	172195	172196
6	32	183	172207	172209
6	32	184	172235	172248
6	32	185	172274	172277
6	32	186	172330	172347
6	32	187	172346	172347
6	53	188	172370	172372
6	53	189	172436	172537
6	53	190	172568	172570
6	53	191	172685	172686
6	53	192	172769	172825
6	53	193	172912	172914
6	42	194	172965	172972
6	42	195	172995	173024
6	42	196	173037	173039
6	42	197	173086	173088
6	42	198	173123	173125
6	42	199	173260	173265
6	42	200	173321	173322
6	12	206	173590	173593
6	12	207	173653	173655
6	12	208	173714	173716
6	12	209	173766	173768
6	12	210	173826	173887
6	12	211	173932	173934
6	12	212	174001	174003
6	12	213	174047	174049
6	12	214	174111	174112
6	52	215	174181	174186
6	52	216	174249	174332
6	52	217	174436	174438
6	52	218	174488	174711
6	52	219	174928	174932
6	12	220	174958	174961
6	12	221	175022	175024
6	12	222	175065	175067
6	12	223	175112	175114
6	12	224	175189	175191
6	12	225	175229	175231
6	12	226	175315	175316
6	12	227	175369	175370
6	37	228	175408	175468
6	37	229	175511	175513
6	37	230	175561	175563
6	37	231	175592	175594
6	37	232	175667	175669
6	37	233	175710	175712
6	37	234	175753	175813
6	37	235	175812	175813
6	37	236	175821	175823
6	16	237	175864	175870
6	16	238	175869	175875
6	16	239	175874	175877
6	30	240	175883	175886
6	30	241	175885	175887
6	30	242	175897	175909
6	30	243	175946	175991
6	30	244	176097	176098
6	30	245	176221	176222
6	54	246	176402	176552
6	54	247	176565	176589
6	54	248	176604	176606
6	54	249	176605	176606
6	29	250	176800	176802
6	29	251	176937	176939
6	29	252	177001	177003
6	29	253	177067	177069
6	29	254	177098	177195
6	29	255	177285	177286
6	3	256	177308	177311
6	3	257	177337	177339
6	3	258	177410	177419
6	3	259	177474	177476
6	3	260	177547	177594
6	55	261	177629	177631
6	55	262	177645	177688
6	55	263	177713	177715
6	55	264	177815	177817
6	55	265	177870	177872
6	55	266	178176	178177
6	19	272	178239	178241
6	19	273	178282	178332
6	19	274	178395	178397
6	23	279	178855	178961
6	23	280	179018	179024
6	23	281	179072	179074
6	23	282	179073	179074
6	19	283	179096	179097
6	19	284	179097	179098
6	19	285	179102	179104
6	19	286	179103	179106
6	19	287	179105	179107
6	19	288	179106	179108
6	19	289	179107	179110
7	23	1	179110	179112
7	23	2	179150	179210
7	23	3	179258	179874
7	23	4	179977	179978
7	23	5	180019	180020
7	23	6	180061	180308
7	23	7	180523	180579
7	36	8	180654	180656
7	36	9	180788	180819
7	36	10	180824	180826
7	36	11	180899	180953
7	51	12	180981	180984
7	51	13	181065	181066
7	51	14	181130	181231
7	51	15	181311	181312
7	51	16	181395	181396
7	13	17	181501	181502
7	13	18	181502	181503
7	13	19	181506	181507
7	13	20	181524	181540
7	13	21	181643	181655
7	13	22	181810	181811
7	13	23	181860	181891
7	52	24	181975	181986
7	52	25	182049	182129
7	52	26	182184	182185
7	52	27	182276	182277
7	52	28	182338	182339
7	23	29	182396	182405
7	23	30	182493	182555
7	23	31	182613	182615
7	23	32	182652	182665
7	23	33	182723	182844
7	23	34	183093	183145
7	26	35	183156	183159
7	26	36	183158	183167
7	26	37	183218	183220
7	26	38	183229	183231
7	26	39	183300	183302
7	50	40	183307	183313
7	50	41	183342	183360
7	50	42	183368	183374
7	49	43	183374	183377
7	49	44	183421	183424
7	49	45	183735	183738
7	49	46	183803	183805
7	49	47	183843	183845
7	49	48	183880	183881
7	24	55	184232	184284
7	24	56	184435	184437
7	24	57	184483	184485
7	24	58	184508	184510
7	8	59	184509	184513
7	8	60	184517	184520
7	8	61	184527	184529
7	20	75	185283	185284
7	20	76	185284	185312
7	20	77	185349	185350
7	20	78	185422	185473
7	20	79	185582	185669
7	8	80	185708	185710
7	8	81	185710	185857
7	8	82	185923	185925
7	8	83	186060	186062
7	8	84	186171	186236
7	40	85	186297	186299
7	40	86	186365	186366
7	40	87	186411	186456
7	40	88	186519	186553
7	40	89	186633	186634
7	40	90	186677	186678
7	8	99	187406	187407
7	8	100	187454	187746
7	8	101	187808	187853
7	8	102	187911	187912
7	8	103	187989	187990
7	19	132	189796	189836
7	19	133	189887	189890
7	19	134	189943	189999
7	28	135	190024	190027
7	28	136	190037	190039
7	28	137	190064	190066
7	28	138	190110	190200
7	56	153	190959	190961
7	56	154	191283	191324
7	56	155	191376	191378
7	56	156	191431	191433
7	56	157	191498	191500
7	56	158	191544	191658
7	52	159	191712	191755
7	52	160	191786	191863
7	52	161	191889	191891
7	52	162	191902	192019
7	0	164	192059	192070
7	0	165	192128	192129
7	0	166	192171	192173
7	0	167	192244	192255
7	0	168	192324	192325
7	8	169	192324	192327
7	8	170	192391	192416
7	8	171	192440	192450
7	8	172	192474	192476
7	8	173	192499	192501
8	28	1	193069	193070
8	28	2	193069	193070
8	28	3	193080	193088
8	28	4	193095	193096
8	28	5	193095	193188
8	28	6	193262	193289
8	28	7	193296	193302
8	28	8	193323	193339
8	28	9	193340	193590
8	31	10	193616	193642
8	31	11	193685	193695
8	31	12	193746	193757
8	31	13	193821	193876
8	31	14	193914	193915
8	31	15	193927	194091
8	27	16	194145	194541
8	27	17	194765	194766
8	27	18	194807	194808
8	27	19	194859	194877
8	27	20	194916	194927
8	46	21	194935	194944
8	46	22	194954	194970
8	46	23	194981	195034
8	46	24	195040	195063
8	46	25	195130	195427
8	47	26	195445	195449
8	47	27	195456	195509
8	47	28	195553	195554
8	47	29	195562	195581
8	27	30	195614	195616
8	27	31	195630	195677
8	27	32	195732	195757
8	27	33	195816	195818
8	3	34	195918	195996
8	3	35	196035	196037
8	3	36	196046	196056
8	3	37	196063	196065
8	4	38	196148	196207
8	4	39	196251	196253
8	4	40	196339	196340
8	4	41	196397	196406
8	13	42	196441	196444
8	13	43	196542	196551
8	13	44	196631	196646
8	13	45	196697	196698
8	13	46	196761	196780
8	13	47	196831	196832
8	39	48	196867	196869
8	39	49	196898	196952
8	39	50	196993	196994
8	39	51	197050	197051
8	39	52	197509	197580
8	39	53	197658	197659
8	49	54	197684	197686
8	49	55	197795	197797
8	49	56	197809	197811
8	49	57	197851	197865
8	49	58	197913	197914
8	3	59	197963	197965
8	3	60	198023	198079
8	3	61	198098	198100
8	3	62	198111	198255
8	12	63	198317	198320
8	12	64	198320	198322
8	12	65	198430	198431
8	12	66	198499	198529
8	12	67	198565	198567
8	12	68	198566	198614
8	12	69	198663	198728
8	29	70	198743	198745
8	29	71	198745	198754
8	29	72	198792	198793
8	29	73	198815	198845
8	29	74	198877	198898
8	29	75	198978	198986
8	29	76	198985	198986
8	29	77	199275	199363
8	6	78	199509	199569
8	6	79	199568	199569
8	6	80	199607	199608
8	6	81	199656	199686
8	6	82	199734	199816
8	12	83	199871	199874
8	12	84	199954	199955
8	12	85	200010	200093
8	12	86	200160	200213
8	12	87	200321	200322
8	12	88	200399	200400
8	12	89	200697	200698
8	12	90	200776	200816
8	31	91	200856	200908
8	31	92	200961	201004
8	31	93	201067	201069
8	31	94	201191	201237
8	31	95	201284	201314
8	19	96	201358	201359
8	19	97	201359	201360
8	19	98	201400	201401
8	19	99	201400	201402
8	19	100	201401	201404
8	19	101	201422	201548
8	2	102	201547	201548
8	2	103	201582	201602
8	2	104	201639	201642
8	2	105	201697	201763
8	2	106	201831	201833
8	2	107	202553	202555
8	57	108	202596	202600
8	57	109	202600	202705
8	57	110	202769	202824
8	57	111	202890	202956
8	31	112	202980	202983
8	31	113	203018	203020
8	31	114	203063	203100
8	31	115	203132	203134
8	31	116	203202	203204
8	31	117	203293	203404
8	31	118	203419	203427
8	8	119	203456	203470
8	8	120	203520	203522
8	8	121	203537	203540
8	8	122	203581	203583
8	8	123	203588	203609
8	8	124	203660	203661
8	8	125	203685	203687
8	8	126	203749	203750
8	8	127	203844	203845
8	8	128	203922	203923
8	28	129	203954	203968
8	28	130	203978	203980
8	28	131	203985	203988
8	28	132	204001	204003
8	28	133	204009	204011
8	46	134	204050	204089
8	46	135	204174	204176
8	46	136	204189	204191
8	46	137	204205	204261
8	46	138	204336	204338
8	46	139	204337	204388
8	19	140	204451	204462
8	19	141	204461	204462
8	19	142	204461	204464
8	19	143	204463	204466
8	19	144	204465	204467
8	19	145	204466	204468
8	19	146	204467	204469
8	19	147	204538	204539
8	19	148	204652	204653
8	5	149	204657	204676
8	5	150	204716	204718
8	5	151	204798	204800
8	5	152	204815	204824
8	5	153	204826	204828
8	5	154	204889	204891
8	5	155	204936	204938
8	5	156	204951	204954
8	5	157	204986	204998
8	8	158	205025	205027
8	8	159	205027	205030
8	8	160	205065	205075
8	8	161	205150	205162
8	8	162	205197	205199
8	8	163	205280	205282
8	8	164	205307	205309
8	8	165	205308	205382
8	45	166	205453	205471
8	45	167	205471	205482
8	45	168	205482	205483
8	45	169	205526	205569
8	45	170	205656	205683
8	45	171	206835	206837
8	5	172	207045	207047
8	5	173	207078	207080
8	5	174	207110	207112
8	5	175	207151	207153
8	5	176	207183	207208
8	5	177	207244	207259
8	5	178	207293	207295
8	5	179	207408	207410
8	5	180	207480	207482
8	20	181	207489	207491
8	20	182	207544	207545
8	20	183	207544	207553
8	20	184	207552	207554
8	20	185	207567	207569
8	20	186	207568	207569
8	20	187	207685	207686
8	20	188	207753	207754
8	20	189	207822	207823
8	20	190	207865	207866
8	20	191	207865	207866
8	53	192	207931	207932
8	53	193	207984	207985
8	53	194	207985	207986
8	53	195	208030	208032
8	53	196	208117	208125
8	53	197	208199	208201
8	53	198	208278	208279
8	53	199	208407	208409
8	53	200	208435	208472
8	39	201	208512	208582
8	39	202	208591	208615
8	39	203	208678	208680
8	39	204	208737	208739
8	39	205	208779	208781
8	39	206	208780	208782
8	39	207	208785	208945
8	15	208	208982	208985
8	15	209	209231	209232
8	15	210	209252	209263
8	15	211	209262	209265
8	15	212	209264	209266
8	15	213	209292	209483
8	3	214	209516	209518
8	3	215	209591	209593
8	3	216	209654	209656
8	3	217	209691	209693
8	3	218	209753	209755
8	3	219	209834	209890
8	3	220	210301	210306
8	3	221	210362	210405
8	27	222	210423	210426
8	27	223	210449	210455
8	27	224	210483	210486
8	27	225	210760	210762
8	27	226	210793	210795
8	58	227	210845	210848
8	58	228	210853	210869
8	58	229	210981	210982
8	58	230	210981	210984
8	58	231	210983	210995
8	58	232	211044	211046
8	13	236	211250	211312
8	13	237	211354	211361
8	13	238	211429	211431
8	13	239	211511	211518
8	13	240	211556	211580
8	19	241	211580	211582
8	19	242	211612	211615
8	19	243	211614	211617
8	19	244	211616	211697
8	19	245	211697	211698
8	19	246	211698	212068
8	45	247	212067	212140
8	45	248	212246	212248
8	45	249	212288	212291
8	45	250	212354	212355
8	45	251	212432	212486
8	59	252	212551	212579
8	59	253	212631	212633
8	59	254	212677	212679
8	59	255	212709	212720
8	59	256	212847	212849
8	59	257	213005	213007
8	58	258	213027	213030
8	58	259	213042	213044
8	58	260	213645	213647
8	58	261	213650	213669
8	29	262	213725	213735
8	29	263	213762	213823
8	29	264	213906	213909
8	29	265	213967	213968
8	29	266	214052	214107
8	29	267	214151	214153
8	8	268	214200	214202
8	8	269	214410	214411
8	8	270	214411	214497
8	8	271	214546	214589
8	8	272	214721	214723
8	5	273	214737	214740
8	5	274	214782	214784
8	5	275	214813	214815
8	5	276	214869	214870
8	5	277	215783	215803
8	5	278	216183	216187
8	5	279	216249	216251
8	5	280	216315	216317
8	2	281	216341	216391
8	2	282	216437	216439
8	2	283	216471	216472
8	2	284	216542	216671
8	40	290	218539	218541
8	40	291	218540	218541
8	40	292	218555	218566
9	14	1	218565	218599
9	14	2	218599	218806
9	14	3	218848	218849
9	14	4	218920	218921
9	14	5	219497	219498
9	14	6	220414	220415
9	14	7	220457	220553
9	14	8	220608	220609
9	14	9	220608	220662
9	14	10	220716	220717
9	60	11	220844	220845
9	60	12	220860	220861
9	60	13	220879	220927
9	60	14	221010	221011
9	60	15	221094	221120
9	60	16	221204	221205
9	60	17	221230	221231
9	60	18	221253	221302
9	60	19	221329	221362
9	60	20	221382	221388
9	60	21	221479	221483
9	60	22	221563	221597
9	60	23	221643	221683
9	60	24	221716	221752
9	60	25	221764	221820
9	60	26	221856	221858
9	60	27	221898	221941
9	50	28	221978	221980
9	50	29	221983	221994
9	50	30	221993	221998
9	50	31	222007	222009
9	52	32	222027	222066
9	52	33	222160	222187
9	52	34	222236	222278
9	52	35	222326	222422
9	52	36	222532	222534
9	60	37	222574	222673
9	60	38	222728	222730
9	60	39	222800	222813
9	37	40	222906	222907
9	37	41	222907	222908
9	37	42	222949	222962
9	37	43	223068	223069
9	37	44	223130	223242
9	37	45	223241	223242
9	26	46	223287	223288
9	26	47	223288	223289
9	26	48	223317	223319
9	26	49	223327	223334
9	26	50	223339	223351
9	11	51	223355	223357
9	11	52	223356	223406
9	11	53	223449	223503
9	52	54	223535	223536
9	52	55	223536	223542
9	52	56	223598	223600
9	52	57	223692	223694
9	52	58	223740	223742
9	52	59	223839	223840
9	49	60	223902	223904
9	49	61	223904	224065
9	49	62	224099	224101
9	49	63	224134	224179
9	49	64	224201	224203
9	10	65	224273	224274
9	10	66	224274	224276
9	10	67	224314	224436
9	52	68	224435	224438
9	52	69	224488	224490
9	52	70	224532	224534
9	52	71	224594	224595
9	52	72	224649	224681
9	19	73	224744	224745
9	19	74	224745	224746
9	19	75	224745	224747
9	19	76	224746	224748
9	19	77	224747	224872
9	14	78	224909	224910
9	14	79	224910	224911
9	14	80	224983	225014
9	14	81	225060	225061
9	14	82	225108	225279
9	11	83	274058	274079
9	11	84	274124	274178
9	11	85	274247	274307
9	11	86	274387	274442
9	11	87	274500	274575
9	11	88	274643	274644
9	49	89	274703	274706
9	49	90	274730	274732
9	49	91	274763	274851
9	49	92	274918	274931
9	49	93	275843	275845
9	49	94	275881	275916
9	49	95	275930	275932
9	52	96	276062	276064
9	52	97	276149	276209
9	52	98	276259	276269
9	52	99	276468	276470
9	52	100	276511	276512
9	52	101	276582	276687
9	11	102	276744	276745
9	11	103	276745	276746
9	11	104	276790	276838
9	11	105	276902	276904
9	11	106	276946	276948
9	11	107	277029	277030
9	11	108	277082	277149
9	55	109	277227	277275
9	55	110	277284	277286
9	55	111	277295	277297
9	55	112	277307	277309
9	61	113	277424	277425
9	61	114	277425	277426
9	61	115	277505	277507
9	61	116	277563	277566
9	61	117	277594	277620
9	61	118	277619	277621
9	61	119	277646	277648
9	61	120	277745	277747
9	2	121	277769	277772
9	2	122	277816	277818
9	2	123	277870	277872
9	14	124	277984	277985
9	14	125	277985	277991
9	14	126	278045	278046
9	14	127	278045	278047
9	12	128	278117	278142
9	12	129	278141	278150
9	12	130	278209	278211
9	12	131	278211	278213
9	12	132	278218	278220
9	12	133	278238	278240
9	12	134	278341	278343
9	12	135	278408	278410
9	12	136	278484	278486
9	12	137	278536	278553
9	61	138	278585	278588
9	61	139	278630	278632
9	61	140	278656	278658
9	61	141	278657	278662
9	61	142	278665	278670
9	61	143	278669	278671
9	61	144	278671	278672
9	61	145	278671	278673
9	53	146	278694	278696
9	53	147	278696	278697
9	53	148	278696	278844
9	53	149	278927	278928
9	53	150	278975	279037
9	53	151	279099	279194
9	46	152	279251	279254
9	46	153	279298	279351
9	46	154	279354	279356
9	46	155	279364	279367
9	0	156	279389	279391
9	0	157	279500	279580
9	18	158	279643	279644
9	18	159	279644	279651
9	18	160	279664	279666
9	18	161	279677	279679
9	18	162	279714	279715
9	18	163	279715	279716
9	18	164	279723	279818
9	18	165	279869	279871
9	62	166	279932	279965
9	62	167	280017	280018
9	62	168	280030	280032
9	62	169	280042	280044
9	62	170	280079	280081
9	62	171	280098	280100
9	62	172	280173	280174
9	62	173	280266	280268
9	45	174	280307	280309
9	45	175	280329	280331
9	45	176	280361	280389
9	45	177	280543	280552
9	30	178	280575	280587
9	30	179	280612	280614
9	30	180	280619	280653
9	30	181	280672	280674
9	30	182	280673	280674
9	30	183	280796	280866
9	29	184	280892	280893
9	29	185	280893	280894
9	29	186	280922	280924
9	29	187	280979	280981
9	29	188	280980	280981
9	29	189	280981	280983
9	29	190	281051	281052
9	48	191	281163	281165
9	48	192	281206	281208
9	48	193	281284	281285
9	48	194	281491	281493
9	48	195	281576	281578
9	48	196	281665	281667
9	14	197	281768	281770
9	14	198	281841	281861
9	14	199	282051	282181
9	14	200	282220	282222
9	14	201	282291	282292
9	14	202	282336	282338
9	14	203	282338	282339
9	14	204	282403	282404
9	14	205	282449	282450
9	14	206	282515	282516
9	14	207	282558	282559
9	14	208	282558	282559
9	55	209	282588	282590
9	55	210	282599	282601
9	55	211	282612	282680
9	55	212	282771	282812
9	55	213	282836	282838
9	55	214	282842	282844
9	55	215	282915	282988
9	55	216	283007	283009
9	55	217	283091	283093
9	2	218	283132	283134
9	2	219	283177	283361
9	2	220	283475	283486
9	2	221	283543	283680
9	55	222	283723	283724
9	55	223	283724	283725
9	55	224	283781	283782
9	55	225	283836	283866
9	55	226	283904	283973
9	55	227	284066	284067
9	63	228	284098	284100
9	63	229	284100	284101
9	63	230	284122	284124
9	63	231	284139	284141
9	63	232	284175	284185
9	63	233	284191	284193
9	63	234	284192	284194
9	24	235	284208	284274
9	24	236	284322	284326
9	24	237	284380	284410
9	24	238	284472	284474
9	24	239	284517	284519
9	8	240	284612	284614
9	8	241	284618	284620
9	8	242	284662	284664
9	8	243	284664	284665
9	8	244	284712	284714
9	11	245	284760	284908
9	11	246	284963	284964
9	11	247	285017	285076
9	11	248	285155	285157
9	2	256	285788	285791
9	2	257	285825	285827
9	2	258	285841	285842
9	2	259	285937	285981
9	2	260	286035	286090
9	2	261	286163	286229
9	14	262	286288	286289
9	14	263	286291	286292
9	14	264	286365	286366
9	14	265	286374	286390
9	14	266	288153	288154
9	14	267	288666	288668
9	14	268	288939	288940
9	14	269	288939	288940
9	8	270	340912	340992
9	8	271	341043	341211
9	11	272	341272	341274
9	11	273	341322	341323
9	11	274	341364	341366
9	11	275	341407	341409
9	11	276	341443	341444
