0	0	1	-1	41
0	0	2	41	73
0	0	3	72	73
0	0	4	72	87
0	0	5	86	87
0	0	6	86	89
0	0	7	88	104
0	1	8	104	130
0	1	9	129	133
0	1	10	132	148
0	1	11	147	185
0	1	12	184	185
0	1	13	184	211
0	0	14	211	246
0	0	15	246	271
0	0	16	270	292
0	0	17	291	296
0	0	18	295	297
0	0	19	302	303
0	2	20	302	303
0	2	21	303	343
0	2	22	342	379
0	2	23	378	380
0	2	24	379	380
0	2	25	379	390
0	2	26	390	415
0	3	27	414	439
0	3	28	438	471
0	3	29	470	487
0	3	30	487	513
0	4	31	512	514
0	4	32	513	552
0	4	33	551	582
0	4	34	581	604
0	4	35	603	606
0	4	36	605	630
0	5	37	629	665
0	5	38	664	712
0	5	39	711	712
0	5	40	711	725
0	5	41	724	745
0	5	42	744	758
0	6	43	757	761
0	6	44	762	814
0	6	45	813	840
0	6	46	839	840
0	6	47	839	867
0	7	48	866	917
0	7	49	916	923
0	7	50	922	945
0	7	51	944	953
0	7	52	961	970
0	7	53	969	979
0	8	54	978	980
0	8	55	980	1018
0	8	56	1018	1033
0	8	57	1033	1068
0	8	58	1067	1073
0	8	59	1072	1073
0	9	60	1072	1074
0	9	61	1074	1076
0	9	62	1075	1077
0	9	63	1076	1174
0	10	70	1296	1339
0	10	71	1338	1345
0	10	72	1344	1375
0	11	73	1374	1375
0	11	74	1375	1390
0	11	75	1389	1465
0	12	76	1464	1473
0	12	77	1472	1550
0	12	78	1549	1563
0	3	79	1562	1585
0	3	80	1584	1591
0	3	81	1590	1601
0	3	82	1600	1632
0	3	83	1631	1662
0	13	84	1661	1663
0	13	85	1663	1686
0	13	86	1685	1731
0	13	87	1730	1743
0	13	88	1747	1758
0	14	89	1757	1758
0	14	90	1758	1808
0	14	91	1807	1809
0	14	92	1808	1833
0	14	93	1832	1870
0	12	94	1869	1871
0	12	95	1871	1877
0	12	96	1876	1909
0	12	97	1908	1929
0	12	98	1928	1960
0	12	99	1959	1970
0	12	100	1969	1970
0	15	101	1969	1997
0	15	102	1997	2044
0	15	103	2044	2067
0	15	104	2066	2073
0	15	105	2072	2077
0	15	106	2077	2085
0	15	107	2085	2086
0	5	108	2085	2087
0	5	109	2086	2088
0	5	110	2087	2113
0	5	111	2112	2132
0	5	112	2131	2141
0	5	113	2140	2164
0	5	114	2163	2168
0	13	115	2167	2200
0	13	116	2199	2218
0	13	117	2217	2242
0	13	118	2241	2253
0	13	119	2252	2265
0	13	120	2264	2266
0	16	121	2265	2272
0	16	122	2271	2295
0	16	123	2294	2315
0	16	124	2314	2335
0	16	125	2334	2336
0	16	126	2335	2339
0	16	127	2338	2339
0	16	128	2338	2370
0	17	129	2369	2371
0	17	130	2371	2403
0	17	131	2402	2437
0	17	132	2436	2456
0	17	133	2456	2457
0	17	134	2456	2459
0	17	135	2458	2486
0	18	136	2485	2539
0	18	137	2538	2540
0	18	138	2540	2565
0	18	139	2564	2590
0	18	140	2589	2597
0	18	141	2596	2627
0	18	142	2626	2627
0	3	143	2626	2656
0	3	144	2655	2670
0	3	145	2670	2693
0	3	146	2692	2730
0	19	147	2729	2743
0	19	148	2742	2781
0	19	149	2780	2796
0	19	150	2795	2810
0	19	151	2809	2832
0	19	152	2832	2833
0	19	153	2833	2854
0	20	154	2853	2854
0	20	155	2854	2896
0	20	156	2895	2908
0	20	157	2907	2933
0	20	158	2932	2941
0	20	159	2940	2946
0	20	160	2955	2956
0	20	161	2955	2956
0	18	162	2955	2957
0	18	163	2956	3035
0	18	164	3034	3059
0	18	165	3058	3071
0	18	166	3070	3081
0	18	167	3080	3081
0	18	168	3080	3088
0	21	169	3088	3089
0	21	170	3088	3105
0	21	171	3104	3109
0	21	172	3108	3130
0	21	173	3129	3132
0	21	174	3131	3150
0	21	175	3150	3161
0	15	176	3160	3174
0	15	177	3173	3206
0	15	178	3205	3236
0	15	179	3235	3242
0	15	180	3241	3251
0	15	181	3250	3260
0	15	182	3259	3260
0	15	183	3260	3290
0	13	184	3289	3321
0	13	185	3320	3352
0	13	186	3351	3370
0	13	187	3371	3378
0	13	188	3378	3381
0	13	189	3390	3394
0	19	190	3393	3397
0	19	191	3396	3407
0	19	192	3406	3442
0	19	193	3441	3461
0	19	194	3460	3468
0	19	195	3467	3533
0	13	196	3532	3574
0	13	197	3573	3627
0	13	198	3626	3656
0	13	199	3655	3685
0	19	200	3684	3720
0	19	201	3719	3762
0	19	202	3761	3763
0	19	203	3762	3795
0	22	204	3794	3810
0	22	205	3809	3834
0	22	206	3833	3853
0	22	207	3852	3855
0	22	208	3854	3892
0	22	209	3891	3922
0	22	210	3921	3925
0	23	211	3924	3969
0	23	212	3968	3985
0	23	213	3984	4002
0	23	214	4001	4015
0	23	215	4016	4021
0	23	216	4020	4070
0	23	217	4069	4073
0	0	218	4072	4076
0	0	219	4075	4138
0	0	220	4137	4140
0	0	221	4139	4175
0	22	222	4174	4177
0	22	223	4176	4195
0	22	224	4194	4231
0	22	225	4230	4242
0	22	226	4241	4244
0	22	227	4243	4245
0	22	228	4244	4266
0	24	229	4265	4306
0	24	230	4305	4323
0	24	231	4322	4359
0	24	232	4358	4366
0	24	233	4370	4394
0	4	234	4393	4415
0	4	235	4414	4428
0	4	236	4427	4457
0	4	237	4456	4457
0	4	238	4456	4493
0	4	239	4492	4506
0	4	240	4505	4506
0	4	241	4505	4506
0	25	242	4505	4543
0	25	243	4542	4588
0	22	244	4587	4614
0	22	245	4613	4620
0	22	246	4619	4657
0	22	247	4656	4658
0	22	248	4657	4666
0	22	249	4669	4670
0	22	250	4669	4685
0	26	251	4684	4686
0	26	252	4686	4761
0	26	253	4760	4769
0	26	254	4768	4802
0	26	255	4801	4806
0	26	256	4805	4830
0	26	257	4829	4832
0	27	266	4893	4899
0	27	267	4899	4928
0	27	268	4927	4929
0	27	269	4928	4929
0	27	270	4928	4930
0	27	271	4929	4930
0	27	272	4929	4974
0	27	273	4973	5029
0	3	274	5028	5064
0	3	275	5064	5066
0	3	276	5065	5089
0	3	277	5088	5123
0	3	278	5122	5173
0	3	279	5172	5176
0	28	280	5175	5176
0	28	281	5176	5223
0	28	282	5222	5224
0	28	283	5223	5267
0	28	284	5266	5303
0	28	285	5307	5308
0	28	286	5307	5308
0	29	287	5307	5309
0	29	288	5308	5336
0	29	289	5335	5358
0	29	290	5357	5359
0	29	291	5358	5366
0	29	292	5365	5383
0	29	293	5382	5384
0	30	294	5383	5384
0	30	295	5384	5416
0	30	296	5415	5420
0	30	297	5419	5450
0	30	298	5449	5456
1	31	4	5485	5498
1	31	5	5497	5530
1	31	6	5529	5568
1	31	7	5567	5592
1	31	8	5591	5593
1	31	9	5592	5617
1	27	10	5616	5639
1	27	11	5638	5689
1	27	12	5688	5700
1	27	13	5699	5740
1	27	14	5740	5743
1	30	15	5743	5744
1	30	16	5743	5783
1	30	17	5783	5817
1	30	18	5816	5818
1	30	19	5817	5844
1	30	20	5843	5857
1	29	31	6093	6129
1	29	32	6128	6132
1	29	33	6131	6160
1	29	34	6159	6164
1	29	35	6163	6185
1	29	36	6195	6197
1	3	37	6196	6197
1	3	38	6197	6222
1	3	39	6221	6248
1	3	40	6247	6273
1	3	41	6272	6282
1	3	42	6281	6322
1	32	43	6321	6345
1	32	44	6344	6350
1	32	45	6349	6368
1	32	46	6367	6385
1	32	47	6384	6394
1	32	48	6393	6397
1	32	49	6401	6403
1	29	53	6492	6494
1	10	59	6638	6664
1	10	60	6663	6737
1	33	73	6948	7036
1	33	74	7035	7057
1	33	75	7056	7086
1	33	76	7085	7087
1	33	77	7087	7113
1	33	78	7113	7196
1	17	79	7196	7208
2	2	1	7207	7224
2	2	2	7224	7230
2	2	3	7229	7236
2	2	4	7236	7252
2	2	5	7252	7255
2	2	6	7255	7288
2	2	7	7288	7309
2	2	8	7309	7310
2	2	9	7309	7316
2	2	10	7315	7328
2	2	11	7328	7361
2	2	12	7361	7365
2	34	13	7364	7391
2	34	14	7390	7391
2	34	15	7391	7417
2	34	16	7417	7439
2	34	17	7438	7458
2	34	18	7458	7477
2	34	19	7487	7492
2	34	20	7491	7537
2	34	21	7537	7562
2	34	22	7562	7568
2	34	23	7567	7568
2	34	24	7567	7591
2	34	25	7591	7637
2	34	26	7636	7689
2	34	27	7688	7702
2	34	28	7702	7703
2	34	29	7702	7721
2	34	30	7720	7751
2	35	31	7751	7781
2	35	32	7780	7836
2	35	33	7835	7837
2	35	34	7836	7847
2	35	35	7846	7899
2	36	36	7898	7908
2	36	37	7907	7918
2	36	38	7917	7955
2	36	39	7954	7955
2	36	40	7954	7977
2	36	41	7977	8005
2	8	42	8004	8005
2	8	43	8005	8048
2	8	44	8047	8080
2	8	45	8079	8126
2	5	46	8125	8133
2	5	47	8132	8152
2	5	48	8151	8197
2	5	49	8196	8210
2	5	50	8209	8219
2	10	51	8218	8257
2	10	52	8256	8257
2	10	53	8257	8298
2	10	54	8297	8330
2	5	55	8329	8332
2	5	56	8331	8380
2	5	57	8379	8407
2	5	58	8406	8457
2	5	59	8456	8463
2	2	60	8462	8529
2	2	61	8539	8543
2	2	62	8542	8595
2	14	63	8594	8595
2	30	64	8595	8597
2	30	65	8598	8629
2	30	66	8628	8656
2	30	67	8655	8672
2	30	68	8680	8682
2	2	69	8681	8684
2	2	70	8683	8684
2	2	71	8683	8740
2	2	72	8739	8831
2	2	73	8830	8854
2	2	74	8853	8883
2	2	75	8882	8907
2	2	76	8906	8913
2	2	77	8912	8919
2	2	78	8918	8933
2	2	79	8932	8955
2	2	80	8954	8955
2	2	81	8954	8956
2	19	82	8955	8976
2	19	83	8975	8998
2	19	84	8997	9043
2	19	85	9042	9069
2	19	86	9068	9109
2	37	87	9108	9126
2	37	88	9125	9143
2	37	89	9142	9164
2	37	90	9163	9206
2	37	91	9205	9214
2	37	92	9213	9250
2	31	93	9250	9308
2	31	94	9307	9330
2	5	95	9329	9362
2	5	96	9361	9378
2	5	97	9382	9383
2	5	98	9382	9388
2	28	99	9387	9419
2	28	100	9418	9439
2	28	101	9438	9466
2	27	102	9466	9473
2	27	103	9472	9502
2	27	104	9501	9554
2	27	105	9553	9570
2	27	106	9574	9616
2	19	107	9615	9678
2	19	108	9677	9696
2	19	109	9695	9724
2	19	110	9723	9728
2	19	111	9727	9756
2	8	112	9755	9811
2	8	113	9810	9833
2	8	114	9833	9881
2	8	115	9880	9893
2	8	116	9894	9898
2	8	117	9897	9943
2	8	118	9942	9952
2	8	119	9952	10004
2	8	120	10004	10013
2	8	121	10013	10038
2	8	122	10038	10045
2	8	123	10045	10069
2	38	124	10069	10109
2	38	125	10108	10138
2	38	126	10137	10168
2	38	127	10167	10173
2	38	128	10172	10182
2	39	129	10181	10222
2	39	130	10221	10246
2	39	131	10245	10264
2	39	132	10263	10275
2	39	133	10274	10297
2	40	134	10296	10298
2	40	135	10298	10339
2	40	136	10338	10344
2	40	137	10343	10362
2	40	138	10361	10380
2	40	139	10379	10395
2	40	140	10394	10410
2	40	141	10409	10415
2	40	142	10414	10424
2	41	143	10423	10435
2	41	144	10434	10453
2	41	145	10452	10474
2	41	146	10473	10484
2	41	147	10483	10499
2	41	148	10498	10515
2	41	149	10514	10523
2	41	150	10522	10526
2	41	151	10525	10542
2	17	152	10541	10557
2	17	153	10556	10562
2	39	154	10561	10599
2	39	155	10598	10599
2	39	156	10599	10621
2	39	157	10620	10621
2	39	158	10621	10638
2	39	159	10637	10653
2	39	160	10669	10682
2	5	165	10811	10812
2	5	166	10812	10875
2	5	167	10874	10899
2	5	168	10898	10924
2	5	169	10923	10935
2	5	170	10934	10945
2	5	171	10944	10951
2	5	172	10950	10965
2	42	181	11131	11158
2	42	182	11157	11168
2	42	183	11167	11205
2	42	184	11204	11253
2	42	185	11252	11267
2	22	186	11266	11298
2	22	187	11297	11348
2	22	188	11347	11354
2	22	189	11353	11391
2	22	190	11390	11398
2	43	204	11694	11758
2	43	205	11757	11772
2	43	206	11771	11834
2	43	207	11833	11835
3	38	1	12129	12130
3	38	2	12130	12192
3	38	3	12191	12221
3	38	4	12221	12246
3	38	5	12246	12262
3	38	6	12261	12262
3	38	7	12261	12269
3	26	8	12269	12282
3	26	9	12282	12298
3	26	10	12297	12317
3	26	11	12316	12341
3	26	12	12341	12355
3	36	13	12354	12356
3	36	14	12355	12377
3	36	15	12377	12407
3	36	16	12407	12432
3	36	17	12431	12447
3	36	18	12446	12460
3	37	19	12459	12477
3	37	20	12476	12492
3	37	21	12492	12525
3	37	22	12525	12533
3	37	23	12532	12568
3	37	24	12567	12620
3	37	25	12619	12629
3	37	26	12628	12683
3	36	27	12682	12685
3	36	28	12684	12696
3	36	29	12695	12730
3	36	30	12729	12756
3	36	31	12755	12756
3	36	32	12755	12804
3	10	33	12804	12805
3	10	34	12804	12828
3	10	35	12827	12830
3	10	36	12829	12880
3	10	37	12879	12880
3	39	38	12879	12905
3	39	39	12904	12923
3	39	40	12922	12923
3	39	41	12922	12963
3	39	42	12966	12967
3	44	43	12966	13088
3	44	44	13087	13095
3	36	45	13094	13100
3	36	46	13100	13119
3	36	47	13118	13146
3	36	48	13145	13188
3	45	49	13188	13240
3	45	50	13239	13298
3	38	51	13297	13312
3	38	52	13311	13331
3	38	53	13331	13332
3	38	54	13331	13370
3	29	55	13369	13448
3	29	56	13447	13448
3	29	57	13447	13466
3	38	58	13465	13527
3	38	59	13526	13557
3	38	60	13560	13561
3	38	61	13560	13561
3	30	62	13560	13589
3	30	63	13588	13637
3	30	64	13636	13667
3	30	65	13666	13675
3	30	66	13674	13675
3	45	67	13675	13676
3	45	68	13676	13680
3	45	69	13679	13694
3	45	70	13693	13711
3	45	71	13710	13732
3	45	72	13731	13733
3	45	73	13737	13750
3	11	74	13749	13750
3	11	75	13751	13762
3	11	76	13761	13785
3	11	77	13784	13801
3	11	78	13800	13846
3	11	79	13845	13846
3	11	80	13845	13868
3	11	81	13867	13868
3	11	82	13873	13874
3	26	83	13873	13891
3	26	84	13890	13908
3	26	85	13907	13922
3	26	86	13921	13968
3	26	87	13967	14015
3	26	88	14014	14015
3	29	89	14014	14016
3	29	90	14015	14033
3	29	91	14033	14085
3	29	92	14084	14117
3	29	93	14116	14120
3	37	94	14119	14141
3	37	95	14140	14162
3	37	96	14161	14177
3	37	97	14176	14202
3	37	98	14201	14234
3	30	99	14233	14273
3	30	100	14272	14323
3	30	101	14322	14346
3	30	102	14345	14392
3	44	103	14391	14408
3	44	104	14407	14458
3	44	105	14457	14488
3	44	106	14487	14488
3	37	107	14487	14542
3	37	108	14541	14564
3	37	109	14563	14568
3	37	110	14567	14595
3	37	111	14594	14627
3	44	112	14626	14670
3	44	113	14669	14695
3	44	114	14694	14715
3	2	115	14714	14724
3	2	116	14723	14748
3	2	117	14747	14776
3	2	118	14775	14780
3	2	119	14779	14788
3	2	120	14787	14795
3	2	121	14794	14802
3	2	122	14801	14812
3	2	123	14811	14812
3	2	124	14811	14816
3	41	125	14815	14831
3	41	126	14838	14839
3	20	127	14838	14839
3	20	128	14839	14866
3	20	129	14865	14866
3	20	130	14865	14912
3	20	131	14911	14927
3	20	132	14926	14946
3	20	133	14945	15011
3	44	134	15010	15030
3	44	135	15030	15035
3	44	136	15034	15058
3	44	137	15058	15063
3	44	138	15066	15076
3	44	139	15075	15098
3	19	140	15097	15139
3	19	141	15138	15170
3	19	142	15169	15189
3	19	143	15189	15211
3	19	144	15210	15213
3	19	145	15212	15214
3	19	146	15213	15217
3	29	147	15216	15228
3	29	148	15227	15234
3	29	149	15234	15271
3	29	150	15270	15303
3	29	151	15302	15319
3	29	152	15318	15344
3	29	153	15343	15351
3	35	154	15350	15405
3	35	155	15404	15429
3	35	156	15428	15439
3	35	157	15438	15510
3	41	158	15509	15511
3	41	159	15511	15543
3	41	160	15543	15562
3	41	161	15561	15569
3	41	162	15568	15586
3	41	163	15585	15599
3	41	164	15599	15614
3	41	165	15613	15617
3	41	166	15616	15617
3	41	167	15616	15625
3	38	168	15624	15625
3	38	169	15625	15630
3	38	170	15629	15706
3	38	171	15705	15724
3	38	172	15723	15726
3	38	173	15725	15734
3	35	174	15733	15762
3	35	175	15761	15793
3	35	176	15792	15839
3	35	177	15838	15845
3	35	178	15844	15888
3	45	179	15887	15889
3	45	180	15888	15970
3	45	181	15969	15984
3	45	182	15989	15990
3	45	183	15989	16009
3	21	184	16008	16049
3	21	185	16048	16066
3	21	186	16065	16121
3	21	187	16120	16147
3	21	188	16146	16147
3	35	189	16146	16215
3	35	190	16220	16224
3	35	191	16223	16231
3	35	192	16230	16271
3	16	193	16270	16303
3	16	194	16302	16339
3	16	195	16338	16380
3	16	196	16379	16398
3	35	197	16397	16422
3	35	198	16421	16446
3	35	199	16445	16464
3	35	200	16463	16478
3	35	201	16477	16485
3	35	202	16484	16502
3	19	203	16501	16523
3	19	204	16523	16526
3	19	205	16525	16539
3	19	206	16538	16565
3	19	207	16564	16628
3	19	208	16627	16641
3	30	209	16640	16678
3	30	210	16677	16708
3	30	211	16707	16708
3	30	212	16708	16746
3	30	213	16745	16747
3	30	214	16746	16771
3	36	215	16770	16775
3	36	216	16774	16778
3	36	217	16777	16816
3	36	218	16815	16846
3	36	219	16845	16848
3	40	220	16847	16849
3	40	221	16848	16893
3	40	222	16892	16969
3	40	223	16968	17009
3	17	224	17008	17028
3	17	225	17027	17050
3	17	226	17050	17067
3	17	227	17066	17092
3	17	228	17091	17114
3	17	229	17143	17144
3	32	230	17143	17155
3	32	231	17154	17157
3	32	232	17156	17159
3	32	233	17158	17159
3	32	234	17158	17182
3	32	235	17181	17227
3	32	236	17226	17228
3	32	237	17227	17274
3	23	238	17273	17352
3	23	239	17351	17354
3	23	240	17353	17389
3	37	245	17483	17535
3	37	246	17534	17575
3	37	247	17574	17610
3	37	248	17609	17622
3	37	249	17621	17622
3	37	250	17621	17627
3	35	251	17626	17692
3	35	252	17691	17697
3	35	253	17696	17710
3	19	254	17709	17734
3	19	255	17733	17738
3	19	256	17737	17792
3	19	257	17791	17834
3	17	258	17833	17840
3	17	259	17839	17878
3	17	260	17877	17908
3	17	261	17907	17911
3	17	262	17910	17918
3	17	263	17917	17959
3	17	264	17958	17960
3	41	265	17959	17961
3	41	266	17960	17983
3	41	267	17982	18007
3	41	268	18006	18049
3	41	269	18048	18050
3	41	270	18049	18059
4	0	1	18059	18076
4	0	2	18075	18091
4	0	3	18090	18113
4	0	4	18113	18115
4	0	5	18114	18147
4	7	6	18146	18162
4	7	7	18161	18188
4	7	8	18187	18220
4	7	9	18219	18236
4	7	10	18235	18249
4	7	11	18248	18265
4	7	12	18264	18270
4	7	13	18269	18275
4	46	14	18275	18308
4	46	15	18308	18326
4	46	16	18325	18358
4	46	17	18357	18379
4	46	18	18378	18394
4	46	19	18394	18395
4	10	20	18394	18395
4	10	21	18395	18435
4	10	22	18434	18435
4	15	48	18823	18832
4	15	49	18831	18913
4	15	50	18912	18922
4	15	51	18921	18922
4	15	52	18921	18988
4	3	53	18987	19019
4	3	54	19018	19027
4	3	55	19026	19039
4	3	56	19038	19068
4	3	57	19067	19098
4	3	58	19103	19104
4	10	59	19103	19105
4	10	60	19105	19106
4	10	61	19105	19194
4	10	62	19193	19195
4	10	63	19194	19239
4	10	64	19238	19239
4	20	65	19238	19292
4	20	66	19291	19293
4	20	67	19292	19309
4	20	68	19308	19346
4	21	69	19345	19373
4	21	70	19372	19433
4	21	71	19432	19468
4	21	72	19467	19472
4	21	73	19471	19487
4	27	74	19486	19489
4	27	75	19488	19504
4	27	76	19503	19507
4	27	77	19506	19559
4	27	78	19558	19613
4	27	79	19612	19646
4	27	80	19645	19703
4	27	81	19702	19725
4	13	82	19724	19727
4	13	83	19726	19755
4	13	84	19754	19785
4	13	85	19784	19807
4	13	86	19807	19842
4	46	87	19841	19896
4	46	88	19895	19959
4	46	89	19958	20025
4	27	90	20024	20027
4	27	91	20026	20045
4	27	92	20044	20109
4	27	93	20108	20138
4	44	94	20137	20157
4	44	95	20156	20168
4	44	96	20167	20198
4	44	97	20197	20232
4	44	98	20231	20265
4	44	99	20269	20270
4	47	100	20269	20298
4	47	101	20297	20310
4	47	102	20309	20337
4	47	103	20337	20339
4	47	104	20338	20378
4	27	105	20377	20422
4	27	106	20421	20468
4	27	107	20467	20469
4	27	108	20468	20508
4	27	109	20507	20509
4	33	116	20600	20606
4	3	119	20625	20627
4	3	120	20626	20646
4	3	121	20645	20683
4	3	122	20682	20684
4	3	123	20683	20693
4	3	124	20692	20722
4	3	125	20721	20725
5	47	1	20724	20758
5	47	2	20757	20766
5	47	3	20766	20792
5	47	4	20791	20811
5	47	5	20811	20812
5	47	6	20811	20821
5	47	7	20820	20827
5	47	8	20826	20827
5	47	9	20826	20827
5	47	10	20826	20828
5	3	11	20827	20867
5	3	12	20866	20905
5	3	13	20904	20924
5	3	14	20923	20935
5	3	15	20935	20954
5	3	16	20953	20954
5	3	17	20953	20977
5	3	18	20976	20993
5	3	19	20992	21015
5	3	20	21015	21037
5	3	21	21037	21074
5	6	22	21074	21104
5	6	23	21103	21133
5	6	24	21133	21134
5	6	25	21133	21158
5	6	26	21158	21160
5	6	27	21159	21182
5	31	28	21181	21219
5	31	29	21218	21242
5	31	30	21241	21281
5	6	31	21280	21281
5	6	32	21281	21303
5	6	33	21302	21341
5	6	34	21340	21357
5	6	35	21357	21358
5	6	36	21357	21396
5	45	37	21395	21398
5	45	38	21397	21438
5	29	39	21437	21438
5	29	40	21437	21438
5	29	41	21437	21452
5	29	42	21451	21452
5	29	43	21452	21474
5	29	44	21475	21482
5	29	45	21481	21498
5	29	46	21498	21505
5	29	47	21519	21535
5	48	48	21534	21582
5	48	49	21581	21589
5	48	50	21588	21615
5	48	51	21614	21632
5	48	52	21631	21643
5	48	53	21642	21650
5	23	54	21649	21653
5	23	55	21652	21653
5	23	56	21652	21687
5	23	57	21686	21699
5	23	58	21698	21707
5	23	59	21706	21708
5	23	60	21707	21717
5	23	61	21716	21726
5	23	62	21758	21763
5	2	63	21762	21834
5	2	64	21833	21867
5	2	65	21866	21897
5	45	66	21896	21897
5	45	67	21898	21963
5	45	68	21962	22014
5	45	69	22018	22019
5	45	70	22018	22019
5	46	71	22018	22040
5	46	72	22039	22152
5	12	73	22151	22199
5	12	74	22198	22203
5	12	75	22202	22235
5	12	76	22234	22280
5	12	77	22279	22280
5	12	78	22283	22284
5	4	79	22283	22305
5	4	80	22304	22389
5	4	81	22388	22407
5	49	82	22406	22407
5	49	83	22407	22429
5	49	84	22428	22439
5	49	85	22438	22470
5	49	86	22469	22477
5	49	87	22476	22499
5	49	88	22498	22519
5	38	89	22518	22519
5	38	90	22519	22520
5	38	91	22520	22556
5	38	92	22555	22558
5	38	93	22558	22619
5	3	94	22618	22628
5	3	95	22627	22673
5	3	96	22672	22705
5	3	97	22704	22705
5	10	98	22704	22707
5	10	99	22706	22726
5	10	100	22725	22777
5	10	101	22776	22778
5	10	102	22777	22821
5	14	103	22820	22821
5	14	104	22821	22852
5	14	105	22851	22852
5	14	106	22851	22875
5	14	107	22874	22908
5	14	108	22907	22930
5	49	109	22929	22930
5	49	110	22930	22931
5	49	111	22936	22969
5	49	112	22968	22993
5	49	113	22992	23022
5	49	114	23021	23031
5	49	115	23030	23051
5	49	116	23050	23066
5	49	117	23065	23066
5	49	118	23066	23088
5	49	119	23087	23111
5	49	120	23110	23123
5	49	121	23122	23129
5	49	122	23128	23147
5	49	123	23146	23148
5	49	124	23154	23156
5	5	125	23155	23157
5	5	126	23156	23181
5	5	127	23180	23227
5	5	128	23226	23240
5	5	129	23239	23250
5	5	130	23249	23268
5	39	131	23267	23310
5	39	132	23309	23318
5	39	133	23317	23319
5	39	134	23318	23337
5	39	135	23336	23376
5	48	141	23545	23565
5	48	142	23564	23575
5	48	143	23574	23605
5	48	144	23604	23635
5	48	145	23634	23638
5	48	146	23638	23639
5	48	147	23638	23671
5	48	148	23670	23701
5	48	149	23701	23743
5	48	150	23742	23755
5	48	151	23754	23790
5	4	152	23789	23798
5	4	153	23798	23838
5	4	154	23838	23848
5	4	155	23847	23874
5	4	156	23886	23888
5	4	157	23887	23898
5	41	185	24279	24281
5	41	186	24280	24323
5	41	187	24323	24324
5	41	188	24323	24359
5	41	189	24358	24372
5	41	190	24387	24398
5	24	191	24397	24440
5	24	192	24439	24458
5	24	193	24457	24465
5	24	194	24464	24479
5	24	195	24478	24519
5	24	196	24518	24520
5	24	197	24519	24520
5	24	198	24519	24520
5	24	199	24519	24520
5	24	200	24519	24520
5	24	201	24519	24521
5	22	202	24520	24522
5	22	203	24521	24549
5	22	204	24548	24580
5	22	205	24579	24632
5	22	206	24631	24652
5	35	214	24730	24733
5	35	215	24732	24747
5	35	216	24746	24747
5	19	217	24746	24795
5	19	218	24794	24837
5	19	219	24836	24871
5	19	220	24870	24881
5	19	221	24881	24886
5	40	235	25107	25108
5	40	236	25108	25134
5	40	237	25133	25182
5	40	238	25181	25264
6	45	1	25725	25763
6	45	2	25762	25793
6	45	3	25792	25797
6	45	4	25796	25805
6	45	5	25804	25821
6	50	6	25821	25832
6	50	7	25831	25845
6	50	8	25844	25866
6	50	9	25865	25876
6	50	10	25875	25915
6	45	11	25914	25941
6	45	12	25941	25974
6	45	13	25973	25976
6	45	14	25975	26021
6	45	15	26021	26022
6	45	16	26021	26024
6	45	17	26023	26027
6	51	18	26027	26051
6	51	19	26050	26065
6	51	20	26064	26065
6	51	21	26064	26090
6	51	22	26089	26099
6	51	23	26099	26102
6	29	24	26101	26104
6	29	25	26104	26137
6	29	26	26136	26196
6	29	27	26195	26249
6	31	28	26249	26315
6	31	29	26331	26333
6	31	30	26332	26334
6	31	31	26333	26381
6	31	32	26380	26400
6	35	33	26399	26402
6	35	34	26401	26423
6	35	35	26422	26478
6	35	36	26477	26484
6	35	37	26483	26532
6	35	38	26531	26585
6	35	39	26584	26586
6	35	40	26588	26589
6	35	41	26589	26638
6	3	42	26637	26673
6	3	43	26672	26702
6	3	44	26701	26712
6	3	45	26711	26731
6	3	46	26730	26748
6	29	47	26747	26785
6	29	48	26785	26792
6	29	49	26791	26808
6	29	50	26807	26819
6	29	51	26819	26828
6	29	52	26827	26830
6	29	53	26848	26850
6	31	54	26849	26911
6	31	55	26910	26990
6	31	56	26989	26992
6	31	57	26991	27010
6	31	58	27009	27045
6	49	59	27044	27084
6	49	60	27083	27139
6	49	61	27138	27161
6	49	62	27160	27170
6	31	63	27169	27182
6	31	64	27181	27241
6	31	65	27240	27317
6	31	66	27316	27327
6	35	67	27326	27374
6	35	68	27373	27427
6	51	69	27426	27491
6	51	70	27490	27491
6	51	71	27490	27491
6	51	72	27491	27521
6	51	73	27520	27574
6	51	74	27573	27596
6	51	75	27595	27597
6	51	76	27596	27597
6	51	77	27596	27621
6	51	78	27621	27622
6	51	79	27621	27646
6	51	80	27645	27711
6	8	81	27710	27752
6	8	82	27752	27779
6	8	83	27778	27817
6	8	84	27817	27850
6	8	85	27854	27855
6	8	86	27854	27855
6	11	87	27854	27856
6	11	88	27855	27867
6	11	89	27867	27907
6	11	90	27906	27919
6	23	91	27918	27952
6	23	92	27951	27974
6	23	93	27973	28013
6	29	94	28012	28013
6	29	95	28014	28033
6	29	96	28032	28058
6	29	97	28057	28065
6	29	98	28064	28079
6	29	99	28078	28103
6	29	100	28108	28109
6	38	101	28108	28163
6	38	102	28162	28164
6	38	103	28163	28210
6	38	104	28210	28245
6	38	105	28244	28272
6	38	106	28271	28322
6	38	107	28321	28350
6	38	108	28349	28351
6	38	109	28350	28351
6	38	110	28354	28355
6	38	111	28354	28355
6	30	112	28354	28401
6	30	113	28400	28439
6	30	114	28438	28458
6	30	115	28457	28464
6	3	116	28463	28464
6	3	117	28465	28488
6	3	118	28487	28511
6	3	119	28510	28544
6	3	120	28550	28551
6	3	121	28550	28553
6	3	122	28552	28584
6	11	123	28583	28585
6	11	124	28586	28632
6	11	125	28631	28632
6	11	126	28632	28670
6	11	127	28669	28694
6	11	128	28693	28700
6	11	129	28699	28730
6	11	130	28737	28738
6	11	131	28737	28738
6	52	132	28737	28739
6	52	133	28738	28776
6	52	134	28775	28812
6	52	135	28811	28841
6	52	136	28840	28866
6	52	137	28865	28873
6	24	138	28872	28879
6	24	139	28878	28918
6	24	140	28917	28927
6	24	141	28926	28966
6	24	142	28971	28977
6	24	143	28976	28984
6	18	144	28983	28984
6	18	145	28984	29033
6	18	146	29032	29051
6	18	147	29050	29074
6	18	148	29073	29094
6	18	149	29093	29109
6	18	150	29108	29112
6	23	151	29111	29136
6	23	152	29135	29154
6	23	153	29153	29170
6	23	154	29169	29170
6	23	155	29169	29197
6	23	156	29196	29209
6	23	157	29208	29211
6	23	158	29210	29214
6	23	159	29214	29215
6	23	160	29214	29215
6	11	161	29214	29235
6	11	162	29234	29264
6	11	163	29263	29298
6	11	164	29297	29324
6	11	165	29323	29352
6	12	166	29351	29353
6	12	167	29353	29358
6	12	168	29357	29374
6	12	169	29373	29398
6	12	170	29397	29410
6	12	171	29409	29444
6	12	172	29443	29445
6	12	173	29448	29462
6	40	174	29461	29518
6	40	175	29517	29534
6	40	176	29534	29546
6	40	177	29545	29562
6	40	178	29561	29599
6	40	179	29598	29619
6	32	180	29618	29642
6	32	181	29641	29664
6	32	182	29664	29690
6	32	183	29689	29721
6	32	184	29720	29737
6	32	185	29736	29756
6	32	186	29755	29782
6	32	187	29781	29789
6	53	188	29788	29802
6	53	189	29802	29847
6	53	190	29846	29861
6	53	191	29860	29872
6	53	192	29884	29885
6	53	193	29884	29925
6	42	194	29924	29994
6	42	195	29993	30036
6	42	196	30035	30037
6	42	197	30036	30092
6	42	198	30091	30117
6	42	199	30117	30118
6	42	200	30117	30118
6	12	206	30261	30278
6	12	207	30277	30306
6	12	208	30305	30313
6	12	209	30312	30331
6	12	210	30330	30342
6	12	211	30341	30365
6	12	212	30364	30367
6	12	213	30366	30374
6	12	214	30374	30375
6	52	215	30374	30405
6	52	216	30405	30452
6	52	217	30451	30463
6	52	218	30462	30509
6	52	219	30508	30509
6	12	220	30508	30517
6	12	221	30516	30544
6	12	222	30543	30588
6	12	223	30587	30597
6	12	224	30596	30625
6	12	225	30624	30625
6	12	226	30630	30633
6	12	227	30632	30633
6	37	228	30632	30659
6	37	229	30658	30661
6	37	230	30660	30697
6	37	231	30696	30698
6	37	232	30697	30735
6	37	233	30734	30743
6	37	234	30742	30743
6	37	235	30742	30743
6	37	236	30743	30763
6	16	237	30762	30827
6	16	238	30826	30864
6	16	239	30863	30872
6	30	240	30871	30906
6	30	241	30905	30969
6	30	242	30969	30971
6	30	243	30970	30977
6	30	244	30976	31005
6	30	245	31005	31011
6	54	246	31010	31045
6	54	247	31044	31121
6	54	248	31120	31143
6	54	249	31142	31181
6	29	250	31180	31194
6	29	251	31193	31218
6	29	252	31217	31240
6	29	253	31239	31244
6	29	254	31243	31285
6	29	255	31284	31285
6	3	256	31284	31340
6	3	257	31339	31352
6	3	258	31351	31383
6	3	259	31382	31389
6	3	260	31388	31434
6	55	261	31433	31480
6	55	262	31479	31515
6	55	263	31514	31521
6	55	264	31526	31532
6	55	265	31531	31553
6	55	266	31552	31553
6	19	272	31693	31696
6	19	273	31695	31744
6	19	274	31743	31770
6	23	279	31895	31988
6	23	280	31987	31991
6	23	281	31990	32017
6	23	282	32016	32017
6	19	283	32016	32017
6	19	284	32017	32024
6	19	285	32023	32060
6	19	286	32059	32062
6	19	287	32061	32092
6	19	288	32091	32093
6	19	289	32092	32099
7	23	1	32099	32108
7	23	2	32107	32137
7	23	3	32136	32154
7	23	4	32154	32155
7	23	5	32154	32155
7	23	6	32154	32159
7	23	7	32158	32186
7	36	8	32185	32196
7	36	9	32195	32253
7	36	10	32252	32254
7	36	11	32253	32313
7	51	12	32312	32338
7	51	13	32337	32360
7	51	14	32360	32382
7	51	15	32381	32382
7	51	16	32396	32407
7	13	17	32406	32407
7	13	18	32407	32448
7	13	19	32447	32448
7	13	20	32449	32464
7	13	21	32463	32475
7	13	22	32475	32487
7	13	23	32486	32517
7	52	24	32517	32541
7	52	25	32540	32569
7	52	26	32569	32571
7	52	27	32570	32571
7	52	28	32570	32597
7	23	29	32596	32607
7	23	30	32606	32655
7	23	31	32654	32665
7	23	32	32664	32684
7	23	33	32683	32694
7	23	34	32693	32694
7	26	35	32693	32756
7	26	36	32755	32767
7	26	37	32766	32814
7	26	38	32813	32832
7	26	39	32831	32839
7	50	40	32838	32850
7	50	41	32849	32918
7	50	42	32917	32966
7	49	43	32965	32968
7	49	44	32967	32994
7	49	45	32993	33066
7	49	46	33065	33079
7	49	47	33078	33080
7	49	48	33079	33084
7	24	55	33143	33195
7	24	56	33194	33200
7	24	57	33199	33228
7	24	58	33227	33245
7	8	59	33244	33271
7	8	60	33270	33305
7	8	61	33304	33365
7	20	75	33764	33765
7	20	76	33765	33799
7	20	77	33799	33806
7	20	78	33805	33828
7	20	79	33827	33880
7	8	80	33879	33881
7	8	81	33882	33934
7	8	82	33933	33966
7	8	83	33965	33970
7	8	84	33969	33994
7	40	85	33993	34008
7	40	86	34007	34032
7	40	87	34031	34072
7	40	88	34071	34085
7	40	89	34084	34116
7	40	90	34117	34120
7	8	99	34444	34445
7	8	100	34445	34495
7	8	101	34494	34531
7	8	102	34530	34537
7	8	103	34541	34544
7	19	132	35237	35275
7	19	133	35275	35302
7	19	134	35301	35391
7	28	135	35390	35436
7	28	136	35435	35447
7	28	137	35446	35465
7	28	138	35464	35495
7	56	153	35769	35779
7	56	154	35778	35796
7	56	155	35795	35804
7	56	156	35803	35819
7	56	157	35818	35835
7	56	158	35834	35874
7	52	159	35873	35948
7	52	160	35948	36003
7	52	161	36002	36018
7	52	162	36018	36052
7	0	164	36110	36119
7	0	165	36118	36140
7	0	166	36139	36147
7	0	167	36151	36190
7	0	168	36189	36251
7	8	169	36250	36263
7	8	170	36262	36296
7	8	171	36296	36299
7	8	172	36299	36330
7	8	173	36330	36335
8	28	1	36335	36336
8	28	2	36335	36388
8	28	3	36388	36402
8	28	4	36401	36402
8	28	5	36401	36414
8	28	6	36413	36420
8	28	7	36420	36428
8	28	8	36428	36451
8	28	9	36450	36475
8	31	10	36475	36502
8	31	11	36502	36519
8	31	12	36518	36541
8	31	13	36540	36562
8	31	14	36561	36596
8	31	15	36596	36611
8	27	16	36611	36656
8	27	17	36655	36656
8	27	18	36656	36672
8	27	19	36671	36677
8	27	20	36677	36718
8	46	21	36718	36751
8	46	22	36750	36766
8	46	23	36766	36804
8	46	24	36803	36805
8	46	25	36804	36822
8	47	26	36821	36850
8	47	27	36849	36890
8	47	28	36889	36915
8	47	29	36914	36939
8	27	30	36939	36974
8	27	31	36973	37009
8	27	32	37008	37042
8	27	33	37042	37044
8	3	34	37043	37086
8	3	35	37085	37139
8	3	36	37138	37147
8	3	37	37146	37184
8	4	38	37183	37221
8	4	39	37220	37241
8	4	40	37240	37243
8	4	41	37242	37259
8	13	42	37258	37263
8	13	43	37268	37302
8	13	44	37302	37351
8	13	45	37351	37356
8	13	46	37355	37387
8	13	47	37387	37398
8	39	48	37397	37444
8	39	49	37443	37472
8	39	50	37471	37472
8	39	51	37471	37472
8	39	52	37471	37499
8	39	53	37498	37504
8	49	54	37503	37517
8	49	55	37516	37531
8	49	56	37530	37592
8	49	57	37591	37614
8	49	58	37613	37619
8	3	59	37618	37641
8	3	60	37640	37673
8	3	61	37672	37674
8	3	62	37673	37719
8	12	63	37718	37721
8	12	64	37721	37744
8	12	65	37743	37746
8	12	66	37746	37832
8	12	67	37831	37843
8	12	68	37842	37849
8	12	69	37848	37850
8	29	70	37849	37851
8	29	71	37851	37852
8	29	72	37852	37853
8	29	73	37852	37857
8	29	74	37857	37858
8	29	75	37857	37875
8	29	76	37874	37915
8	29	77	37914	37945
8	6	78	37944	37949
8	6	79	37948	37951
8	6	80	37950	37970
8	6	81	37969	37970
8	6	82	37969	38068
8	12	83	38067	38070
8	12	84	38069	38087
8	12	85	38086	38107
8	12	86	38106	38150
8	12	87	38149	38150
8	12	88	38149	38162
8	12	89	38161	38162
8	12	90	38162	38163
8	31	91	38162	38215
8	31	92	38214	38254
8	31	93	38253	38268
8	31	94	38267	38270
8	31	95	38269	38307
8	19	96	38306	38307
8	19	97	38307	38309
8	19	98	38308	38330
8	19	99	38329	38331
8	19	100	38330	38342
8	19	101	38341	38441
8	2	102	38440	38441
8	2	103	38441	38457
8	2	104	38456	38457
8	2	105	38456	38539
8	2	106	38538	38551
8	2	107	38550	38555
8	57	108	38554	38592
8	57	109	38592	38646
8	57	110	38645	38688
8	57	111	38692	38693
8	31	112	38692	38712
8	31	113	38711	38732
8	31	114	38731	38756
8	31	115	38755	38772
8	31	116	38771	38808
8	31	117	38807	38816
8	31	118	38815	38822
8	8	119	38821	38855
8	8	120	38855	38867
8	8	121	38866	38880
8	8	122	38880	38910
8	8	123	38910	38911
8	8	124	38910	38914
8	8	125	38914	38918
8	8	126	38923	38924
8	8	127	38923	38924
8	8	128	38923	38924
8	28	129	38923	38950
8	28	130	38949	38969
8	28	131	38968	38971
8	28	132	38970	39003
8	28	133	39002	39025
8	46	134	39025	39054
8	46	135	39053	39076
8	46	136	39075	39103
8	46	137	39102	39119
8	46	138	39118	39120
8	46	139	39119	39129
8	19	140	39128	39153
8	19	141	39152	39160
8	19	142	39159	39199
8	19	143	39198	39214
8	19	144	39213	39232
8	19	145	39231	39239
8	19	146	39238	39248
8	19	147	39247	39248
8	19	148	39247	39248
8	5	149	39248	39263
8	5	150	39262	39285
8	5	151	39284	39296
8	5	152	39295	39318
8	5	153	39317	39327
8	5	154	39326	39335
8	5	155	39338	39342
8	5	156	39341	39349
8	5	157	39348	39384
8	8	158	39383	39385
8	8	159	39385	39388
8	8	160	39388	39423
8	8	161	39423	39443
8	8	162	39443	39454
8	8	163	39454	39479
8	8	164	39479	39481
8	8	165	39480	39496
8	45	166	39496	39497
8	45	167	39497	39519
8	45	168	39519	39540
8	45	169	39539	39598
8	45	170	39597	39626
8	45	171	39625	39637
8	5	172	39636	39657
8	5	173	39656	39665
8	5	174	39664	39672
8	5	175	39671	39690
8	5	176	39689	39698
8	5	177	39697	39705
8	5	178	39704	39708
8	5	179	39707	39709
8	5	180	39717	39723
8	20	181	39722	39729
8	20	182	39728	39747
8	20	183	39746	39760
8	20	184	39759	39788
8	20	185	39787	39814
8	20	186	39813	39832
8	20	187	39831	39845
8	20	188	39844	39852
8	20	189	39851	39855
8	20	190	39854	39856
8	20	191	39855	39856
8	53	192	39855	39856
8	53	193	39855	39856
8	53	194	39856	39864
8	53	195	39863	39876
8	53	196	39875	39911
8	53	197	39910	39912
8	53	198	39917	39918
8	53	199	39917	39939
8	53	200	39938	39968
8	39	201	39967	40001
8	39	202	40001	40016
8	39	203	40015	40041
8	39	204	40040	40049
8	39	205	40048	40062
8	39	206	40061	40074
8	39	207	40073	40085
8	15	208	40084	40087
8	15	209	40086	40109
8	15	210	40109	40128
8	15	211	40127	40146
8	15	212	40145	40154
8	15	213	40153	40180
8	3	214	40179	40226
8	3	215	40225	40233
8	3	216	40232	40256
8	3	217	40255	40266
8	3	218	40265	40305
8	3	219	40304	40315
8	3	220	40314	40315
8	3	221	40314	40323
8	27	222	40322	40339
8	27	223	40339	40372
8	27	224	40371	40412
8	27	225	40411	40413
8	27	226	40412	40462
8	58	227	40461	40504
8	58	228	40504	40550
8	58	229	40552	40555
8	58	230	40554	40583
8	58	231	40582	40603
8	58	232	40602	40646
8	13	236	40751	40805
8	13	237	40804	40839
8	13	238	40838	40866
8	13	239	40866	40896
8	13	240	40895	40897
8	19	241	40896	40901
8	19	242	40900	40931
8	19	243	40930	40982
8	19	244	40981	41020
8	19	245	41020	41021
8	19	246	41021	41022
8	45	247	41021	41061
8	45	248	41060	41096
8	45	249	41095	41126
8	45	250	41126	41131
8	45	251	41130	41152
8	59	252	41151	41207
8	59	253	41206	41212
8	59	254	41211	41230
8	59	255	41229	41232
8	59	256	41236	41264
8	59	257	41263	41267
8	58	258	41266	41313
8	58	259	41312	41326
8	58	260	41325	41375
8	58	261	41374	41437
8	29	262	41436	41466
8	29	263	41465	41480
8	29	264	41479	41576
8	29	265	41575	41583
8	29	266	41582	41583
8	29	267	41582	41585
8	8	268	41584	41593
8	8	269	41592	41593
8	8	270	41593	41699
8	8	271	41698	41725
8	8	272	41743	41749
8	5	273	41749	41759
8	5	274	41758	41808
8	5	275	41807	41809
8	5	276	41808	41809
8	5	277	41808	41809
8	5	278	41808	41839
8	5	279	41838	41846
8	5	280	41845	41880
8	2	281	41879	41910
8	2	282	41909	41940
8	2	283	41939	41941
8	2	284	41940	41991
8	40	290	42130	42132
8	40	291	42131	42175
8	40	292	42174	42214
9	14	1	42213	42214
9	14	2	42214	42232
9	14	3	42231	42266
9	14	4	42265	42267
9	14	5	42266	42267
9	14	6	42266	42267
9	14	7	42267	42288
9	14	8	42287	42288
9	14	9	42287	42317
9	14	10	42322	42325
9	60	11	42324	42332
9	60	12	42331	42342
9	60	13	42342	42401
9	60	14	42400	42402
9	60	15	42401	42426
9	60	16	42425	42429
9	60	17	42428	42459
9	60	18	42458	42486
9	60	19	42486	42511
9	60	20	42511	42527
9	60	21	42537	42540
9	60	22	42539	42612
9	60	23	42611	42697
9	60	24	42696	42771
9	60	25	42771	42800
9	60	26	42799	42800
9	60	27	42799	42823
9	50	28	42822	42861
9	50	29	42860	42884
9	50	30	42883	42912
9	50	31	42911	42940
9	52	32	42939	42946
9	52	33	42945	42966
9	52	34	42965	43004
9	52	35	43003	43034
9	52	36	43033	43059
9	60	37	43058	43184
9	60	38	43183	43184
9	60	39	43183	43214
9	37	40	43213	43214
9	37	41	43214	43271
9	37	42	43270	43306
9	37	43	43310	43315
9	37	44	43314	43379
9	37	45	43379	43382
9	26	46	43381	43382
9	26	47	43383	43395
9	26	48	43394	43436
9	26	49	43435	43462
9	26	50	43461	43491
9	11	51	43490	43492
9	11	52	43491	43521
9	11	53	43520	43638
9	52	54	43637	43638
9	52	55	43638	43664
9	52	56	43663	43699
9	52	57	43698	43741
9	52	58	43740	43754
9	52	59	43770	43771
9	49	60	43770	43772
9	49	61	43772	43838
9	49	62	43837	43839
9	49	63	43838	43859
9	49	64	43858	43888
9	10	65	43887	43888
9	10	66	43888	43936
9	10	67	43935	43977
9	52	68	43976	44029
9	52	69	44028	44074
9	52	70	44073	44117
9	52	71	44116	44128
9	52	72	44127	44128
9	19	73	44127	44128
9	19	74	44128	44152
9	19	75	44151	44184
9	19	76	44183	44200
9	19	77	44199	44235
9	14	78	44234	44235
9	14	79	44235	44264
9	14	80	44263	44334
9	14	81	44333	44337
9	14	82	44336	44362
9	11	83	44362	44373
9	11	84	44372	44397
9	11	85	44396	44447
9	11	86	44446	44464
9	11	87	44463	44469
9	11	88	44476	44477
9	49	89	44476	44520
9	49	90	44519	44559
9	49	91	44558	44573
9	49	92	44572	44579
9	49	93	44578	44580
9	49	94	44579	44602
9	49	95	44601	44607
9	52	96	44606	44638
9	52	97	44637	44670
9	52	98	44669	44709
9	52	99	44708	44709
9	52	100	44708	44709
9	52	101	44708	44757
9	11	102	44756	44757
9	11	103	44757	44787
9	11	104	44786	44856
9	11	105	44855	44873
9	11	106	44872	44906
9	11	107	44905	44912
9	11	108	44911	44916
9	55	109	44916	44940
9	55	110	44939	44978
9	55	111	44977	45008
9	55	112	45007	45024
9	61	113	45023	45024
9	61	114	45024	45051
9	61	115	45050	45062
9	61	116	45061	45079
9	61	117	45078	45099
9	61	118	45098	45113
9	61	119	45112	45128
9	61	120	45141	45143
9	2	121	45142	45145
9	2	122	45144	45157
9	2	123	45156	45170
9	14	124	45169	45170
9	14	125	45170	45176
9	14	126	45175	45198
9	14	127	45197	45248
9	12	128	45247	45249
9	12	129	45248	45259
9	12	130	45258	45271
9	12	131	45271	45284
9	12	132	45283	45295
9	12	133	45294	45301
9	12	134	45300	45303
9	12	135	45309	45315
9	12	136	45314	45320
9	12	137	45319	45351
9	61	138	45350	45367
9	61	139	45366	45375
9	61	140	45374	45393
9	61	141	45392	45401
9	61	142	45400	45442
9	61	143	45441	45453
9	61	144	45453	45471
9	61	145	45470	45479
9	53	146	45478	45480
9	53	147	45480	45481
9	53	148	45481	45518
9	53	149	45525	45526
9	53	150	45525	45547
9	53	151	45546	45625
9	46	152	45624	45646
9	46	153	45645	45716
9	46	154	45715	45728
9	46	155	45727	45749
9	0	156	45748	45755
9	0	157	45754	45770
9	18	158	45769	45770
9	18	159	45770	45820
9	18	160	45819	45868
9	18	161	45867	45880
9	18	162	45879	45880
9	18	163	45881	45897
9	18	164	45896	45931
9	18	165	45930	45939
9	62	166	45938	45992
9	62	167	45992	46013
9	62	168	46012	46027
9	62	169	46026	46040
9	62	170	46039	46044
9	62	171	46043	46045
9	62	172	46045	46048
9	62	173	46047	46052
9	45	174	46051	46053
9	45	175	46053	46084
9	45	176	46083	46163
9	45	177	46162	46176
9	30	178	46175	46218
9	30	179	46218	46245
9	30	180	46244	46292
9	30	181	46291	46294
9	30	182	46293	46294
9	30	183	46299	46301
9	29	184	46300	46301
9	29	185	46301	46324
9	29	186	46323	46370
9	29	187	46369	46380
9	29	188	46379	46401
9	29	189	46401	46423
9	29	190	46422	46428
9	48	191	46427	46462
9	48	192	46461	46480
9	48	193	46485	46488
9	48	194	46487	46504
9	48	195	46503	46521
9	48	196	46520	46550
9	14	197	46549	46557
9	14	198	46556	46586
9	14	199	46585	46657
9	14	200	46656	46672
9	14	201	46671	46672
9	14	202	46671	46673
9	14	203	46673	46702
9	14	204	46701	46711
9	14	205	46710	46760
9	14	206	46764	46817
9	14	207	46816	46819
9	14	208	46818	46832
9	55	209	46831	46881
9	55	210	46880	46927
9	55	211	46926	46953
9	55	212	46952	46981
9	55	213	46980	47007
9	55	214	47006	47027
9	55	215	47026	47053
9	55	216	47052	47057
9	55	217	47063	47106
9	2	218	47105	47145
9	2	219	47144	47146
9	2	220	47145	47189
9	2	221	47188	47253
9	55	222	47252	47253
9	55	223	47253	47292
9	55	224	47292	47334
9	55	225	47333	47334
9	55	226	47333	47337
9	55	227	47340	47370
9	63	228	47369	47371
9	63	229	47371	47377
9	63	230	47376	47378
9	63	231	47377	47421
9	63	232	47420	47465
9	63	233	47464	47488
9	63	234	47487	47510
9	24	235	47509	47526
9	24	236	47525	47578
9	24	237	47577	47581
9	24	238	47593	47604
9	24	239	47603	47637
9	8	240	47636	47678
9	8	241	47678	47683
9	8	242	47682	47704
9	8	243	47704	47705
9	8	244	47704	47738
9	11	245	47738	47783
9	11	246	47782	47783
9	11	247	47782	47822
9	11	248	47821	47882
9	2	256	47985	48009
9	2	257	48008	48021
9	2	258	48020	48021
9	2	259	48020	48022
9	2	260	48021	48068
9	2	261	48067	48099
9	14	262	48098	48099
9	14	263	48099	48105
9	14	264	48104	48162
9	14	265	48162	48163
9	14	266	48162	48187
9	14	267	48186	48211
9	14	268	48239	48248
9	14	269	48247	48248
9	8	270	48247	48330
9	8	271	48329	48378
9	11	272	48377	48379
9	11	273	48378	48414
9	11	274	48413	48463
9	11	275	48462	48469
9	11	276	48468	48488
