0	0	1	-1	270
0	0	2	361	1183
0	0	3	1209	1210
0	0	4	1330	2535
0	0	5	2621	2622
0	0	6	2718	2787
0	0	7	2866	3103
0	1	8	3319	4393
0	1	9	4515	5272
0	1	10	5392	6573
0	1	11	6693	9042
0	1	12	9163	9164
0	1	13	9285	11368
0	0	14	11464	13309
0	0	15	13334	15470
0	0	16	15496	17225
0	0	17	17250	17425
0	0	18	17521	17556
0	0	19	17677	19545
0	2	20	19641	19642
0	2	21	19641	20863
0	2	22	20959	21657
0	2	23	21753	21755
0	2	24	21851	22955
0	2	25	23076	23626
0	2	26	23721	25793
0	3	27	25889	26496
0	3	28	26592	28083
0	3	29	28178	28703
0	3	30	28798	31034
0	4	31	31130	31132
0	4	32	31131	34815
0	4	33	35115	38652
0	4	34	38774	42074
0	4	35	42194	42195
0	4	36	42316	44715
0	5	37	44812	45640
0	5	38	45735	46957
0	5	39	47130	47137
0	5	40	47226	47403
0	5	41	47542	48187
0	5	42	48283	50869
0	6	43	50966	50969
0	6	44	50969	51215
0	6	45	51240	51242
0	6	46	51364	51461
0	6	47	51489	51855
0	7	48	52098	52546
0	7	49	52643	52644
0	7	50	52740	52742
0	7	51	52792	52794
0	7	52	53037	53214
0	7	53	53310	53312
0	8	54	53407	53410
0	8	55	53409	54506
0	8	56	54651	55569
0	8	57	55594	57352
0	8	58	57647	57934
0	8	59	58013	58136
0	9	60	58233	58235
0	9	61	58234	61941
0	9	62	62088	62090
0	9	63	62210	73675
0	10	70	76923	89358
0	10	71	89383	89559
0	10	72	89681	95004
0	11	73	95099	95100
0	11	74	95100	97893
0	11	75	97988	110349
0	12	76	110644	110811
0	12	77	111023	111201
0	12	78	111332	111333
0	3	79	111429	112931
0	3	80	113027	114173
0	3	81	114172	115399
0	3	82	115495	117418
0	3	83	117515	119693
0	13	84	119789	119791
0	13	85	119790	121883
0	13	86	121978	124989
0	13	87	125112	127376
0	13	88	127496	129714
0	14	89	129713	129714
0	14	90	129714	132575
0	14	91	132574	133105
0	14	92	133226	133575
0	14	93	133697	135859
0	12	94	135981	135984
0	12	95	136105	137281
0	12	96	137403	138102
0	12	97	138224	138347
0	12	98	138469	138769
0	12	99	138911	139394
0	12	100	139490	139491
0	15	101	139588	140570
0	15	102	140665	142450
0	15	103	142545	143271
0	15	104	143393	143394
0	15	105	143515	143864
0	15	106	143959	147853
0	15	107	147973	148279
0	5	108	148366	148378
0	5	109	148490	149537
0	5	110	149779	150676
0	5	111	150797	152197
0	5	112	152317	153540
0	5	113	153661	155612
0	5	114	155732	157828
0	13	115	157924	161435
0	13	116	161531	163102
0	13	117	163198	167382
0	13	118	167477	170030
0	13	119	170029	170482
0	13	120	170605	170606
0	16	121	170729	170923
0	16	122	171015	171017
0	16	123	171139	171140
0	16	124	171236	172104
0	16	125	172200	172202
0	16	126	172202	172203
0	16	127	172298	172299
0	16	128	172323	172325
0	17	129	172421	172424
0	17	130	172448	173475
0	17	131	173597	173720
0	17	132	173816	174515
0	17	133	174637	174638
0	17	134	174760	175075
0	17	135	175196	176501
0	18	136	176622	177774
0	18	137	177801	177802
0	18	138	177802	177974
0	18	139	178211	178394
0	18	140	178514	178516
0	18	141	178612	179391
0	18	142	179635	179636
0	3	143	179732	180443
0	3	144	180661	180787
0	3	145	180786	180849
0	3	146	180944	182139
0	19	147	182234	182996
0	19	148	183093	183095
0	19	149	183094	183445
0	19	150	183444	183446
0	19	151	183446	183448
0	19	152	183570	183571
0	19	153	183571	183574
0	20	154	183574	183575
0	20	155	183574	186879
0	20	156	186878	187054
0	20	157	187324	188663
0	20	158	188822	189239
0	20	159	189384	191191
0	20	160	191312	191313
0	20	161	191433	191609
0	18	162	191756	191882
0	18	163	192102	192227
0	18	164	192375	192377
0	18	165	192473	192536
0	18	166	192633	192931
0	18	167	193227	193350
0	18	168	193472	193473
0	21	169	193569	193570
0	21	170	193597	193598
0	21	171	193771	193878
0	21	172	194000	194271
0	21	173	194393	194394
0	21	174	194489	194927
0	21	175	195049	196103
0	15	176	196225	196227
0	15	177	196348	196349
0	15	178	196445	196548
0	15	179	196548	196724
0	15	180	196845	196846
0	15	181	196942	196943
0	15	182	197038	197039
0	15	183	197039	197390
0	13	184	197609	198413
0	13	185	198503	198626
0	13	186	198886	198984
0	13	187	198984	199307
0	13	188	199306	199307
0	13	189	199428	199900
0	19	190	200017	200369
0	19	191	200465	201165
0	19	192	201164	201290
0	19	193	201290	201292
0	19	194	201292	201293
0	19	195	201292	202696
0	13	196	202695	203047
0	13	197	203142	203493
0	13	198	203589	204232
0	13	199	204353	207487
0	19	200	207602	207923
0	19	201	207923	208447
0	19	202	208446	208448
0	19	203	208447	209745
0	22	204	209745	209841
0	22	205	209937	210114
0	22	206	210113	210115
0	22	207	210115	210291
0	22	208	210412	210777
0	22	209	210776	211773
0	22	210	211772	211775
0	23	211	211774	212999
0	23	212	213119	213295
0	23	213	213604	213779
0	23	214	213900	214251
0	23	215	214371	214372
0	23	216	214494	214791
0	23	217	214914	215265
0	0	218	215361	215376
0	0	219	215484	216973
0	0	220	217093	217444
0	0	221	217565	220933
0	22	222	221054	221232
0	22	223	221475	221826
0	22	224	221825	222176
0	22	225	222271	222744
0	22	226	222865	223040
0	22	227	223162	223381
0	22	228	223407	223530
0	24	229	223627	223770
0	24	230	224013	224015
0	24	231	224136	224139
0	24	232	224260	224262
0	24	233	224384	224509
0	4	234	224631	225280
0	4	235	225355	225447
0	4	236	225542	225599
0	4	237	225709	225710
0	4	238	225831	225833
0	4	239	225954	226618
0	4	240	226617	226618
0	4	241	226787	226788
0	25	242	226884	227061
0	25	243	227182	227307
0	22	244	227646	227997
0	22	245	228119	228120
0	22	246	228241	228268
0	22	247	228388	228390
0	22	248	228486	228514
0	22	249	228636	228637
0	22	250	228759	229449
0	26	251	229545	229548
0	26	252	229547	229642
0	26	253	229738	229910
0	26	254	230006	230182
0	26	255	230278	230536
0	26	256	230632	230806
0	26	257	230805	231428
0	27	266	235358	236128
0	27	267	236224	237824
0	27	268	237920	237947
0	27	269	238042	238043
0	27	270	238086	238600
0	27	271	238624	238625
0	27	272	238746	240244
0	27	273	240365	241836
0	3	274	241932	243560
0	3	275	243680	243857
0	3	276	244157	244681
0	3	277	244680	244805
0	3	278	244925	246214
0	3	279	246213	246414
0	28	280	246510	246511
0	28	281	246511	246964
0	28	282	247059	247585
0	28	283	247681	248314
0	28	284	248410	249205
0	28	285	249326	249328
0	28	286	249448	249449
0	29	287	249570	250388
0	29	288	250666	251366
0	29	289	251584	252284
0	29	290	252406	253234
0	29	291	253355	253615
0	29	292	253839	254311
0	29	293	254620	254971
0	30	294	255112	255411
0	30	295	255410	255669
0	30	296	255668	255845
0	30	297	255967	256142
0	30	298	256142	256143
1	31	4	257388	257553
1	31	5	257673	257737
1	31	6	257770	258234
1	31	7	258382	258631
1	31	8	258726	258928
1	31	9	258927	259051
1	27	10	259147	259173
1	27	11	259269	259296
1	27	12	259392	259420
1	27	13	259541	259640
1	27	14	259735	259737
1	30	15	259833	259834
1	30	16	259860	260327
1	30	17	260423	261554
1	30	18	261649	261651
1	30	19	261772	262472
1	30	20	262567	263640
1	29	31	281277	284833
1	29	32	284929	285587
1	29	33	285895	286072
1	29	34	286194	286546
1	29	35	286641	287463
1	29	36	287584	288111
1	3	37	288207	288208
1	3	38	288207	288595
1	3	39	288691	288892
1	3	40	289013	289479
1	3	41	289576	289577
1	3	42	289751	291446
1	32	43	291542	291543
1	32	44	291639	291641
1	32	45	291737	291739
1	32	46	291835	291838
1	32	47	291961	292112
1	32	48	292207	292209
1	32	49	292306	292405
1	29	53	297589	298637
1	10	59	303203	306633
1	10	60	306737	314889
1	33	73	333815	335651
1	33	74	335789	336557
1	33	75	336678	337377
1	33	76	337473	337475
1	33	77	337474	341608
1	33	78	341728	349751
1	17	79	349750	351068
2	2	1	351190	351216
2	2	2	351311	351338
2	2	3	351434	351544
2	2	4	351640	351766
2	2	5	351862	352728
2	2	6	352824	353321
2	2	7	353416	353619
2	2	8	353715	353804
2	2	9	353925	354274
2	2	10	354395	355094
2	2	11	355191	356649
2	2	12	356745	357646
2	34	13	357794	357997
2	34	14	358117	358118
2	34	15	358214	358337
2	34	16	358551	358552
2	34	17	358673	358674
2	34	18	358769	358796
2	34	19	358917	358979
2	34	20	359074	359222
2	34	21	359318	359345
2	34	22	359440	359589
2	34	23	359685	359686
2	34	24	359843	360045
2	34	25	360140	360168
2	34	26	360263	360352
2	34	27	360449	360475
2	34	28	360571	360599
2	34	29	360720	360721
2	34	30	360817	360844
2	35	31	360940	363382
2	35	32	363503	368602
2	35	33	368723	368724
2	35	34	368845	368846
2	35	35	369005	370750
2	36	36	370845	371093
2	36	37	371216	371740
2	36	38	371860	373207
2	36	39	373327	373328
2	36	40	373451	373975
2	36	41	374097	375486
2	8	42	375485	375486
2	8	43	375486	376790
2	8	44	376936	378256
2	8	45	378404	382315
2	5	46	382508	382510
2	5	47	382631	383854
2	5	48	383950	384399
2	5	49	384520	385569
2	5	50	385692	385938
2	10	51	386035	386308
2	10	52	386334	386336
2	10	53	386335	386781
2	10	54	386781	387306
2	5	55	387305	387831
2	5	56	387951	388475
2	5	57	388597	391456
2	5	58	391627	396682
2	5	59	396830	396858
2	2	60	396954	397576
2	2	61	397672	397674
2	2	62	397795	397797
2	14	63	397892	397893
2	30	64	397893	397895
2	30	65	397895	398012
2	30	66	398107	398198
2	30	67	398294	398418
2	30	68	398443	399189
2	2	69	399408	399802
2	2	70	399801	399828
2	2	71	399950	402919
2	2	72	403041	412288
2	2	73	412410	414488
2	2	74	414585	415038
2	2	75	415134	415833
2	2	76	415928	416455
2	2	77	416577	416752
2	2	78	416873	417572
2	2	79	417693	418961
2	2	80	419057	419083
2	2	81	419179	419181
2	19	82	419277	421895
2	19	83	421894	423275
2	19	84	423397	424607
2	19	85	424606	425830
2	19	86	425830	428453
2	37	87	428575	428751
2	37	88	428871	429064
2	37	89	429187	429809
2	37	90	429929	430280
2	37	91	430401	430821
2	37	92	430943	431358
2	31	93	431357	434603
2	31	94	434725	435598
2	5	95	435719	438860
2	5	96	438980	443802
2	5	97	443878	443917
2	5	98	444027	444029
2	28	99	444124	444302
2	28	100	444398	444923
2	28	101	445019	445370
2	27	102	445466	445618
2	27	103	445617	446459
2	27	104	446555	449519
2	27	105	449616	450612
2	27	106	450732	453049
2	19	107	453146	456074
2	19	108	456169	457043
2	19	109	457042	461221
2	19	110	461220	461222
2	19	111	461222	462271
2	8	112	462271	464089
2	8	113	464088	465061
2	8	114	465085	468532
2	8	115	468653	471447
2	8	116	471569	472618
2	8	117	472713	473790
2	8	118	473912	474088
2	8	119	474210	474388
2	8	120	474510	474816
2	8	121	474940	474942
2	8	122	474941	475117
2	8	123	475116	476374
2	38	124	476470	477147
2	38	125	477243	477246
2	38	126	477343	477544
2	38	127	477664	479159
2	38	128	479176	479359
2	39	129	479455	479718
2	39	130	479814	480035
2	39	131	480132	480673
2	39	132	480793	480872
2	39	133	480969	480970
2	40	134	481265	481390
2	40	135	481390	481392
2	40	136	481514	481575
2	40	137	481671	481673
2	40	138	481769	482118
2	40	139	482215	482217
2	40	140	482313	482314
2	40	141	482409	482760
2	40	142	482857	482858
2	41	143	482955	483054
2	41	144	483053	483081
2	41	145	483203	483328
2	41	146	483450	483452
2	41	147	483573	483575
2	41	148	483695	483697
2	41	149	483819	483917
2	41	150	484038	484040
2	41	151	484268	485147
2	17	152	485243	485419
2	17	153	485592	485593
2	39	154	485715	486055
2	39	155	486176	486177
2	39	156	486301	486546
2	39	157	486641	486642
2	39	158	486642	486739
2	39	159	486763	487212
2	39	160	487332	488001
2	5	165	489890	489891
2	5	166	489891	490528
2	5	167	490623	490626
2	5	168	490722	490724
2	5	169	490821	490822
2	5	170	490917	490919
2	5	171	491015	491017
2	5	172	491112	491289
2	42	181	492823	493349
2	42	182	493471	494014
2	42	183	494169	494345
2	42	184	494466	495461
2	42	185	495636	498834
2	22	186	498930	499633
2	22	187	499756	500281
2	22	188	500403	500678
2	22	189	500800	502485
2	22	190	502510	504953
2	43	204	509032	509464
2	43	205	509585	509684
2	43	206	509806	509988
2	43	207	510109	510110
3	38	1	510109	519507
3	38	2	519507	520251
3	38	3	520399	521735
3	38	4	521883	522957
3	38	5	523105	523930
3	38	6	524103	525088
3	38	7	525384	528065
3	26	8	528213	530567
3	26	9	530715	532243
3	26	10	532417	535172
3	26	11	535197	538035
3	26	12	538034	540076
3	36	13	540224	541018
3	36	14	541192	543462
3	36	15	543558	546595
3	36	16	546595	549319
3	36	17	549319	551693
3	36	18	551789	553102
3	37	19	553251	554468
3	37	20	554641	556648
3	37	21	556672	558701
3	37	22	558850	559871
3	37	23	560044	566140
3	37	24	566235	570274
3	37	25	570447	572292
3	37	26	572413	581981
3	36	27	582129	583071
3	36	28	583245	585840
3	36	29	585866	589105
3	36	30	589225	593285
3	36	31	593459	593609
3	36	32	593610	598173
3	10	33	598269	598270
3	10	34	598296	599568
3	10	35	599664	599665
3	10	36	599839	601536
3	10	37	601631	601658
3	39	38	601754	603155
3	39	39	603251	604596
3	39	40	604769	604944
3	39	41	605118	607668
3	39	42	607789	608312
3	44	43	608407	612793
3	44	44	612967	613143
3	36	45	613291	613468
3	36	46	613642	614690
3	36	47	614812	616947
3	36	48	616946	619861
3	45	49	620009	623854
3	45	50	623974	625613
3	38	51	625708	632294
3	38	52	632467	639495
3	38	53	639643	639951
3	38	54	640074	651751
3	29	55	651848	662429
3	29	56	662603	662824
3	29	57	662998	667838
3	38	58	667987	684784
3	38	59	684958	693990
3	38	60	694110	694111
3	38	61	694232	695105
3	30	62	695253	698221
3	30	63	698395	701981
3	30	64	702076	706014
3	30	65	706187	707200
3	30	66	707349	707350
3	45	67	707349	707350
3	45	68	707350	707351
3	45	69	707447	709021
3	45	70	709142	711280
3	45	71	711402	714665
3	45	72	714787	714964
3	45	73	715085	715434
3	11	74	715530	715531
3	11	75	715530	716403
3	11	76	716697	718642
3	11	77	718815	720364
3	11	78	720538	723561
3	11	79	723734	723735
3	11	80	723856	725049
3	11	81	725170	725171
3	11	82	725292	725415
3	26	83	725512	728448
3	26	84	728597	730243
3	26	85	730338	731654
3	26	86	731751	734292
3	26	87	734441	737675
3	26	88	737700	738049
3	29	89	738145	739609
3	29	90	739783	740242
3	29	91	740363	744266
3	29	92	744414	746339
3	29	93	746461	748808
3	37	94	748982	751949
3	37	95	752123	753766
3	37	96	753941	755609
3	37	97	755783	757695
3	37	98	757816	760880
3	30	99	761028	764173
3	30	100	764269	767183
3	30	101	767278	770049
3	30	102	770222	774428
3	44	103	774523	776526
3	44	104	776550	780698
3	44	105	780871	784635
3	44	106	784755	785428
3	37	107	785428	788343
3	37	108	788465	789475
3	37	109	789596	789654
3	37	110	789828	791972
3	37	111	792308	794502
3	44	112	794650	798350
3	44	113	798523	802120
3	44	114	802145	804134
3	2	115	804373	806994
3	2	116	807169	808054
3	2	117	808228	808933
3	2	118	809063	809240
3	2	119	809361	809537
3	2	120	809712	809931
3	2	121	810106	810611
3	2	122	810784	811136
3	2	123	811232	811355
3	2	124	811380	812479
3	41	125	812627	813969
3	41	126	814143	815061
3	20	127	815089	815090
3	20	128	815090	816286
3	20	129	816310	816311
3	20	130	816413	816933
3	20	131	817158	818017
3	20	132	818164	818483
3	20	133	818660	823765
3	44	134	823914	824554
3	44	135	824702	824966
3	44	136	825115	826137
3	44	137	826285	826416
3	44	138	826537	826539
3	44	139	826659	826661
3	19	140	826757	827987
3	19	141	827987	828675
3	19	142	828824	829150
3	19	143	829175	830063
3	19	144	830184	830359
3	19	145	830508	831503
3	19	146	831625	832342
3	29	147	832665	833017
3	29	148	833259	833435
3	29	149	833608	833843
3	29	150	833966	834260
3	29	151	834382	834452
3	29	152	834573	834901
3	29	153	835022	835332
3	35	154	835428	837160
3	35	155	837281	838033
3	35	156	838058	838060
3	35	157	838235	841348
3	41	158	841443	841445
3	41	159	841445	842587
3	41	160	842587	842588
3	41	161	842762	842832
3	41	162	843128	843948
3	41	163	844121	844441
3	41	164	844615	844791
3	41	165	844965	845489
3	41	166	845662	845812
3	41	167	845837	847063
3	38	168	847211	847212
3	38	169	847212	847910
3	38	170	848059	849479
3	38	171	849627	850364
3	38	172	850487	851776
3	38	173	851950	852854
3	35	174	853028	853381
3	35	175	853502	854390
3	35	176	854511	856103
3	35	177	856398	858434
3	35	178	858608	859394
3	45	179	859542	860048
3	45	180	860047	861933
3	45	181	862054	862169
3	45	182	862291	862292
3	45	183	862414	863050
3	21	184	863173	864001
3	21	185	864149	865477
3	21	186	865652	867878
3	21	187	868001	870127
3	21	188	870223	870316
3	35	189	870464	875222
3	35	190	875345	876369
3	35	191	876394	876570
3	35	192	876692	879911
3	16	193	880060	880575
3	16	194	880723	881386
3	16	195	881482	882165
3	16	196	882165	882409
3	35	197	882447	883149
3	35	198	883270	883969
3	35	199	884090	884965
3	35	200	885087	885089
3	35	201	885210	886782
3	35	202	886903	887774
3	19	203	887923	888674
3	19	204	888797	888799
3	19	205	888922	889273
3	19	206	889448	890034
3	19	207	890208	892619
3	19	208	892768	894437
3	30	209	894436	895045
3	30	210	895167	895723
3	30	211	895897	895898
3	30	212	895898	895973
3	30	213	896148	896499
3	30	214	896647	900389
3	36	215	900562	901756
3	36	216	901781	902307
3	36	217	902481	902868
3	36	218	902964	905071
3	36	219	905193	908748
3	40	220	908896	909621
3	40	221	909717	910988
3	40	222	910988	913137
3	40	223	913285	914334
3	17	224	914553	916673
3	17	225	916846	917085
3	17	226	917260	918484
3	17	227	918657	919818
3	17	228	919993	920998
3	17	229	921172	923267
3	32	230	923415	925400
3	32	231	925399	925523
3	32	232	925522	926128
3	32	233	926224	926225
3	32	234	926249	926425
3	32	235	926545	926547
3	32	236	926643	926690
3	32	237	926838	927137
3	23	238	927233	929388
3	23	239	929561	929809
3	23	240	929983	933553
3	37	245	936032	937778
3	37	246	937901	939397
3	37	247	939518	941593
3	37	248	941767	942417
3	37	249	942591	943103
3	37	250	943249	943943
3	35	251	944213	947869
3	35	252	947894	948684
3	35	253	948858	950575
3	19	254	950724	952472
3	19	255	952471	953173
3	19	256	953321	954575
3	19	257	954724	957115
3	17	258	957114	958073
3	17	259	958247	959549
3	17	260	959723	962696
3	17	261	962870	963742
3	17	262	963917	964365
3	17	263	964461	965712
3	17	264	965833	966596
3	41	265	966691	967217
3	41	266	967216	967217
3	41	267	967340	967438
3	41	268	967437	967439
3	41	269	967439	967440
3	41	270	967536	967538
4	0	1	967634	970022
4	0	2	970047	972162
4	0	3	972188	975707
4	0	4	975803	976003
4	0	5	976124	979723
4	7	6	979819	979908
4	7	7	980029	980205
4	7	8	980301	980999
4	7	9	981094	982352
4	7	10	982448	982974
4	7	11	983069	985513
4	7	12	985609	986135
4	7	13	986308	986911
4	46	14	987059	987261
4	46	15	987260	987811
4	46	16	987932	988566
4	46	17	988661	989248
4	46	18	989344	990045
4	46	19	990044	990569
4	10	20	990691	990692
4	10	21	990691	990866
4	10	22	990963	990964
4	15	48	1003659	1003686
4	15	49	1003806	1004882
4	15	50	1005004	1005528
4	15	51	1005648	1005649
4	15	52	1005744	1006618
4	3	53	1006713	1007536
4	3	54	1007657	1007659
4	3	55	1007658	1008015
4	3	56	1008135	1008485
4	3	57	1008581	1009153
4	3	58	1009274	1009571
4	10	59	1009668	1009670
4	10	60	1009669	1010018
4	10	61	1010140	1010837
4	10	62	1010986	1011162
4	10	63	1011257	1011983
4	10	64	1011982	1011983
4	20	65	1012132	1014552
4	20	66	1014700	1015052
4	20	67	1015149	1015910
4	20	68	1016006	1018729
4	21	69	1018878	1019124
4	21	70	1019220	1019770
4	21	71	1019891	1020373
4	21	72	1020494	1020673
4	21	73	1020793	1021142
4	27	74	1021264	1021266
4	27	75	1021387	1021860
4	27	76	1021956	1022254
4	27	77	1022376	1023024
4	27	78	1023146	1024426
4	27	79	1024521	1025217
4	27	80	1025337	1026643
4	27	81	1026739	1028032
4	13	82	1028128	1028131
4	13	83	1028253	1028954
4	13	84	1029050	1029051
4	13	85	1029147	1029420
4	13	86	1029541	1031635
4	46	87	1031756	1033275
4	46	88	1033371	1034543
4	46	89	1034640	1036230
4	27	90	1036326	1036329
4	27	91	1036424	1037150
4	27	92	1037271	1038690
4	27	93	1038690	1040209
4	44	94	1040306	1040714
4	44	95	1040738	1040914
4	44	96	1041011	1041710
4	44	97	1041831	1041833
4	44	98	1041955	1042927
4	44	99	1043048	1043049
4	47	100	1043102	1043627
4	47	101	1043724	1044598
4	47	102	1044719	1045069
4	47	103	1045165	1045366
4	47	104	1045487	1046248
4	27	105	1046343	1047341
4	27	106	1047437	1047962
4	27	107	1048059	1048418
4	27	108	1048540	1049190
4	27	109	1049311	1049313
4	33	116	1049999	1050549
4	3	119	1053106	1053451
4	3	120	1053475	1053990
4	3	121	1054111	1054759
4	3	122	1054854	1055552
4	3	123	1055673	1055850
4	3	124	1055970	1056268
4	3	125	1056389	1056459
5	47	1	1056554	1056988
5	47	2	1057161	1057311
5	47	3	1057310	1058230
5	47	4	1058351	1059238
5	47	5	1059386	1059413
5	47	6	1059534	1060059
5	47	7	1060207	1061130
5	47	8	1061250	1061426
5	47	9	1061599	1061600
5	47	10	1061775	1064034
5	3	11	1064129	1067490
5	3	12	1067638	1070772
5	3	13	1070772	1071561
5	3	14	1071709	1073140
5	3	15	1073288	1078152
5	3	16	1078191	1078432
5	3	17	1078581	1080802
5	3	18	1080975	1083451
5	3	19	1083450	1085196
5	3	20	1085292	1086626
5	3	21	1086774	1091046
5	6	22	1091194	1091491
5	6	23	1091516	1091650
5	6	24	1091746	1091747
5	6	25	1091772	1091948
5	6	26	1092044	1092164
5	6	27	1092285	1092681
5	31	28	1092680	1096532
5	31	29	1096705	1099415
5	31	30	1099440	1106915
5	6	31	1107124	1107125
5	6	32	1107149	1107371
5	6	33	1107370	1107372
5	6	34	1107496	1107730
5	6	35	1107756	1108028
5	6	36	1108052	1108486
5	45	37	1108486	1108609
5	45	38	1108730	1109964
5	29	39	1110084	1110085
5	29	40	1110206	1110207
5	29	41	1110329	1111030
5	29	42	1111178	1111179
5	29	43	1111326	1112062
5	29	44	1112061	1112263
5	29	45	1112506	1113202
5	29	46	1113202	1113401
5	29	47	1113522	1114599
5	48	48	1114773	1115962
5	48	49	1116136	1116487
5	48	50	1116661	1117800
5	48	51	1117974	1118216
5	48	52	1118389	1118391
5	48	53	1118565	1120030
5	23	54	1120203	1120379
5	23	55	1120552	1120553
5	23	56	1120676	1121716
5	23	57	1121901	1123140
5	23	58	1123164	1123166
5	23	59	1123462	1123638
5	23	60	1123637	1124053
5	23	61	1124174	1125049
5	23	62	1125222	1125551
5	2	63	1125699	1139429
5	2	64	1139603	1143994
5	2	65	1144167	1149109
5	45	66	1149109	1149110
5	45	67	1149109	1152922
5	45	68	1153019	1160070
5	45	69	1160191	1160192
5	45	70	1160314	1160315
5	46	71	1160411	1167494
5	46	72	1167668	1187411
5	12	73	1187559	1187629
5	12	74	1187628	1187629
5	12	75	1187910	1188287
5	12	76	1188384	1197950
5	12	77	1198123	1198124
5	12	78	1198245	1198484
5	4	79	1198701	1202808
5	4	80	1202807	1205282
5	4	81	1205403	1205701
5	49	82	1205944	1205945
5	49	83	1205945	1207169
5	49	84	1207344	1208042
5	49	85	1208215	1210297
5	49	86	1210472	1210622
5	49	87	1210647	1212796
5	49	88	1212970	1216325
5	38	89	1216350	1216351
5	38	90	1216350	1216351
5	38	91	1216446	1217521
5	38	92	1217695	1217696
5	38	93	1217844	1221962
5	3	94	1222059	1224818
5	3	95	1224967	1230429
5	3	96	1230577	1233756
5	3	97	1233876	1234374
5	10	98	1234373	1234376
5	10	99	1234375	1234789
5	10	100	1234938	1236297
5	10	101	1236392	1236394
5	10	102	1236515	1241349
5	14	103	1241497	1241498
5	14	104	1241498	1244493
5	14	105	1244493	1244494
5	14	106	1244719	1246934
5	14	107	1247108	1251407
5	14	108	1251527	1258513
5	49	109	1258687	1258688
5	49	110	1258861	1259139
5	49	111	1259287	1260777
5	49	112	1260898	1261933
5	49	113	1262241	1263804
5	49	114	1263926	1264757
5	49	115	1265063	1266915
5	49	116	1267037	1268324
5	49	117	1268497	1268498
5	49	118	1268498	1270746
5	49	119	1270770	1271604
5	49	120	1271727	1273182
5	49	121	1273303	1273601
5	49	122	1273722	1275373
5	49	123	1275496	1275593
5	49	124	1275618	1276792
5	5	125	1276913	1277588
5	5	126	1277613	1279470
5	5	127	1279643	1281714
5	5	128	1281713	1282974
5	5	129	1283095	1284196
5	5	130	1284371	1288821
5	39	131	1288918	1293200
5	39	132	1293321	1295112
5	39	133	1295234	1295395
5	39	134	1295491	1298515
5	39	135	1298663	1301415
5	48	141	1303029	1305466
5	48	142	1305761	1307178
5	48	143	1307351	1308269
5	48	144	1308442	1309366
5	48	145	1309487	1309488
5	48	146	1309609	1309849
5	48	147	1309944	1311539
5	48	148	1311712	1312243
5	48	149	1312417	1312745
5	48	150	1312894	1313564
5	48	151	1313714	1315359
5	4	152	1315455	1316124
5	4	153	1316245	1317280
5	4	154	1317428	1317604
5	4	155	1317752	1318550
5	4	156	1318670	1318846
5	4	157	1318867	1319348
5	41	185	1334325	1334851
5	41	186	1335025	1337138
5	41	187	1337163	1337408
5	41	188	1337530	1337956
5	41	189	1337983	1338685
5	41	190	1338859	1339937
5	24	191	1340034	1340909
5	24	192	1341082	1341084
5	24	193	1341180	1341181
5	24	194	1341329	1341418
5	24	195	1341566	1343658
5	24	196	1343683	1343684
5	24	197	1343804	1343805
5	24	198	1343804	1343805
5	24	199	1343978	1344274
5	24	200	1344395	1344396
5	24	201	1344639	1345006
5	22	202	1345127	1345129
5	22	203	1345225	1345350
5	22	204	1345446	1345793
5	22	205	1345915	1345918
5	22	206	1346014	1346505
5	35	214	1347778	1347779
5	35	215	1347899	1347999
5	35	216	1348024	1348025
5	19	217	1348243	1348245
5	19	218	1348244	1348246
5	19	219	1348368	1348370
5	19	220	1348492	1348493
5	19	221	1348614	1348615
5	40	235	1351130	1351131
5	40	236	1351131	1351229
5	40	237	1351230	1351451
5	40	238	1351599	1351993
6	45	1	1353903	1354438
6	45	2	1354587	1354614
6	45	3	1354762	1354964
6	45	4	1355137	1356885
6	45	5	1357006	1357536
6	50	6	1357537	1358923
6	50	7	1359096	1359796
6	50	8	1359893	1361967
6	50	9	1362028	1362728
6	50	10	1362849	1367149
6	45	11	1367297	1369632
6	45	12	1369780	1372143
6	45	13	1372292	1372558
6	45	14	1372732	1374952
6	45	15	1375100	1375651
6	45	16	1375650	1376349
6	45	17	1376470	1376471
6	51	18	1376619	1378400
6	51	19	1378574	1379692
6	51	20	1379865	1379866
6	51	21	1379963	1380791
6	51	22	1380912	1382129
6	51	23	1382303	1382816
6	29	24	1382964	1382968
6	29	25	1382967	1384486
6	29	26	1384659	1391211
6	29	27	1391384	1400037
6	31	28	1400186	1407513
6	31	29	1407634	1407811
6	31	30	1407984	1409032
6	31	31	1409206	1412338
6	31	32	1412512	1414638
6	35	33	1414786	1414789
6	35	34	1414910	1416995
6	35	35	1417117	1418432
6	35	36	1418526	1418701
6	35	37	1418823	1422883
6	35	38	1422979	1425566
6	35	39	1425685	1425691
6	35	40	1425807	1425930
6	35	41	1426053	1430289
6	3	42	1430386	1432584
6	3	43	1432583	1435346
6	3	44	1435443	1435672
6	3	45	1435671	1435848
6	3	46	1436122	1436926
6	29	47	1437023	1438108
6	29	48	1438134	1438375
6	29	49	1438548	1440089
6	29	50	1440237	1440387
6	29	51	1440482	1440824
6	29	52	1440973	1441981
6	29	53	1442155	1442610
6	31	54	1442759	1453298
6	31	55	1453446	1462258
6	31	56	1462381	1462731
6	31	57	1462906	1466222
6	31	58	1466397	1472155
6	49	59	1472304	1478680
6	49	60	1478705	1486865
6	49	61	1486986	1489720
6	49	62	1489893	1490131
6	31	63	1490441	1499036
6	31	64	1499210	1506977
6	31	65	1507150	1515569
6	31	66	1515743	1517767
6	35	67	1517915	1535004
6	35	68	1535179	1547033
6	51	69	1547316	1548049
6	51	70	1548358	1548359
6	51	71	1548623	1548624
6	51	72	1548854	1548941
6	51	73	1549037	1556941
6	51	74	1557063	1563065
6	51	75	1563240	1563241
6	51	76	1563414	1563685
6	51	77	1563685	1564208
6	51	78	1564303	1564304
6	51	79	1564329	1564975
6	51	80	1565148	1565734
6	8	81	1565829	1569119
6	8	82	1569266	1572244
6	8	83	1572364	1575307
6	8	84	1575332	1578779
6	8	85	1578952	1579050
6	8	86	1579145	1579321
6	11	87	1579469	1580978
6	11	88	1581002	1583000
6	11	89	1583175	1585452
6	11	90	1585600	1586499
6	23	91	1586595	1588056
6	23	92	1588229	1590023
6	23	93	1590047	1595875
6	29	94	1596060	1596061
6	29	95	1596061	1596236
6	29	96	1596358	1598155
6	29	97	1598329	1599179
6	29	98	1599352	1600827
6	29	99	1600949	1601295
6	29	100	1601416	1601539
6	38	101	1601687	1609246
6	38	102	1609395	1609570
6	38	103	1609743	1612289
6	38	104	1612437	1614788
6	38	105	1614936	1618012
6	38	106	1618160	1623787
6	38	107	1623961	1626902
6	38	108	1627076	1627078
6	38	109	1627077	1627602
6	38	110	1627776	1628019
6	38	111	1628192	1628193
6	30	112	1628289	1634115
6	30	113	1634288	1638539
6	30	114	1638713	1642172
6	30	115	1642345	1643809
6	3	116	1643905	1643906
6	3	117	1643906	1647437
6	3	118	1647585	1650329
6	3	119	1650477	1652570
6	3	120	1652743	1652744
6	3	121	1652866	1655870
6	3	122	1656018	1660914
6	11	123	1661063	1661065
6	11	124	1661064	1664398
6	11	125	1664520	1664521
6	11	126	1664521	1664698
6	11	127	1664871	1665397
6	11	128	1665572	1665943
6	11	129	1666117	1667725
6	11	130	1668032	1668033
6	11	131	1668154	1668155
6	52	132	1668251	1668252
6	52	133	1668375	1668573
6	52	134	1668696	1669066
6	52	135	1669091	1669410
6	52	136	1669668	1669827
6	52	137	1669826	1669827
6	24	138	1669922	1669925
6	24	139	1670047	1670832
6	24	140	1671006	1671189
6	24	141	1671311	1671641
6	24	142	1671763	1671940
6	24	143	1672063	1672064
6	18	144	1672161	1672162
6	18	145	1672161	1673990
6	18	146	1674138	1674556
6	18	147	1674704	1675229
6	18	148	1675377	1675829
6	18	149	1676003	1677980
6	18	150	1678154	1678219
6	23	151	1678368	1678953
6	23	152	1679129	1679289
6	23	153	1679314	1679534
6	23	154	1679558	1679559
6	23	155	1679680	1680037
6	23	156	1680062	1680064
6	23	157	1680300	1680651
6	23	158	1680772	1681880
6	23	159	1682052	1682053
6	23	160	1682190	1682281
6	11	161	1682287	1683611
6	11	162	1683785	1684486
6	11	163	1684659	1685115
6	11	164	1685264	1685790
6	11	165	1685963	1688868
6	12	166	1688965	1688966
6	12	167	1688966	1688967
6	12	168	1689089	1689090
6	12	169	1689187	1689432
6	12	170	1689554	1689802
6	12	171	1689898	1690300
6	12	172	1690422	1690598
6	12	173	1691009	1691160
6	40	174	1691256	1692229
6	40	175	1692377	1693044
6	40	176	1693193	1693360
6	40	177	1693509	1694034
6	40	178	1694182	1695153
6	40	179	1695200	1696656
6	32	180	1696804	1696981
6	32	181	1697247	1697415
6	32	182	1697563	1697565
6	32	183	1697714	1697715
6	32	184	1697863	1698154
6	32	185	1698302	1698543
6	32	186	1698717	1700265
6	32	187	1700264	1701200
6	53	188	1701291	1701293
6	53	189	1701466	1702327
6	53	190	1702353	1702634
6	53	191	1702807	1703679
6	53	192	1703800	1703923
6	53	193	1704096	1705311
6	42	194	1705633	1706968
6	42	195	1706968	1707957
6	42	196	1708106	1708362
6	42	197	1708536	1709920
6	42	198	1710068	1711436
6	42	199	1711609	1711706
6	42	200	1711730	1711905
6	12	206	1716389	1716566
6	12	207	1716686	1716688
6	12	208	1716810	1716812
6	12	209	1716934	1716935
6	12	210	1717031	1717153
6	12	211	1717274	1717276
6	12	212	1717388	1717738
6	12	213	1717859	1717861
6	12	214	1718003	1718004
6	52	215	1718214	1718354
6	52	216	1718474	1718772
6	52	217	1719080	1719192
6	52	218	1719314	1719708
6	52	219	1719829	1720102
6	12	220	1720102	1720279
6	12	221	1720401	1720576
6	12	222	1720696	1720698
6	12	223	1720820	1720821
6	12	224	1720946	1720947
6	12	225	1721417	1721419
6	12	226	1721667	1721668
6	12	227	1721788	1722383
6	37	228	1722531	1723280
6	37	229	1723445	1723674
6	37	230	1723989	1724237
6	37	231	1724598	1725101
6	37	232	1725222	1726381
6	37	233	1726504	1726679
6	37	234	1726852	1726975
6	37	235	1726974	1727125
6	37	236	1727149	1730516
6	16	237	1730665	1730937
6	16	238	1730983	1731309
6	16	239	1731458	1731708
6	30	240	1731804	1734342
6	30	241	1734490	1735935
6	30	242	1736030	1736231
6	30	243	1736405	1737188
6	30	244	1737361	1737782
6	30	245	1737904	1739289
6	54	246	1739561	1740044
6	54	247	1740141	1740509
6	54	248	1740604	1740781
6	54	249	1740780	1740781
6	29	250	1740903	1742190
6	29	251	1742363	1742540
6	29	252	1742713	1743994
6	29	253	1744164	1745626
6	29	254	1745921	1746621
6	29	255	1746741	1746921
6	3	256	1747069	1748190
6	3	257	1748338	1749280
6	3	258	1749376	1750030
6	3	259	1750203	1750379
6	3	260	1750553	1753107
6	55	261	1753256	1754359
6	55	262	1754508	1755645
6	55	263	1755793	1756669
6	55	264	1756842	1757541
6	55	265	1757715	1758023
6	55	266	1758196	1758896
6	19	272	1766541	1768096
6	19	273	1768270	1770690
6	19	274	1770865	1772253
6	23	279	1773507	1775507
6	23	280	1775602	1775802
6	23	281	1775976	1777692
6	23	282	1777724	1777725
6	19	283	1777873	1777875
6	19	284	1777875	1778190
6	19	285	1778363	1778965
6	19	286	1779114	1780118
6	19	287	1780266	1781898
6	19	288	1781898	1782598
6	19	289	1782597	1783648
7	23	1	1783762	1783887
7	23	2	1783912	1784973
7	23	3	1785069	1785570
7	23	4	1785690	1786133
7	23	5	1786319	1786320
7	23	6	1786441	1788424
7	23	7	1788521	1788795
7	36	8	1789010	1790757
7	36	9	1790938	1795285
7	36	10	1795285	1796281
7	36	11	1796455	1801372
7	51	12	1801520	1802810
7	51	13	1802931	1804025
7	51	14	1804294	1806165
7	51	15	1806338	1806339
7	51	16	1806516	1807760
7	13	17	1808054	1808055
7	13	18	1808055	1811908
7	13	19	1812057	1812058
7	13	20	1812057	1813768
7	13	21	1813942	1816653
7	13	22	1816677	1818231
7	13	23	1818405	1820430
7	52	24	1820430	1820694
7	52	25	1820815	1821262
7	52	26	1821288	1821358
7	52	27	1821496	1821671
7	52	28	1821791	1821925
7	23	29	1822045	1822143
7	23	30	1822291	1825136
7	23	31	1825161	1826194
7	23	32	1826317	1827789
7	23	33	1827963	1830413
7	23	34	1830533	1831565
7	26	35	1831564	1832164
7	26	36	1832163	1832663
7	26	37	1832687	1833822
7	26	38	1833970	1834670
7	26	39	1834899	1835179
7	50	40	1835275	1835599
7	50	41	1835813	1837539
7	50	42	1837538	1838684
7	49	43	1838683	1839210
7	49	44	1839384	1840888
7	49	45	1841008	1842467
7	49	46	1842588	1843632
7	49	47	1843806	1843808
7	49	48	1844105	1844171
7	24	55	1847944	1861381
7	24	56	1861502	1861705
7	24	57	1861879	1867894
7	24	58	1868042	1870693
7	8	59	1870868	1870966
7	8	60	1870966	1870968
7	8	61	1871064	1871066
7	20	75	1947954	1947955
7	20	76	1947955	1948228
7	20	77	1948228	1948229
7	20	78	1948446	1949092
7	20	79	1949213	1950335
7	8	80	1950432	1950433
7	8	81	1950433	1951255
7	8	82	1951377	1951518
7	8	83	1951870	1952046
7	8	84	1952167	1952664
7	40	85	1952760	1952761
7	40	86	1952935	1955385
7	40	87	1955559	1959942
7	40	88	1960302	1961123
7	40	89	1961244	1961245
7	40	90	1961463	1961464
7	8	99	1966657	1966658
7	8	100	1966779	1967815
7	8	101	1967912	1968286
7	8	102	1968406	1968568
7	8	103	1968689	1968861
7	19	132	2011577	2013351
7	19	133	2013472	2013475
7	19	134	2013597	2014996
7	28	135	2015093	2017932
7	28	136	2018081	2018082
7	28	137	2018230	2018455
7	28	138	2018603	2019237
7	56	153	2033707	2034228
7	56	154	2034402	2034996
7	56	155	2035170	2035648
7	56	156	2035769	2036221
7	56	157	2036369	2036582
7	56	158	2036704	2038863
7	52	159	2038960	2040695
7	52	160	2040843	2042323
7	52	161	2042471	2043093
7	52	162	2043241	2045327
7	0	164	2045575	2045603
7	0	165	2045724	2046599
7	0	166	2046773	2046950
7	0	167	2047098	2048910
7	0	168	2049083	2050656
7	8	169	2050805	2051322
7	8	170	2051495	2051943
7	8	171	2051970	2052818
7	8	172	2052843	2053608
7	8	173	2053731	2054607
8	28	1	2054808	2054809
8	28	2	2054833	2054834
8	28	3	2054930	2054958
8	28	4	2055053	2055054
8	28	5	2055054	2055203
8	28	6	2055323	2055446
8	28	7	2055542	2055744
8	28	8	2055840	2056139
8	28	9	2056138	2056517
8	31	10	2056612	2058377
8	31	11	2058473	2059548
8	31	12	2059668	2061508
8	31	13	2061629	2063966
8	31	14	2063991	2066480
8	31	15	2066575	2067022
8	27	16	2067117	2070122
8	27	17	2070123	2070124
8	27	18	2070148	2071021
8	27	19	2071142	2071416
8	27	20	2071441	2073708
8	46	21	2073707	2076475
8	46	22	2076571	2079039
8	46	23	2079136	2080732
8	46	24	2080828	2081030
8	46	25	2081151	2085060
8	47	26	2085157	2086381
8	47	27	2086477	2088756
8	47	28	2088781	2090700
8	47	29	2090797	2092557
8	27	30	2092653	2096074
8	27	31	2096169	2098040
8	27	32	2098161	2100525
8	27	33	2100647	2101263
8	3	34	2101358	2102103
8	3	35	2102223	2102573
8	3	36	2102668	2103489
8	3	37	2103585	2104284
8	4	38	2104380	2105032
8	4	39	2105152	2106027
8	4	40	2106148	2106149
8	4	41	2106269	2107841
8	13	42	2107937	2107940
8	13	43	2108061	2108929
8	13	44	2108955	2109638
8	13	45	2109664	2109665
8	13	46	2109786	2111361
8	13	47	2111386	2113549
8	39	48	2113644	2113720
8	39	49	2113816	2114255
8	39	50	2114376	2114377
8	39	51	2114499	2114500
8	39	52	2114621	2114918
8	39	53	2115040	2115041
8	49	54	2115137	2121803
8	49	55	2122111	2130442
8	49	56	2130562	2137455
8	49	57	2137673	2138066
8	49	58	2138090	2138091
8	3	59	2138265	2140302
8	3	60	2140424	2144805
8	3	61	2144902	2144903
8	3	62	2145000	2151709
8	12	63	2151805	2151809
8	12	64	2151808	2159504
8	12	65	2159625	2159800
8	12	66	2159895	2174415
8	12	67	2174536	2175408
8	12	68	2175581	2176725
8	12	69	2176726	2176850
8	29	70	2176946	2176948
8	29	71	2176947	2177309
8	29	72	2177405	2177406
8	29	73	2177407	2177634
8	29	74	2177660	2177782
8	29	75	2177902	2178078
8	29	76	2178252	2179436
8	29	77	2179557	2183938
8	6	78	2184060	2184289
8	6	79	2184288	2184289
8	6	80	2184410	2184411
8	6	81	2184532	2184655
8	6	82	2184964	2185088
8	12	83	2185209	2185212
8	12	84	2185333	2185334
8	12	85	2185456	2185580
8	12	86	2185702	2185893
8	12	87	2186135	2186136
8	12	88	2186257	2186957
8	12	89	2187079	2187080
8	12	90	2187201	2187324
8	31	91	2187420	2189863
8	31	92	2189984	2191041
8	31	93	2191162	2193158
8	31	94	2193279	2194452
8	31	95	2194574	2199779
8	19	96	2199900	2199901
8	19	97	2199901	2200600
8	19	98	2200720	2201418
8	19	99	2201417	2201419
8	19	100	2201419	2201596
8	19	101	2201693	2205037
8	2	102	2205036	2205037
8	2	103	2205062	2206660
8	2	104	2206685	2206686
8	2	105	2206807	2209724
8	2	106	2209846	2210371
8	2	107	2210492	2210667
8	57	108	2210763	2211534
8	57	109	2211533	2213852
8	57	110	2214080	2216366
8	57	111	2216461	2216610
8	31	112	2216706	2220096
8	31	113	2220217	2221339
8	31	114	2221461	2222458
8	31	115	2222579	2223915
8	31	116	2224036	2225697
8	31	117	2225820	2226390
8	31	118	2226389	2228086
8	8	119	2228182	2230293
8	8	120	2230414	2231532
8	8	121	2231628	2232846
8	8	122	2232966	2236061
8	8	123	2236060	2236088
8	8	124	2236208	2238480
8	8	125	2238602	2238604
8	8	126	2238726	2238727
8	8	127	2238952	2238953
8	8	128	2239074	2239075
8	28	129	2239171	2240504
8	28	130	2240601	2241031
8	28	131	2241128	2241130
8	28	132	2241226	2242757
8	28	133	2242853	2243729
8	46	134	2243825	2246200
8	46	135	2246320	2248239
8	46	136	2248335	2250229
8	46	137	2250326	2252868
8	46	138	2252893	2252894
8	46	139	2252893	2253364
8	19	140	2253459	2253638
8	19	141	2253637	2253638
8	19	142	2253637	2253989
8	19	143	2253988	2254166
8	19	144	2254165	2254167
8	19	145	2254167	2254518
8	19	146	2254518	2255217
8	19	147	2255339	2255340
8	19	148	2255462	2255463
8	5	149	2255463	2256316
8	5	150	2256437	2256456
8	5	151	2256576	2256578
8	5	152	2256675	2256772
8	5	153	2256772	2256773
8	5	154	2256893	2256897
8	5	155	2257017	2257167
8	5	156	2257288	2258050
8	5	157	2258170	2259023
8	8	158	2259119	2259122
8	8	159	2259121	2259125
8	8	160	2259246	2259598
8	8	161	2259720	2260071
8	8	162	2260193	2260195
8	8	163	2260291	2260468
8	8	164	2260590	2260592
8	8	165	2260591	2261336
8	45	166	2261554	2261582
8	45	167	2261581	2262403
8	45	168	2262403	2262578
8	45	169	2262698	2262825
8	45	170	2262947	2263248
8	45	171	2263370	2263545
8	5	172	2263643	2263994
8	5	173	2264115	2264117
8	5	174	2264238	2264432
8	5	175	2264537	2264714
8	5	176	2264810	2265077
8	5	177	2265173	2265574
8	5	178	2265696	2265972
8	5	179	2266094	2266269
8	5	180	2266365	2266542
8	20	181	2266638	2267165
8	20	182	2267286	2267329
8	20	183	2267448	2267943
8	20	184	2268092	2268324
8	20	185	2268472	2268762
8	20	186	2268885	2271462
8	20	187	2271636	2271637
8	20	188	2271758	2271759
8	20	189	2271879	2271880
8	20	190	2272002	2272003
8	20	191	2272002	2272003
8	53	192	2272125	2272126
8	53	193	2272224	2272225
8	53	194	2272224	2272225
8	53	195	2272347	2272349
8	53	196	2272472	2272596
8	53	197	2272718	2272894
8	53	198	2273016	2273017
8	53	199	2273138	2273139
8	53	200	2273235	2273359
8	39	201	2273454	2273756
8	39	202	2273852	2273951
8	39	203	2274073	2274074
8	39	204	2274170	2274171
8	39	205	2274291	2274293
8	39	206	2274292	2274313
8	39	207	2274409	2274895
8	15	208	2274991	2274993
8	15	209	2275114	2275115
8	15	210	2275211	2275214
8	15	211	2275213	2275216
8	15	212	2275216	2275217
8	15	213	2275313	2277074
8	3	214	2277171	2277172
8	3	215	2277293	2277469
8	3	216	2277590	2277767
8	3	217	2277862	2277927
8	3	218	2278048	2278050
8	3	219	2278171	2278913
8	3	220	2278912	2278938
8	3	221	2279060	2279185
8	27	222	2279402	2279754
8	27	223	2279849	2280052
8	27	224	2280147	2280150
8	27	225	2280271	2280273
8	27	226	2280370	2280894
8	58	227	2280989	2281691
8	58	228	2281690	2281918
8	58	229	2282038	2282091
8	58	230	2282091	2283041
8	58	231	2283190	2283716
8	58	232	2283838	2284556
8	13	236	2288639	2289463
8	13	237	2289584	2289684
8	13	238	2289806	2290331
8	13	239	2290540	2291414
8	13	240	2291535	2291755
8	19	241	2291754	2291756
8	19	242	2291869	2293443
8	19	243	2293443	2294121
8	19	244	2294121	2295573
8	19	245	2295573	2297145
8	19	246	2297144	2297964
8	45	247	2297963	2298731
8	45	248	2298854	2299029
8	45	249	2299151	2301145
8	45	250	2301267	2301466
8	45	251	2301589	2303724
8	59	252	2303820	2303997
8	59	253	2304118	2304120
8	59	254	2304241	2304243
8	59	255	2304340	2304517
8	59	256	2304711	2304712
8	59	257	2304809	2304810
8	58	258	2304906	2306471
8	58	259	2306567	2307965
8	58	260	2308087	2308788
8	58	261	2308885	2309858
8	29	262	2309953	2311111
8	29	263	2311206	2311506
8	29	264	2311626	2314158
8	29	265	2314279	2314280
8	29	266	2314677	2314799
8	29	267	2314930	2314931
8	8	268	2315052	2315082
8	8	269	2315342	2315343
8	8	270	2315343	2317724
8	8	271	2317846	2319017
8	8	272	2319138	2319488
8	5	273	2319584	2319672
8	5	274	2319794	2319795
8	5	275	2319917	2319982
8	5	276	2320104	2320105
8	5	277	2320200	2320201
8	5	278	2320226	2320925
8	5	279	2321046	2321222
8	5	280	2321343	2321345
8	2	281	2321442	2322441
8	2	282	2322563	2322699
8	2	283	2322820	2322821
8	2	284	2322943	2325036
8	40	290	2330122	2330124
8	40	291	2330123	2331170
8	40	292	2331266	2332412
9	14	1	2332411	2332508
9	14	2	2332508	2333031
9	14	3	2333204	2333205
9	14	4	2333502	2333598
9	14	5	2333772	2333773
9	14	6	2333894	2333895
9	14	7	2333991	2334490
9	14	8	2334797	2335322
9	14	9	2335321	2338294
9	14	10	2338468	2338537
9	60	11	2338711	2340283
9	60	12	2340405	2341406
9	60	13	2341502	2345531
9	60	14	2345653	2345909
9	60	15	2346049	2349346
9	60	16	2349588	2350462
9	60	17	2350583	2352483
9	60	18	2352549	2355209
9	60	19	2355208	2357231
9	60	20	2357381	2359390
9	60	21	2359507	2360816
9	60	22	2360857	2365109
9	60	23	2365229	2372488
9	60	24	2372584	2377186
9	60	25	2377277	2380591
9	60	26	2380687	2380689
9	60	27	2380810	2385337
9	50	28	2385459	2388780
9	50	29	2388928	2392206
9	50	30	2392205	2395444
9	50	31	2395613	2398641
9	52	32	2398737	2398924
9	52	33	2399046	2399446
9	52	34	2399471	2399775
9	52	35	2399890	2400459
9	52	36	2400580	2400625
9	60	37	2400722	2405100
9	60	38	2405408	2405409
9	60	39	2405531	2406042
9	37	40	2406163	2406164
9	37	41	2406163	2407977
9	37	42	2408151	2410376
9	37	43	2410497	2410746
9	37	44	2410921	2413665
9	37	45	2414186	2414361
9	26	46	2414509	2414510
9	26	47	2414510	2414685
9	26	48	2414858	2416500
9	26	49	2416648	2417735
9	26	50	2417734	2420102
9	11	51	2420101	2420452
9	11	52	2420625	2423950
9	11	53	2424125	2431700
9	52	54	2431848	2431849
9	52	55	2431849	2432247
9	52	56	2432272	2432449
9	52	57	2432569	2432899
9	52	58	2433020	2433197
9	52	59	2433318	2433598
9	49	60	2433695	2433696
9	49	61	2433696	2444772
9	49	62	2444894	2445070
9	49	63	2445192	2452395
9	49	64	2452568	2453678
9	10	65	2453852	2453853
9	10	66	2453852	2470289
9	10	67	2470411	2481914
9	52	68	2482087	2482090
9	52	69	2482211	2482388
9	52	70	2482508	2482510
9	52	71	2482631	2482789
9	52	72	2482911	2483252
9	19	73	2483348	2483349
9	19	74	2483349	2486836
9	19	75	2486984	2490533
9	19	76	2490681	2494664
9	19	77	2494812	2499792
9	14	78	2499940	2499941
9	14	79	2499941	2500354
9	14	80	2500479	2507701
9	14	81	2507875	2508990
9	14	82	2509112	2511765
9	11	83	2511862	2512588
9	11	84	2512761	2515640
9	11	85	2515666	2519916
9	11	86	2520089	2522882
9	11	87	2523056	2525007
9	11	88	2525127	2525276
9	49	89	2525424	2527109
9	49	90	2527230	2528343
9	49	91	2528518	2529339
9	49	92	2529461	2530045
9	49	93	2530200	2530202
9	49	94	2530401	2532251
9	49	95	2532277	2533613
9	52	96	2533788	2533936
9	52	97	2534059	2534587
9	52	98	2534683	2534866
9	52	99	2534988	2535087
9	52	100	2535181	2535182
9	52	101	2535302	2535930
9	11	102	2536026	2536027
9	11	103	2536026	2538962
9	11	104	2539082	2541107
9	11	105	2541282	2542157
9	11	106	2542331	2544463
9	11	107	2544636	2546035
9	11	108	2546209	2546536
9	55	109	2546709	2549152
9	55	110	2549248	2551428
9	55	111	2551577	2553714
9	55	112	2553877	2557663
9	61	113	2557837	2557838
9	61	114	2557837	2561059
9	61	115	2561101	2562542
9	61	116	2562566	2563753
9	61	117	2563778	2567136
9	61	118	2567135	2568010
9	61	119	2568131	2568483
9	61	120	2568604	2568747
9	2	121	2568755	2569455
9	2	122	2569629	2570407
9	2	123	2570503	2573229
9	14	124	2573377	2573378
9	14	125	2573378	2573703
9	14	126	2573727	2575122
9	14	127	2575295	2583211
9	12	128	2583236	2583359
9	12	129	2583532	2584978
9	12	130	2585100	2585252
9	12	131	2585278	2585453
9	12	132	2585626	2585710
9	12	133	2585807	2585808
9	12	134	2585903	2586080
9	12	135	2586253	2586255
9	12	136	2586376	2586378
9	12	137	2586519	2586805
9	61	138	2586902	2587490
9	61	139	2587664	2587877
9	61	140	2588051	2588053
9	61	141	2588202	2589001
9	61	142	2589001	2589326
9	61	143	2589342	2589612
9	61	144	2589667	2589925
9	61	145	2589944	2591343
9	53	146	2591491	2591494
9	53	147	2591493	2591494
9	53	148	2591493	2592943
9	53	149	2593064	2593065
9	53	150	2593213	2594113
9	53	151	2594233	2597018
9	46	152	2597214	2598064
9	46	153	2598186	2599511
9	46	154	2599510	2599687
9	46	155	2599836	2600514
9	0	156	2600662	2600664
9	0	157	2600859	2601559
9	18	158	2601654	2601655
9	18	159	2601655	2602853
9	18	160	2603002	2603003
9	18	161	2603274	2603722
9	18	162	2603870	2603871
9	18	163	2603871	2603872
9	18	164	2603967	2604999
9	18	165	2605120	2605186
9	62	166	2605457	2606865
9	62	167	2607014	2607352
9	62	168	2607447	2607991
9	62	169	2608140	2608491
9	62	170	2608588	2608824
9	62	171	2608980	2609505
9	62	172	2609679	2609680
9	62	173	2609802	2610152
9	45	174	2610300	2610302
9	45	175	2610399	2611414
9	45	176	2611535	2612952
9	45	177	2613073	2613532
9	30	178	2613735	2614436
9	30	179	2614559	2615114
9	30	180	2615262	2617201
9	30	181	2617296	2620804
9	30	182	2620977	2620978
9	30	183	2621127	2625204
9	29	184	2625378	2625379
9	29	185	2625378	2625379
9	29	186	2625476	2625651
9	29	187	2625772	2625774
9	29	188	2625773	2625774
9	29	189	2625774	2625952
9	29	190	2626073	2626559
9	48	191	2626732	2627929
9	48	192	2628077	2628936
9	48	193	2629057	2629058
9	48	194	2629179	2629567
9	48	195	2629688	2629690
9	48	196	2629787	2631183
9	14	197	2631357	2631476
9	14	198	2631598	2631971
9	14	199	2632281	2633181
9	14	200	2633304	2633414
9	14	201	2633534	2633535
9	14	202	2633630	2633632
9	14	203	2633632	2633948
9	14	204	2634122	2634188
9	14	205	2634362	2635879
9	14	206	2636028	2636964
9	14	207	2637137	2638318
9	14	208	2638317	2640510
9	55	209	2640659	2640835
9	55	210	2640983	2641399
9	55	211	2641548	2642461
9	55	212	2642653	2643611
9	55	213	2643706	2644080
9	55	214	2644175	2644617
9	55	215	2644791	2646293
9	55	216	2646442	2646791
9	55	217	2646888	2647443
9	2	218	2647618	2648037
9	2	219	2648210	2648984
9	2	220	2649104	2650562
9	2	221	2650683	2651683
9	55	222	2651780	2651781
9	55	223	2651780	2654516
9	55	224	2654691	2656392
9	55	225	2656566	2656793
9	55	226	2656817	2658120
9	55	227	2658293	2658719
9	63	228	2658868	2658870
9	63	229	2658869	2659979
9	63	230	2660128	2660129
9	63	231	2660224	2662560
9	63	232	2662709	2665173
9	63	233	2665321	2666443
9	63	234	2666591	2667323
9	24	235	2667472	2667692
9	24	236	2667866	2667869
9	24	237	2667991	2668199
9	24	238	2668296	2668298
9	24	239	2668420	2668422
9	8	240	2668545	2671223
9	8	241	2671248	2671922
9	8	242	2672096	2672706
9	8	243	2672706	2672707
9	8	244	2672881	2674347
9	11	245	2674468	2676889
9	11	246	2677063	2678110
9	11	247	2678231	2680448
9	11	248	2680569	2681263
9	2	256	2682681	2683879
9	2	257	2684053	2684405
9	2	258	2684524	2684525
9	2	259	2684645	2684944
9	2	260	2685066	2686467
9	2	261	2686642	2688298
9	14	262	2688409	2688410
9	14	263	2688410	2688411
9	14	264	2688531	2689230
9	14	265	2689378	2689880
9	14	266	2690053	2690486
9	14	267	2690660	2692399
9	14	268	2692573	2693343
9	14	269	2693342	2693684
9	8	270	2693857	2695864
9	8	271	2695959	2699758
9	11	272	2699932	2700109
9	11	273	2700230	2700406
9	11	274	2700528	2701819
9	11	275	2701941	2702465
9	11	276	2702586	2702762
