0	0	1	-1	7
0	0	2	6	20
0	0	3	20	21
0	0	4	22	38
0	0	5	38	40
0	0	6	39	44
0	0	7	44	50
0	1	8	51	66
0	1	9	67	79
0	1	10	79	95
0	1	11	95	126
0	1	12	127	128
0	1	13	129	156
0	0	14	156	181
0	0	15	181	208
0	0	16	208	231
0	0	17	231	235
0	0	18	234	236
0	0	19	237	262
0	2	20	262	263
0	2	21	263	280
0	2	22	280	290
0	2	23	290	292
0	2	24	292	308
0	2	25	309	318
0	2	26	318	345
0	3	27	345	356
0	3	28	355	377
0	3	29	377	386
0	3	30	386	418
0	4	31	418	420
0	4	32	419	464
0	4	33	464	510
0	4	34	512	553
0	4	35	554	555
0	4	36	556	590
0	5	37	590	606
0	5	38	606	627
0	5	39	628	630
0	5	40	629	634
0	5	41	634	644
0	5	42	644	679
0	6	43	678	682
0	6	44	683	690
0	6	45	690	692
0	6	46	693	695
0	6	47	695	702
0	7	48	705	714
0	7	49	714	716
0	7	50	716	718
0	7	51	718	720
0	7	52	723	727
0	7	53	728	729
0	8	54	729	731
0	8	55	731	746
0	8	56	748	760
0	8	57	761	785
0	8	58	788	794
0	8	59	794	797
0	9	60	797	799
0	9	61	799	848
0	9	62	850	852
0	9	63	853	995
0	10	70	1043	1194
0	10	71	1194	1198
0	10	72	1200	1266
0	11	73	1265	1266
0	11	74	1266	1299
0	11	75	1299	1452
0	12	76	1455	1462
0	12	77	1462	1467
0	12	78	1468	1469
0	3	79	1469	1489
0	3	80	1489	1504
0	3	81	1503	1520
0	3	82	1520	1545
0	3	83	1544	1572
0	13	84	1572	1574
0	13	85	1574	1599
0	13	86	1599	1644
0	13	87	1644	1673
0	13	88	1674	1702
0	14	89	1701	1702
0	14	90	1702	1741
0	14	91	1740	1749
0	14	92	1750	1756
0	14	93	1756	1786
0	12	94	1787	1789
0	12	95	1791	1806
0	12	96	1807	1816
0	12	97	1817	1822
0	12	98	1823	1830
0	12	99	1831	1838
0	12	100	1839	1840
0	15	101	1841	1857
0	15	102	1858	1882
0	15	103	1883	1893
0	15	104	1894	1895
0	15	105	1896	1901
0	15	106	1902	1950
0	15	107	1951	1957
0	5	108	1956	1959
0	5	109	1960	1973
0	5	110	1976	1994
0	5	111	1995	2015
0	5	112	2016	2035
0	5	113	2036	2062
0	5	114	2063	2089
0	13	115	2089	2137
0	13	116	2137	2156
0	13	117	2156	2211
0	13	118	2211	2245
0	13	119	2244	2252
0	13	120	2254	2255
0	16	121	2256	2262
0	16	122	2262	2264
0	16	123	2265	2266
0	16	124	2266	2282
0	16	125	2282	2284
0	16	126	2283	2285
0	16	127	2285	2286
0	16	128	2286	2288
0	17	129	2288	2290
0	17	130	2291	2304
0	17	131	2305	2311
0	17	132	2310	2320
0	17	133	2321	2322
0	17	134	2323	2332
0	17	135	2333	2353
0	18	136	2354	2372
0	18	137	2371	2373
0	18	138	2373	2379
0	18	139	2379	2385
0	18	140	2386	2388
0	18	141	2389	2402
0	18	142	2405	2406
0	3	143	2406	2422
0	3	144	2423	2427
0	3	145	2427	2432
0	3	146	2432	2454
0	19	147	2454	2466
0	19	148	2466	2469
0	19	149	2469	2474
0	19	150	2473	2475
0	19	151	2474	2476
0	19	152	2478	2479
0	19	153	2479	2482
0	20	154	2481	2482
0	20	155	2482	2529
0	20	156	2528	2531
0	20	157	2533	2553
0	20	158	2555	2564
0	20	159	2564	2587
0	20	160	2588	2589
0	20	161	2590	2593
0	18	162	2593	2597
0	18	163	2599	2604
0	18	164	2604	2606
0	18	165	2606	2610
0	18	166	2610	2616
0	18	167	2619	2622
0	18	168	2623	2624
0	21	169	2625	2626
0	21	170	2626	2628
0	21	171	2629	2636
0	21	172	2637	2643
0	21	173	2644	2646
0	21	174	2646	2656
0	21	175	2658	2673
0	15	176	2674	2677
0	15	177	2678	2680
0	15	178	2680	2685
0	15	179	2684	2690
0	15	180	2690	2691
0	15	181	2691	2693
0	15	182	2693	2694
0	15	183	2694	2700
0	13	184	2702	2717
0	13	185	2716	2721
0	13	186	2721	2723
0	13	187	2723	2730
0	13	188	2730	2731
0	13	189	2732	2743
0	19	190	2742	2750
0	19	191	2749	2759
0	19	192	2758	2766
0	19	193	2765	2768
0	19	194	2767	2769
0	19	195	2768	2791
0	13	196	2790	2797
0	13	197	2797	2803
0	13	198	2803	2818
0	13	199	2818	2857
0	19	200	2857	2864
0	19	201	2863	2871
0	19	202	2871	2872
0	19	203	2871	2892
0	22	204	2891	2897
0	22	205	2897	2901
0	22	206	2900	2902
0	22	207	2901	2905
0	22	208	2906	2915
0	22	209	2915	2928
0	22	210	2927	2930
0	23	211	2929	2950
0	23	212	2951	2956
0	23	213	2956	2961
0	23	214	2961	2967
0	23	215	2968	2969
0	23	216	2971	2980
0	23	217	2980	2987
0	0	218	2986	2990
0	0	219	2990	3010
0	0	220	3011	3018
0	0	221	3018	3061
0	22	222	3063	3067
0	22	223	3070	3076
0	22	224	3075	3082
0	22	225	3082	3093
0	22	226	3094	3097
0	22	227	3098	3103
0	22	228	3103	3107
0	24	229	3107	3115
0	24	230	3118	3120
0	24	231	3121	3124
0	24	232	3125	3127
0	24	233	3128	3133
0	4	234	3134	3147
0	4	235	3147	3151
0	4	236	3151	3157
0	4	237	3157	3158
0	4	238	3159	3161
0	4	239	3162	3174
0	4	240	3173	3174
0	4	241	3175	3176
0	25	242	3176	3181
0	25	243	3182	3186
0	22	244	3190	3197
0	22	245	3198	3200
0	22	246	3201	3205
0	22	247	3206	3208
0	22	248	3208	3211
0	22	249	3212	3213
0	22	250	3214	3224
0	26	251	3224	3226
0	26	252	3226	3229
0	26	253	3229	3234
0	26	254	3233	3237
0	26	255	3238	3243
0	26	256	3243	3248
0	26	257	3247	3265
0	27	266	3322	3333
0	27	267	3333	3355
0	27	268	3355	3357
0	27	269	3357	3358
0	27	270	3358	3367
0	27	271	3367	3368
0	27	272	3369	3390
0	27	273	3391	3412
0	3	274	3412	3434
0	3	275	3436	3440
0	3	276	3444	3451
0	3	277	3450	3454
0	3	278	3455	3474
0	3	279	3473	3477
0	28	280	3477	3478
0	28	281	3478	3490
0	28	282	3489	3498
0	28	283	3497	3507
0	28	284	3507	3520
0	28	285	3520	3522
0	28	286	3522	3523
0	29	287	3524	3536
0	29	288	3537	3547
0	29	289	3548	3558
0	29	290	3559	3571
0	29	291	3572	3578
0	29	292	3579	3587
0	29	293	3588	3594
0	30	294	3595	3600
0	30	295	3600	3605
0	30	296	3604	3608
0	30	297	3609	3612
0	30	298	3611	3613
1	31	4	3635	3641
1	31	5	3642	3644
1	31	6	3643	3655
1	31	7	3656	3662
1	31	8	3662	3667
1	31	9	3666	3670
1	27	10	3670	3674
1	27	11	3673	3676
1	27	12	3676	3679
1	27	13	3680	3685
1	27	14	3684	3686
1	30	15	3686	3687
1	30	16	3688	3697
1	30	17	3698	3714
1	30	18	3714	3716
1	30	19	3717	3726
1	30	20	3726	3741
1	29	31	3967	4015
1	29	32	4015	4027
1	29	33	4028	4032
1	29	34	4033	4039
1	29	35	4040	4051
1	29	36	4052	4060
1	3	37	4060	4061
1	3	38	4061	4068
1	3	39	4068	4075
1	3	40	4076	4084
1	3	41	4084	4086
1	3	42	4087	4112
1	32	43	4112	4114
1	32	44	4114	4116
1	32	45	4117	4119
1	32	46	4119	4122
1	32	47	4123	4129
1	32	48	4129	4131
1	32	49	4132	4135
1	29	53	4204	4217
1	10	59	4281	4327
1	10	60	4327	4423
1	33	73	4671	4701
1	33	74	4703	4714
1	33	75	4715	4726
1	33	76	4727	4728
1	33	77	4728	4779
1	33	78	4781	4876
1	17	79	4875	4895
2	2	1	4896	4899
2	2	2	4899	4902
2	2	3	4902	4907
2	2	4	4908	4912
2	2	5	4913	4925
2	2	6	4926	4934
2	2	7	4935	4941
2	2	8	4942	4946
2	2	9	4947	4952
2	2	10	4953	4962
2	2	11	4962	4983
2	2	12	4984	4996
2	34	13	4996	5001
2	34	14	5002	5003
2	34	15	5004	5007
2	34	16	5008	5009
2	34	17	5010	5011
2	34	18	5012	5016
2	34	19	5017	5020
2	34	20	5020	5025
2	34	21	5025	5028
2	34	22	5029	5033
2	34	23	5033	5034
2	34	24	5033	5037
2	34	25	5038	5040
2	34	26	5040	5045
2	34	27	5045	5048
2	34	28	5049	5051
2	34	29	5052	5053
2	34	30	5053	5056
2	35	31	5056	5091
2	35	32	5091	5156
2	35	33	5158	5159
2	35	34	5160	5161
2	35	35	5162	5184
2	36	36	5185	5191
2	36	37	5192	5200
2	36	38	5201	5222
2	36	39	5223	5224
2	36	40	5225	5233
2	36	41	5234	5253
2	8	42	5252	5253
2	8	43	5253	5270
2	8	44	5272	5289
2	8	45	5291	5339
2	5	46	5341	5343
2	5	47	5344	5360
2	5	48	5360	5370
2	5	49	5371	5385
2	5	50	5386	5392
2	10	51	5392	5399
2	10	52	5399	5400
2	10	53	5400	5406
2	10	54	5406	5414
2	5	55	5413	5421
2	5	56	5422	5431
2	5	57	5431	5469
2	5	58	5470	5532
2	5	59	5532	5535
2	2	60	5535	5551
2	2	61	5552	5554
2	2	62	5555	5559
2	14	63	5559	5560
2	30	64	5560	5563
2	30	65	5562	5566
2	30	66	5566	5570
2	30	67	5570	5575
2	30	68	5575	5588
2	2	69	5590	5599
2	2	70	5598	5600
2	2	71	5601	5637
2	2	72	5638	5746
2	2	73	5747	5774
2	2	74	5774	5783
2	2	75	5783	5793
2	2	76	5793	5802
2	2	77	5803	5807
2	2	78	5808	5819
2	2	79	5820	5839
2	2	80	5839	5841
2	2	81	5842	5844
2	19	82	5844	5877
2	19	83	5876	5894
2	19	84	5895	5911
2	19	85	5910	5926
2	19	86	5925	5957
2	37	87	5958	5962
2	37	88	5963	5969
2	37	89	5970	5981
2	37	90	5982	5988
2	37	91	5989	5997
2	37	92	5998	6007
2	31	93	6007	6048
2	31	94	6049	6061
2	5	95	6063	6100
2	5	96	6101	6162
2	5	97	6161	6164
2	5	98	6164	6166
2	28	99	6166	6171
2	28	100	6171	6180
2	28	101	6179	6185
2	27	102	6186	6193
2	27	103	6192	6205
2	27	104	6206	6249
2	27	105	6250	6265
2	27	106	6266	6297
2	19	107	6297	6335
2	19	108	6335	6347
2	19	109	6346	6396
2	19	110	6395	6397
2	19	111	6396	6411
2	8	112	6410	6436
2	8	113	6435	6448
2	8	114	6449	6494
2	8	115	6495	6529
2	8	116	6531	6544
2	8	117	6545	6563
2	8	118	6563	6566
2	8	119	6568	6574
2	8	120	6575	6581
2	8	121	6583	6586
2	8	122	6585	6589
2	8	123	6588	6605
2	38	124	6606	6620
2	38	125	6620	6623
2	38	126	6623	6631
2	38	127	6632	6651
2	38	128	6651	6654
2	39	129	6654	6665
2	39	130	6664	6670
2	39	131	6670	6682
2	39	132	6683	6686
2	39	133	6686	6688
2	40	134	6691	6695
2	40	135	6695	6697
2	40	136	6698	6702
2	40	137	6702	6705
2	40	138	6704	6711
2	40	139	6710	6713
2	40	140	6713	6716
2	40	141	6715	6721
2	40	142	6721	6723
2	41	143	6723	6726
2	41	144	6725	6728
2	41	145	6729	6734
2	41	146	6735	6739
2	41	147	6740	6742
2	41	148	6743	6745
2	41	149	6746	6750
2	41	150	6751	6753
2	41	151	6754	6768
2	17	152	6768	6772
2	17	153	6773	6774
2	39	154	6775	6784
2	39	155	6785	6786
2	39	156	6788	6795
2	39	157	6795	6796
2	39	158	6796	6798
2	39	159	6798	6807
2	39	160	6808	6820
2	5	165	6858	6859
2	5	166	6859	6870
2	5	167	6870	6876
2	5	168	6875	6878
2	5	169	6877	6879
2	5	170	6879	6881
2	5	171	6881	6884
2	5	172	6883	6887
2	42	181	6918	6926
2	42	182	6928	6936
2	42	183	6936	6941
2	42	184	6941	6956
2	42	185	6958	7001
2	22	186	7001	7012
2	22	187	7013	7020
2	22	188	7021	7027
2	22	189	7028	7052
2	22	190	7052	7082
2	43	204	7144	7156
2	43	205	7157	7161
2	43	206	7162	7168
2	43	207	7169	7171
3	38	1	7310	7311
3	38	2	7311	7324
3	38	3	7324	7347
3	38	4	7348	7362
3	38	5	7363	7375
3	38	6	7376	7389
3	38	7	7392	7427
3	26	8	7428	7458
3	26	9	7459	7481
3	26	10	7482	7519
3	26	11	7519	7557
3	26	12	7557	7585
3	36	13	7585	7597
3	36	14	7598	7625
3	36	15	7626	7665
3	36	16	7664	7702
3	36	17	7701	7731
3	36	18	7731	7753
3	37	19	7753	7774
3	37	20	7775	7801
3	37	21	7802	7835
3	37	22	7835	7852
3	37	23	7853	7939
3	37	24	7939	7995
3	37	25	7996	8022
3	37	26	8023	8158
3	36	27	8158	8172
3	36	28	8173	8206
3	36	29	8206	8246
3	36	30	8247	8301
3	36	31	8302	8304
3	36	32	8304	8364
3	10	33	8364	8365
3	10	34	8366	8386
3	10	35	8386	8388
3	10	36	8389	8415
3	10	37	8415	8417
3	39	38	8417	8436
3	39	39	8436	8456
3	39	40	8457	8460
3	39	41	8461	8497
3	39	42	8498	8505
3	44	43	8506	8567
3	44	44	8568	8571
3	36	45	8571	8576
3	36	46	8577	8591
3	36	47	8592	8619
3	36	48	8618	8659
3	45	49	8660	8717
3	45	50	8718	8740
3	38	51	8740	8823
3	38	52	8824	8909
3	38	53	8910	8918
3	38	54	8919	9065
3	29	55	9065	9205
3	29	56	9206	9213
3	29	57	9214	9278
3	38	58	9278	9482
3	38	59	9483	9591
3	38	60	9592	9593
3	38	61	9594	9605
3	30	62	9605	9646
3	30	63	9647	9692
3	30	64	9692	9740
3	30	65	9741	9754
3	30	66	9754	9755
3	45	67	9756	9757
3	45	68	9756	9757
3	45	69	9758	9781
3	45	70	9782	9810
3	45	71	9811	9856
3	45	72	9858	9861
3	45	73	9862	9867
3	11	74	9867	9868
3	11	75	9868	9879
3	11	76	9882	9907
3	11	77	9908	9928
3	11	78	9929	9969
3	11	79	9970	9971
3	11	80	9972	9987
3	11	81	9988	9989
3	11	82	9990	9993
3	26	83	9994	10032
3	26	84	10032	10054
3	26	85	10054	10074
3	26	86	10074	10108
3	26	87	10108	10151
3	26	88	10151	10156
3	29	89	10156	10176
3	29	90	10177	10187
3	29	91	10189	10244
3	29	92	10244	10270
3	29	93	10271	10301
3	37	94	10302	10342
3	37	95	10343	10369
3	37	96	10370	10400
3	37	97	10401	10434
3	37	98	10435	10478
3	30	99	10478	10519
3	30	100	10519	10562
3	30	101	10562	10601
3	30	102	10602	10658
3	44	103	10658	10684
3	44	104	10684	10737
3	44	105	10738	10788
3	44	106	10789	10797
3	37	107	10796	10847
3	37	108	10848	10866
3	37	109	10867	10871
3	37	110	10872	10902
3	37	111	10902	10930
3	44	112	10930	10979
3	44	113	10980	11026
3	44	114	11026	11051
3	2	115	11053	11085
3	2	116	11086	11100
3	2	117	11101	11114
3	2	118	11114	11118
3	2	119	11119	11123
3	2	120	11124	11130
3	2	121	11131	11140
3	2	122	11141	11147
3	2	123	11147	11150
3	2	124	11150	11166
3	41	125	11166	11185
3	41	126	11186	11198
3	20	127	11198	11199
3	20	128	11199	11213
3	20	129	11213	11214
3	20	130	11215	11228
3	20	131	11230	11244
3	20	132	11245	11250
3	20	133	11253	11320
3	44	134	11321	11332
3	44	135	11333	11339
3	44	136	11339	11357
3	44	137	11358	11363
3	44	138	11364	11366
3	44	139	11367	11369
3	19	140	11369	11388
3	19	141	11387	11398
3	19	142	11398	11403
3	19	143	11404	11418
3	19	144	11419	11422
3	19	145	11422	11436
3	19	146	11437	11448
3	29	147	11450	11456
3	29	148	11459	11462
3	29	149	11464	11471
3	29	150	11472	11481
3	29	151	11482	11486
3	29	152	11487	11496
3	29	153	11497	11504
3	35	154	11504	11531
3	35	155	11531	11546
3	35	156	11546	11548
3	35	157	11549	11587
3	41	158	11586	11588
3	41	159	11588	11605
3	41	160	11605	11606
3	41	161	11607	11611
3	41	162	11614	11628
3	41	163	11629	11637
3	41	164	11639	11642
3	41	165	11643	11650
3	41	166	11651	11653
3	41	167	11653	11669
3	38	168	11669	11670
3	38	169	11670	11679
3	38	170	11679	11705
3	38	171	11705	11720
3	38	172	11721	11739
3	38	173	11740	11755
3	35	174	11757	11762
3	35	175	11763	11777
3	35	176	11778	11802
3	35	177	11805	11831
3	35	178	11832	11844
3	45	179	11844	11852
3	45	180	11851	11880
3	45	181	11881	11887
3	45	182	11888	11889
3	45	183	11890	11901
3	21	184	11902	11914
3	21	185	11914	11934
3	21	186	11935	11966
3	21	187	11967	11995
3	21	188	11995	11999
3	35	189	11999	12066
3	35	190	12067	12080
3	35	191	12080	12084
3	35	192	12085	12126
3	16	193	12126	12137
3	16	194	12138	12149
3	16	195	12149	12162
3	16	196	12161	12168
3	35	197	12168	12179
3	35	198	12180	12190
3	35	199	12191	12204
3	35	200	12205	12206
3	35	201	12207	12227
3	35	202	12228	12240
3	19	203	12240	12253
3	19	204	12255	12257
3	19	205	12258	12264
3	19	206	12265	12275
3	19	207	12276	12310
3	19	208	12310	12333
3	30	209	12332	12344
3	30	210	12345	12355
3	30	211	12356	12357
3	30	212	12357	12361
3	30	213	12363	12368
3	30	214	12368	12423
3	36	215	12424	12440
3	36	216	12440	12447
3	36	217	12448	12455
3	36	218	12455	12484
3	36	219	12485	12530
3	40	220	12530	12543
3	40	221	12542	12559
3	40	222	12558	12586
3	40	223	12586	12600
3	17	224	12602	12630
3	17	225	12631	12637
3	17	226	12638	12654
3	17	227	12655	12671
3	17	228	12672	12688
3	17	229	12689	12718
3	32	230	12718	12746
3	32	231	12745	12750
3	32	232	12749	12760
3	32	233	12760	12761
3	32	234	12761	12765
3	32	235	12766	12768
3	32	236	12768	12772
3	32	237	12772	12779
3	23	238	12779	12809
3	23	239	12810	12816
3	23	240	12817	12864
3	37	245	12902	12926
3	37	246	12927	12951
3	37	247	12952	12984
3	37	248	12985	13000
3	37	249	13001	13010
3	37	250	13011	13024
3	35	251	13026	13075
3	35	252	13075	13087
3	35	253	13088	13114
3	19	254	13114	13139
3	19	255	13139	13148
3	19	256	13148	13169
3	19	257	13169	13203
3	17	258	13202	13216
3	17	259	13217	13235
3	17	260	13236	13278
3	17	261	13279	13291
3	17	262	13292	13302
3	17	263	13302	13321
3	17	264	13322	13334
3	41	265	13334	13342
3	41	266	13341	13342
3	41	267	13344	13346
3	41	268	13345	13347
3	41	269	13348	13349
3	41	270	13349	13351
4	0	1	13352	13383
4	0	2	13383	13412
4	0	3	13412	13458
4	0	4	13457	13462
4	0	5	13463	13506
4	7	6	13506	13510
4	7	7	13511	13515
4	7	8	13515	13525
4	7	9	13525	13543
4	7	10	13543	13551
4	7	11	13551	13583
4	7	12	13583	13591
4	7	13	13592	13603
4	46	14	13604	13609
4	46	15	13609	13617
4	46	16	13618	13627
4	46	17	13628	13638
4	46	18	13637	13647
4	46	19	13646	13654
4	10	20	13654	13655
4	10	21	13655	13658
4	10	22	13658	13659
4	15	48	13847	13849
4	15	49	13850	13867
4	15	50	13868	13875
4	15	51	13876	13877
4	15	52	13877	13889
4	3	53	13890	13902
4	3	54	13903	13905
4	3	55	13904	13912
4	3	56	13914	13919
4	3	57	13919	13930
4	3	58	13931	13936
4	10	59	13936	13938
4	10	60	13938	13943
4	10	61	13944	13957
4	10	62	13957	13961
4	10	63	13961	13973
4	10	64	13972	13973
4	20	65	13973	14005
4	20	66	14005	14011
4	20	67	14012	14025
4	20	68	14025	14063
4	21	69	14063	14070
4	21	70	14069	14079
4	21	71	14079	14090
4	21	72	14091	14096
4	21	73	14097	14102
4	27	74	14105	14108
4	27	75	14108	14116
4	27	76	14116	14124
4	27	77	14124	14135
4	27	78	14136	14154
4	27	79	14154	14167
4	27	80	14167	14189
4	27	81	14190	14208
4	13	82	14208	14211
4	13	83	14213	14224
4	13	84	14225	14226
4	13	85	14226	14232
4	13	86	14233	14261
4	46	87	14261	14282
4	46	88	14283	14299
4	46	89	14299	14322
4	27	90	14322	14325
4	27	91	14325	14336
4	27	92	14337	14356
4	27	93	14355	14376
4	44	94	14377	14383
4	44	95	14383	14386
4	44	96	14386	14396
4	44	97	14397	14399
4	44	98	14400	14414
4	44	99	14415	14416
4	47	100	14416	14425
4	47	101	14424	14436
4	47	102	14437	14443
4	47	103	14443	14448
4	47	104	14448	14461
4	27	105	14461	14476
4	27	106	14476	14484
4	27	107	14484	14492
4	27	108	14493	14504
4	27	109	14505	14507
4	33	116	14523	14531
4	3	119	14564	14570
4	3	120	14570	14578
4	3	121	14579	14590
4	3	122	14590	14600
4	3	123	14601	14605
4	3	124	14606	14612
4	3	125	14613	14617
5	47	1	14617	14631
5	47	2	14632	14634
5	47	3	14634	14651
5	47	4	14652	14665
5	47	5	14665	14668
5	47	6	14669	14676
5	47	7	14676	14690
5	47	8	14691	14694
5	47	9	14695	14696
5	47	10	14697	14725
5	3	11	14725	14770
5	3	12	14770	14811
5	3	13	14810	14822
5	3	14	14822	14843
5	3	15	14844	14904
5	3	16	14904	14909
5	3	17	14909	14939
5	3	18	14940	14975
5	3	19	14974	14996
5	3	20	14997	15017
5	3	21	15018	15074
5	6	22	15075	15081
5	6	23	15081	15084
5	6	24	15084	15085
5	6	25	15086	15089
5	6	26	15089	15094
5	6	27	15095	15102
5	31	28	15101	15151
5	31	29	15152	15187
5	31	30	15187	15286
5	6	31	15286	15287
5	6	32	15288	15293
5	6	33	15292	15294
5	6	34	15294	15299
5	6	35	15300	15304
5	6	36	15304	15313
5	45	37	15312	15317
5	45	38	15318	15335
5	29	39	15336	15337
5	29	40	15338	15339
5	29	41	15340	15352
5	29	42	15353	15354
5	29	43	15356	15366
5	29	44	15367	15371
5	29	45	15374	15385
5	29	46	15385	15389
5	29	47	15390	15407
5	48	48	15409	15426
5	48	49	15427	15433
5	48	50	15434	15452
5	48	51	15453	15459
5	48	52	15460	15462
5	48	53	15463	15483
5	23	54	15484	15488
5	23	55	15489	15491
5	23	56	15491	15506
5	23	57	15505	15524
5	23	58	15524	15526
5	23	59	15529	15533
5	23	60	15532	15539
5	23	61	15540	15552
5	23	62	15553	15558
5	2	63	15558	15723
5	2	64	15724	15780
5	2	65	15781	15842
5	45	66	15841	15842
5	45	67	15842	15891
5	45	68	15892	15980
5	45	69	15981	15982
5	45	70	15983	15984
5	46	71	15984	16076
5	46	72	16077	16323
5	12	73	16323	16328
5	12	74	16327	16328
5	12	75	16328	16336
5	12	76	16336	16460
5	12	77	16461	16462
5	12	78	16463	16468
5	4	79	16470	16524
5	4	80	16523	16564
5	4	81	16565	16571
5	49	82	16574	16575
5	49	83	16575	16590
5	49	84	16591	16601
5	49	85	16602	16632
5	49	86	16633	16636
5	49	87	16636	16664
5	49	88	16665	16707
5	38	89	16707	16708
5	38	90	16708	16709
5	38	91	16710	16724
5	38	92	16725	16726
5	38	93	16726	16778
5	3	94	16779	16814
5	3	95	16814	16880
5	3	96	16880	16922
5	3	97	16923	16929
5	10	98	16928	16931
5	10	99	16930	16937
5	10	100	16938	16957
5	10	101	16957	16959
5	10	102	16960	17022
5	14	103	17022	17023
5	14	104	17023	17062
5	14	105	17061	17062
5	14	106	17064	17095
5	14	107	17096	17149
5	14	108	17150	17239
5	49	109	17240	17241
5	49	110	17243	17248
5	49	111	17248	17269
5	49	112	17270	17286
5	49	113	17287	17309
5	49	114	17310	17325
5	49	115	17326	17354
5	49	116	17355	17373
5	49	117	17374	17375
5	49	118	17375	17405
5	49	119	17405	17417
5	49	120	17418	17441
5	49	121	17442	17448
5	49	122	17449	17473
5	49	123	17474	17477
5	49	124	17477	17495
5	5	125	17496	17505
5	5	126	17505	17529
5	5	127	17530	17555
5	5	128	17554	17569
5	5	129	17571	17588
5	5	130	17589	17643
5	39	131	17643	17697
5	39	132	17698	17722
5	39	133	17722	17726
5	39	134	17726	17766
5	39	135	17766	17800
5	48	141	17830	17864
5	48	142	17867	17886
5	48	143	17887	17902
5	48	144	17903	17929
5	48	145	17930	17932
5	48	146	17933	17938
5	48	147	17939	17971
5	48	148	17972	17983
5	48	149	17984	17993
5	48	150	17993	18007
5	48	151	18008	18041
5	4	152	18041	18052
5	4	153	18053	18072
5	4	154	18072	18076
5	4	155	18076	18089
5	4	156	18090	18094
5	4	157	18094	18104
5	41	185	18318	18326
5	41	186	18327	18359
5	41	187	18360	18365
5	41	188	18366	18378
5	41	189	18378	18391
5	41	190	18392	18408
5	24	191	18408	18421
5	24	192	18423	18424
5	24	193	18424	18426
5	24	194	18426	18430
5	24	195	18430	18461
5	24	196	18461	18462
5	24	197	18463	18464
5	24	198	18463	18464
5	24	199	18465	18470
5	24	200	18471	18472
5	24	201	18475	18482
5	22	202	18483	18485
5	22	203	18486	18492
5	22	204	18492	18504
5	22	205	18505	18508
5	22	206	18508	18519
5	35	214	18543	18545
5	35	215	18546	18550
5	35	216	18550	18551
5	19	217	18553	18555
5	19	218	18554	18556
5	19	219	18557	18559
5	19	220	18560	18561
5	19	221	18562	18563
5	40	235	18616	18617
5	40	236	18617	18619
5	40	237	18619	18625
5	40	238	18627	18639
6	45	1	18679	18689
6	45	2	18690	18692
6	45	3	18692	18697
6	45	4	18698	18721
6	45	5	18722	18733
6	50	6	18733	18751
6	50	7	18752	18761
6	50	8	18761	18787
6	50	9	18786	18796
6	50	10	18797	18849
6	45	11	18849	18880
6	45	12	18881	18915
6	45	13	18916	18922
6	45	14	18923	18950
6	45	15	18951	18959
6	45	16	18958	18967
6	45	17	18968	18969
6	51	18	18969	19002
6	51	19	19003	19026
6	51	20	19027	19028
6	51	21	19029	19043
6	51	22	19043	19064
6	51	23	19065	19076
6	29	24	19076	19079
6	29	25	19079	19098
6	29	26	19099	19186
6	29	27	19187	19295
6	31	28	19295	19397
6	31	29	19398	19402
6	31	30	19403	19417
6	31	31	19418	19457
6	31	32	19458	19486
6	35	33	19486	19489
6	35	34	19490	19518
6	35	35	19518	19537
6	35	36	19538	19541
6	35	37	19542	19595
6	35	38	19595	19630
6	35	39	19630	19633
6	35	40	19633	19636
6	35	41	19637	19696
6	3	42	19697	19730
6	3	43	19729	19765
6	3	44	19765	19770
6	3	45	19769	19773
6	3	46	19775	19788
6	29	47	19788	19804
6	29	48	19805	19811
6	29	49	19812	19832
6	29	50	19832	19836
6	29	51	19836	19845
6	29	52	19846	19861
6	29	53	19862	19870
6	31	54	19871	19998
6	31	55	19998	20109
6	31	56	20110	20116
6	31	57	20117	20157
6	31	58	20159	20227
6	49	59	20227	20311
6	49	60	20311	20421
6	49	61	20422	20456
6	49	62	20457	20462
6	31	63	20463	20567
6	31	64	20568	20662
6	31	65	20663	20765
6	31	66	20766	20794
6	35	67	20794	21001
6	35	68	21002	21144
6	51	69	21144	21161
6	51	70	21162	21163
6	51	71	21166	21167
6	51	72	21168	21171
6	51	73	21172	21267
6	51	74	21268	21346
6	51	75	21347	21349
6	51	76	21350	21354
6	51	77	21353	21361
6	51	78	21362	21363
6	51	79	21363	21373
6	51	80	21374	21384
6	8	81	21384	21428
6	8	82	21431	21471
6	8	83	21472	21506
6	8	84	21507	21551
6	8	85	21552	21555
6	8	86	21555	21559
6	11	87	21559	21580
6	11	88	21580	21612
6	11	89	21614	21647
6	11	90	21647	21660
6	23	91	21660	21680
6	23	92	21682	21705
6	23	93	21705	21779
6	29	94	21778	21779
6	29	95	21779	21782
6	29	96	21783	21809
6	29	97	21811	21825
6	29	98	21826	21846
6	29	99	21847	21854
6	29	100	21855	21858
6	38	101	21858	21951
6	38	102	21952	21955
6	38	103	21956	21992
6	38	104	21993	22023
6	38	105	22023	22069
6	38	106	22069	22145
6	38	107	22146	22184
6	38	108	22185	22187
6	38	109	22186	22193
6	38	110	22194	22199
6	38	111	22200	22201
6	30	112	22201	22275
6	30	113	22276	22332
6	30	114	22333	22377
6	30	115	22378	22399
6	3	116	22399	22400
6	3	117	22400	22444
6	3	118	22444	22481
6	3	119	22481	22507
6	3	120	22508	22509
6	3	121	22510	22549
6	3	122	22549	22613
6	11	123	22613	22615
6	11	124	22615	22658
6	11	125	22659	22660
6	11	126	22660	22664
6	11	127	22665	22675
6	11	128	22676	22684
6	11	129	22685	22710
6	11	130	22711	22712
6	11	131	22713	22714
6	52	132	22714	22717
6	52	133	22718	22725
6	52	134	22725	22733
6	52	135	22733	22743
6	52	136	22743	22747
6	52	137	22746	22748
6	24	138	22747	22750
6	24	139	22751	22768
6	24	140	22769	22775
6	24	141	22776	22786
6	24	142	22787	22791
6	24	143	22792	22794
6	18	144	22795	22796
6	18	145	22795	22822
6	18	146	22822	22830
6	18	147	22830	22838
6	18	148	22838	22846
6	18	149	22847	22872
6	18	150	22873	22876
6	23	151	22876	22886
6	23	152	22887	22892
6	23	153	22893	22897
6	23	154	22897	22898
6	23	155	22899	22907
6	23	156	22907	22909
6	23	157	22912	22918
6	23	158	22920	22936
6	23	159	22936	22937
6	23	160	22938	22940
6	11	161	22939	22958
6	11	162	22959	22969
6	11	163	22970	22979
6	11	164	22980	22989
6	11	165	22990	23026
6	12	166	23026	23028
6	12	167	23028	23029
6	12	168	23030	23032
6	12	169	23032	23039
6	12	170	23039	23047
6	12	171	23046	23054
6	12	172	23056	23059
6	12	173	23061	23065
6	40	174	23065	23082
6	40	175	23082	23097
6	40	176	23097	23101
6	40	177	23102	23109
6	40	178	23109	23124
6	40	179	23123	23143
6	32	180	23143	23148
6	32	181	23149	23153
6	32	182	23153	23155
6	32	183	23155	23157
6	32	184	23157	23164
6	32	185	23164	23171
6	32	186	23172	23195
6	32	187	23194	23208
6	53	188	23207	23209
6	53	189	23210	23225
6	53	190	23225	23231
6	53	191	23232	23243
6	53	192	23244	23247
6	53	193	23248	23266
6	42	194	23268	23288
6	42	195	23287	23302
6	42	196	23302	23308
6	42	197	23310	23329
6	42	198	23329	23347
6	42	199	23348	23350
6	42	200	23350	23353
6	12	206	23418	23423
6	12	207	23424	23426
6	12	208	23427	23429
6	12	209	23430	23432
6	12	210	23432	23436
6	12	211	23437	23439
6	12	212	23440	23446
6	12	213	23447	23449
6	12	214	23450	23451
6	52	215	23451	23458
6	52	216	23459	23466
6	52	217	23466	23470
6	52	218	23471	23480
6	52	219	23481	23485
6	12	220	23485	23489
6	12	221	23491	23494
6	12	222	23495	23497
6	12	223	23498	23500
6	12	224	23501	23503
6	12	225	23504	23505
6	12	226	23508	23509
6	12	227	23510	23519
6	37	228	23520	23533
6	37	229	23533	23542
6	37	230	23542	23550
6	37	231	23552	23561
6	37	232	23562	23580
6	37	233	23581	23585
6	37	234	23586	23589
6	37	235	23588	23590
6	37	236	23591	23635
6	16	237	23635	23641
6	16	238	23641	23647
6	16	239	23647	23655
6	30	240	23655	23692
6	30	241	23692	23714
6	30	242	23715	23719
6	30	243	23720	23732
6	30	244	23733	23740
6	30	245	23742	23765
6	54	246	23769	23780
6	54	247	23780	23788
6	54	248	23788	23792
6	54	249	23791	23792
6	29	250	23793	23811
6	29	251	23812	23816
6	29	252	23817	23835
6	29	253	23836	23856
6	29	254	23859	23869
6	29	255	23870	23875
6	3	256	23875	23892
6	3	257	23892	23906
6	3	258	23906	23917
6	3	259	23919	23922
6	3	260	23923	23958
6	55	261	23958	23976
6	55	262	23976	23993
6	55	263	23993	24005
6	55	264	24006	24016
6	55	265	24018	24025
6	55	266	24026	24035
6	19	272	24135	24157
6	19	273	24158	24194
6	19	274	24195	24217
6	23	279	24238	24269
6	23	280	24269	24273
6	23	281	24274	24295
6	23	282	24295	24296
6	19	283	24296	24297
6	19	284	24297	24304
6	19	285	24305	24315
6	19	286	24315	24330
6	19	287	24330	24352
6	19	288	24352	24361
6	19	289	24360	24375
7	23	1	24377	24380
7	23	2	24380	24395
7	23	3	24395	24410
7	23	4	24410	24417
7	23	5	24418	24419
7	23	6	24420	24447
7	23	7	24446	24453
7	36	8	24455	24477
7	36	9	24478	24535
7	36	10	24534	24548
7	36	11	24549	24613
7	51	12	24613	24636
7	51	13	24637	24654
7	51	14	24656	24685
7	51	15	24686	24687
7	51	16	24688	24707
7	13	17	24710	24711
7	13	18	24711	24758
7	13	19	24758	24759
7	13	20	24760	24782
7	13	21	24783	24817
7	13	22	24818	24837
7	13	23	24838	24864
7	52	24	24863	24870
7	52	25	24871	24877
7	52	26	24878	24881
7	52	27	24882	24886
7	52	28	24886	24889
7	23	29	24890	24893
7	23	30	24895	24933
7	23	31	24933	24947
7	23	32	24948	24971
7	23	33	24972	25004
7	23	34	25005	25019
7	26	35	25018	25029
7	26	36	25029	25037
7	26	37	25037	25053
7	26	38	25053	25063
7	26	39	25064	25070
7	50	40	25070	25075
7	50	41	25075	25098
7	50	42	25097	25113
7	49	43	25112	25121
7	49	44	25122	25143
7	49	45	25144	25165
7	49	46	25166	25182
7	49	47	25183	25185
7	49	48	25188	25191
7	24	55	25243	25427
7	24	56	25428	25434
7	24	57	25435	25513
7	24	58	25513	25553
7	8	59	25554	25557
7	8	60	25556	25559
7	8	61	25559	25561
7	20	75	26503	26504
7	20	76	26504	26508
7	20	77	26509	26510
7	20	78	26513	26523
7	20	79	26524	26542
7	8	80	26542	26545
7	8	81	26544	26558
7	8	82	26560	26564
7	8	83	26568	26573
7	8	84	26573	26583
7	40	85	26583	26585
7	40	86	26586	26617
7	40	87	26618	26673
7	40	88	26674	26686
7	40	89	26687	26688
7	40	90	26689	26690
7	8	99	26766	26767
7	8	100	26769	26788
7	8	101	26788	26797
7	8	102	26798	26801
7	8	103	26802	26805
7	19	132	27370	27399
7	19	133	27401	27404
7	19	134	27406	27426
7	28	135	27426	27465
7	28	136	27465	27467
7	28	137	27467	27473
7	28	138	27473	27483
7	56	153	27689	27699
7	56	154	27701	27713
7	56	155	27714	27722
7	56	156	27723	27733
7	56	157	27734	27739
7	56	158	27741	27770
7	52	159	27771	27797
7	52	160	27798	27822
7	52	161	27822	27836
7	52	162	27837	27866
7	0	164	27872	27875
7	0	165	27876	27887
7	0	166	27888	27892
7	0	167	27892	27917
7	0	168	27918	27937
7	8	169	27937	27946
7	8	170	27947	27954
7	8	171	27955	27966
7	8	172	27967	27979
7	8	173	27981	27993
8	28	1	27992	27996
8	28	2	27997	27999
8	28	3	27999	28001
8	28	4	28001	28002
8	28	5	28001	28007
8	28	6	28007	28010
8	28	7	28011	28015
8	28	8	28016	28021
8	28	9	28020	28029
8	31	10	28030	28055
8	31	11	28055	28070
8	31	12	28070	28093
8	31	13	28094	28127
8	31	14	28127	28159
8	31	15	28159	28167
8	27	16	28168	28211
8	27	17	28210	28211
8	27	18	28212	28223
8	27	19	28224	28228
8	27	20	28229	28257
8	46	21	28257	28297
8	46	22	28297	28328
8	46	23	28328	28349
8	46	24	28349	28354
8	46	25	28355	28406
8	47	26	28406	28422
8	47	27	28422	28452
8	47	28	28452	28475
8	47	29	28475	28498
8	27	30	28499	28542
8	27	31	28542	28568
8	27	32	28569	28601
8	27	33	28602	28612
8	3	34	28612	28625
8	3	35	28626	28632
8	3	36	28632	28644
8	3	37	28644	28654
8	4	38	28654	28669
8	4	39	28670	28682
8	4	40	28683	28684
8	4	41	28685	28705
8	13	42	28705	28708
8	13	43	28709	28723
8	13	44	28724	28734
8	13	45	28735	28736
8	13	46	28737	28758
8	13	47	28759	28788
8	39	48	28788	28792
8	39	49	28792	28802
8	39	50	28803	28804
8	39	51	28805	28806
8	39	52	28807	28813
8	39	53	28814	28815
8	49	54	28815	28897
8	49	55	28898	29000
8	49	56	29001	29083
8	49	57	29084	29091
8	49	58	29091	29092
8	3	59	29093	29121
8	3	60	29122	29177
8	3	61	29178	29179
8	3	62	29179	29265
8	12	63	29265	29268
8	12	64	29268	29360
8	12	65	29361	29364
8	12	66	29365	29540
8	12	67	29541	29553
8	12	68	29554	29569
8	12	69	29569	29572
8	29	70	29572	29574
8	29	71	29574	29581
8	29	72	29581	29582
8	29	73	29582	29587
8	29	74	29588	29591
8	29	75	29592	29596
8	29	76	29597	29612
8	29	77	29613	29673
8	6	78	29674	29680
8	6	79	29679	29680
8	6	80	29681	29682
8	6	81	29683	29687
8	6	82	29687	29691
8	12	83	29692	29695
8	12	84	29696	29697
8	12	85	29698	29702
8	12	86	29703	29709
8	12	87	29712	29713
8	12	88	29714	29723
8	12	89	29724	29725
8	12	90	29726	29729
8	31	91	29729	29766
8	31	92	29766	29783
8	31	93	29784	29811
8	31	94	29811	29829
8	31	95	29829	29896
8	19	96	29897	29898
8	19	97	29898	29908
8	19	98	29908	29917
8	19	99	29916	29918
8	19	100	29917	29922
8	19	101	29922	29966
8	2	102	29965	29966
8	2	103	29967	29988
8	2	104	29988	29989
8	2	105	29990	30032
8	2	106	30033	30041
8	2	107	30042	30046
8	57	108	30046	30060
8	57	109	30060	30093
8	57	110	30094	30127
8	57	111	30127	30131
8	31	112	30131	30174
8	31	113	30175	30191
8	31	114	30192	30207
8	31	115	30208	30226
8	31	116	30227	30249
8	31	117	30250	30259
8	31	118	30258	30281
8	8	119	30281	30310
8	8	120	30312	30328
8	8	121	30328	30346
8	8	122	30347	30385
8	8	123	30385	30387
8	8	124	30388	30415
8	8	125	30417	30419
8	8	126	30420	30422
8	8	127	30422	30423
8	8	128	30424	30425
8	28	129	30425	30445
8	28	130	30445	30453
8	28	131	30453	30456
8	28	132	30456	30476
8	28	133	30477	30488
8	46	134	30489	30526
8	46	135	30526	30550
8	46	136	30551	30574
8	46	137	30574	30607
8	46	138	30607	30609
8	46	139	30608	30616
8	19	140	30616	30622
8	19	141	30621	30622
8	19	142	30621	30628
8	19	143	30627	30632
8	19	144	30631	30633
8	19	145	30632	30638
8	19	146	30638	30647
8	19	147	30648	30649
8	19	148	30650	30651
8	5	149	30650	30664
8	5	150	30665	30669
8	5	151	30670	30672
8	5	152	30672	30675
8	5	153	30674	30676
8	5	154	30677	30680
8	5	155	30681	30684
8	5	156	30685	30698
8	5	157	30699	30713
8	8	158	30712	30714
8	8	159	30714	30717
8	8	160	30719	30726
8	8	161	30728	30734
8	8	162	30736	30738
8	8	163	30740	30744
8	8	164	30746	30748
8	8	165	30747	30760
8	45	166	30763	30765
8	45	167	30765	30776
8	45	168	30776	30779
8	45	169	30780	30786
8	45	170	30787	30796
8	45	171	30797	30801
8	5	172	30802	30808
8	5	173	30809	30812
8	5	174	30812	30817
8	5	175	30817	30822
8	5	176	30821	30829
8	5	177	30828	30838
8	5	178	30839	30844
8	5	179	30845	30849
8	5	180	30850	30854
8	20	181	30855	30864
8	20	182	30865	30867
8	20	183	30867	30876
8	20	184	30876	30882
8	20	185	30882	30890
8	20	186	30891	30928
8	20	187	30929	30930
8	20	188	30931	30932
8	20	189	30933	30934
8	20	190	30935	30936
8	20	191	30935	30936
8	53	192	30937	30938
8	53	193	30939	30940
8	53	194	30940	30941
8	53	195	30942	30944
8	53	196	30945	30950
8	53	197	30952	30955
8	53	198	30956	30957
8	53	199	30958	30960
8	53	200	30960	30965
8	39	201	30965	30975
8	39	202	30975	30978
8	39	203	30979	30981
8	39	204	30981	30983
8	39	205	30984	30986
8	39	206	30985	30990
8	39	207	30990	30999
8	15	208	31000	31002
8	15	209	31003	31005
8	15	210	31005	31009
8	15	211	31008	31011
8	15	212	31010	31012
8	15	213	31012	31036
8	3	214	31036	31039
8	3	215	31039	31043
8	3	216	31044	31048
8	3	217	31048	31052
8	3	218	31053	31056
8	3	219	31056	31067
8	3	220	31066	31068
8	3	221	31069	31073
8	27	222	31075	31082
8	27	223	31083	31088
8	27	224	31088	31091
8	27	225	31092	31094
8	27	226	31094	31102
8	58	227	31102	31113
8	58	228	31113	31120
8	58	229	31121	31124
8	58	230	31123	31138
8	58	231	31138	31146
8	58	232	31147	31159
8	13	236	31212	31227
8	13	237	31228	31232
8	13	238	31233	31242
8	13	239	31242	31254
8	13	240	31255	31260
8	19	241	31259	31261
8	19	242	31262	31283
8	19	243	31283	31293
8	19	244	31293	31313
8	19	245	31313	31333
8	19	246	31332	31343
8	45	247	31342	31356
8	45	248	31357	31361
8	45	249	31362	31389
8	45	250	31390	31396
8	45	251	31397	31428
8	59	252	31429	31434
8	59	253	31435	31437
8	59	254	31438	31440
8	59	255	31441	31445
8	59	256	31448	31450
8	59	257	31451	31453
8	58	258	31453	31474
8	58	259	31474	31492
8	58	260	31493	31503
8	58	261	31503	31517
8	29	262	31518	31537
8	29	263	31537	31543
8	29	264	31545	31577
8	29	265	31578	31580
8	29	266	31584	31588
8	29	267	31588	31589
8	8	268	31590	31594
8	8	269	31594	31595
8	8	270	31595	31629
8	8	271	31630	31647
8	8	272	31648	31655
8	5	273	31654	31659
8	5	274	31660	31662
8	5	275	31663	31667
8	5	276	31668	31669
8	5	277	31669	31670
8	5	278	31670	31680
8	5	279	31681	31686
8	5	280	31686	31689
8	2	281	31688	31704
8	2	282	31705	31709
8	2	283	31710	31711
8	2	284	31712	31744
8	40	290	31807	31809
8	40	291	31808	31821
8	40	292	31821	31837
9	14	1	31836	31838
9	14	2	31838	31845
9	14	3	31846	31847
9	14	4	31850	31853
9	14	5	31854	31855
9	14	6	31856	31857
9	14	7	31858	31866
9	14	8	31867	31874
9	14	9	31873	31914
9	14	10	31915	31918
9	60	11	31919	31939
9	60	12	31939	31952
9	60	13	31953	32006
9	60	14	32007	32013
9	60	15	32013	32055
9	60	16	32057	32068
9	60	17	32069	32095
9	60	18	32094	32129
9	60	19	32130	32159
9	60	20	32161	32188
9	60	21	32188	32206
9	60	22	32206	32260
9	60	23	32261	32349
9	60	24	32349	32411
9	60	25	32411	32458
9	60	26	32457	32459
9	60	27	32460	32517
9	50	28	32518	32558
9	50	29	32559	32599
9	50	30	32598	32637
9	50	31	32636	32676
9	52	32	32676	32684
9	52	33	32684	32692
9	52	34	32692	32700
9	52	35	32700	32709
9	52	36	32710	32714
9	60	37	32714	32773
9	60	38	32773	32775
9	60	39	32775	32785
9	37	40	32786	32787
9	37	41	32787	32814
9	37	42	32815	32850
9	37	43	32851	32858
9	37	44	32859	32903
9	37	45	32908	32911
9	26	46	32911	32912
9	26	47	32912	32915
9	26	48	32916	32938
9	26	49	32938	32953
9	26	50	32952	32983
9	11	51	32982	32988
9	11	52	32989	33034
9	11	53	33035	33132
9	52	54	33132	33133
9	52	55	33133	33139
9	52	56	33139	33143
9	52	57	33144	33152
9	52	58	33153	33158
9	52	59	33158	33163
9	49	60	33163	33165
9	49	61	33165	33307
9	49	62	33308	33312
9	49	63	33313	33408
9	49	64	33410	33425
9	10	65	33427	33428
9	10	66	33427	33625
9	10	67	33626	33772
9	52	68	33773	33777
9	52	69	33777	33781
9	52	70	33782	33785
9	52	71	33785	33789
9	52	72	33789	33797
9	19	73	33796	33797
9	19	74	33797	33842
9	19	75	33842	33892
9	19	76	33892	33946
9	19	77	33946	34014
9	14	78	34014	34015
9	14	79	34015	34022
9	14	80	34023	34120
9	14	81	34121	34137
9	14	82	34137	34174
9	11	83	34175	34186
9	11	84	34187	34223
9	11	85	34224	34280
9	11	86	34281	34319
9	11	87	34320	34347
9	11	88	34348	34353
9	49	89	34353	34378
9	49	90	34379	34395
9	49	91	34396	34410
9	49	92	34411	34423
9	49	93	34424	34426
9	49	94	34427	34452
9	49	95	34452	34472
9	52	96	34473	34478
9	52	97	34478	34488
9	52	98	34488	34494
9	52	99	34494	34498
9	52	100	34498	34499
9	52	101	34500	34512
9	11	102	34512	34513
9	11	103	34513	34554
9	11	104	34555	34588
9	11	105	34589	34603
9	11	106	34604	34632
9	11	107	34633	34650
9	11	108	34651	34658
9	55	109	34660	34691
9	55	110	34691	34721
9	55	111	34721	34750
9	55	112	34753	34804
9	61	113	34805	34806
9	61	114	34806	34848
9	61	115	34848	34867
9	61	116	34867	34883
9	61	117	34883	34929
9	61	118	34929	34940
9	61	119	34941	34947
9	61	120	34948	34951
9	2	121	34950	34961
9	2	122	34962	34974
9	2	123	34975	35013
9	14	124	35013	35014
9	14	125	35014	35018
9	14	126	35018	35037
9	14	127	35038	35140
9	12	128	35141	35144
9	12	129	35145	35164
9	12	130	35165	35168
9	12	131	35169	35173
9	12	132	35174	35178
9	12	133	35178	35180
9	12	134	35180	35184
9	12	135	35185	35187
9	12	136	35188	35190
9	12	137	35191	35195
9	61	138	35195	35206
9	61	139	35208	35213
9	61	140	35214	35216
9	61	141	35216	35227
9	61	142	35226	35232
9	61	143	35232	35237
9	61	144	35236	35243
9	61	145	35242	35260
9	53	146	35260	35262
9	53	147	35262	35263
9	53	148	35262	35288
9	53	149	35289	35290
9	53	150	35290	35304
9	53	151	35305	35348
9	46	152	35350	35362
9	46	153	35363	35384
9	46	154	35383	35387
9	46	155	35387	35398
9	0	156	35398	35400
9	0	157	35401	35411
9	18	158	35411	35412
9	18	159	35412	35427
9	18	160	35428	35429
9	18	161	35431	35439
9	18	162	35439	35440
9	18	163	35440	35441
9	18	164	35441	35457
9	18	165	35458	35462
9	62	166	35464	35484
9	62	167	35484	35492
9	62	168	35493	35504
9	62	169	35504	35512
9	62	170	35512	35518
9	62	171	35518	35526
9	62	172	35527	35528
9	62	173	35529	35535
9	45	174	35535	35537
9	45	175	35538	35554
9	45	176	35555	35580
9	45	177	35581	35592
9	30	178	35595	35605
9	30	179	35607	35617
9	30	180	35617	35645
9	30	181	35645	35695
9	30	182	35696	35697
9	30	183	35698	35748
9	29	184	35749	35750
9	29	185	35750	35751
9	29	186	35751	35755
9	29	187	35756	35758
9	29	188	35757	35758
9	29	189	35758	35762
9	29	190	35763	35772
9	48	191	35773	35789
9	48	192	35789	35803
9	48	193	35804	35805
9	48	194	35806	35814
9	48	195	35815	35817
9	48	196	35817	35835
9	14	197	35836	35840
9	14	198	35841	35849
9	14	199	35851	35867
9	14	200	35867	35872
9	14	201	35872	35873
9	14	202	35873	35875
9	14	203	35875	35882
9	14	204	35883	35886
9	14	205	35887	35908
9	14	206	35909	35922
9	14	207	35923	35940
9	14	208	35939	35972
9	55	209	35972	35976
9	55	210	35976	35984
9	55	211	35984	35998
9	55	212	35999	36012
9	55	213	36012	36020
9	55	214	36020	36028
9	55	215	36029	36052
9	55	216	36052	36058
9	55	217	36059	36069
9	2	218	36070	36078
9	2	219	36079	36089
9	2	220	36090	36112
9	2	221	36113	36128
9	55	222	36129	36130
9	55	223	36129	36166
9	55	224	36167	36191
9	55	225	36192	36196
9	55	226	36196	36215
9	55	227	36216	36223
9	63	228	36223	36225
9	63	229	36225	36242
9	63	230	36242	36244
9	63	231	36244	36276
9	63	232	36276	36310
9	63	233	36310	36326
9	63	234	36326	36340
9	24	235	36340	36346
9	24	236	36347	36351
9	24	237	36352	36359
9	24	238	36360	36362
9	24	239	36363	36365
9	8	240	36366	36399
9	8	241	36400	36410
9	8	242	36411	36423
9	8	243	36423	36424
9	8	244	36425	36445
9	11	245	36447	36484
9	11	246	36485	36499
9	11	247	36499	36528
9	11	248	36528	36542
9	2	256	36574	36590
9	2	257	36591	36597
9	2	258	36598	36599
9	2	259	36600	36606
9	2	260	36607	36626
9	2	261	36628	36650
9	14	262	36650	36651
9	14	263	36651	36652
9	14	264	36653	36662
9	14	265	36663	36671
9	14	266	36672	36679
9	14	267	36680	36706
9	14	268	36707	36718
9	14	269	36717	36726
9	8	270	36727	36763
9	8	271	36763	36815
9	11	272	36816	36821
9	11	273	36821	36824
9	11	274	36825	36847
9	11	275	36848	36856
9	11	276	36857	36860
