0	0	1	0	6
0	0	2	6	20
0	0	3	20	21
0	0	4	22	38
0	0	5	38	39
0	0	6	40	44
0	0	7	44	48
0	1	8	50	64
0	1	9	65	76
0	1	10	77	92
0	1	11	93	124
0	1	12	125	126
0	1	13	127	154
0	0	14	155	179
0	0	15	179	206
0	0	16	206	229
0	0	17	229	232
0	0	18	232	234
0	0	19	235	260
0	2	20	261	262
0	2	21	261	278
0	2	22	279	288
0	2	23	289	290
0	2	24	291	306
0	2	25	307	316
0	2	26	316	343
0	3	27	344	351
0	3	28	352	373
0	3	29	374	381
0	3	30	382	414
0	4	31	414	416
0	4	32	415	460
0	4	33	461	506
0	4	34	508	549
0	4	35	550	551
0	4	36	552	586
0	5	37	586	602
0	5	38	603	623
0	5	39	624	625
0	5	40	626	629
0	5	41	630	640
0	5	42	641	674
0	6	43	675	679
0	6	44	679	686
0	6	45	686	688
0	6	46	689	691
0	6	47	691	698
0	7	48	702	710
0	7	49	711	712
0	7	50	713	714
0	7	51	715	716
0	7	52	719	723
0	7	53	724	725
0	8	54	725	728
0	8	55	727	742
0	8	56	744	757
0	8	57	757	781
0	8	58	784	790
0	8	59	790	793
0	9	60	794	796
0	9	61	795	844
0	9	62	847	848
0	9	63	850	991
0	10	70	1040	1190
0	10	71	1191	1194
0	10	72	1196	1261
0	11	73	1262	1263
0	11	74	1262	1295
0	11	75	1295	1448
0	12	76	1452	1458
0	12	77	1459	1463
0	12	78	1464	1465
0	3	79	1466	1485
0	3	80	1485	1500
0	3	81	1500	1516
0	3	82	1517	1540
0	3	83	1541	1568
0	13	84	1569	1571
0	13	85	1570	1595
0	13	86	1596	1639
0	13	87	1641	1669
0	13	88	1670	1698
0	14	89	1698	1699
0	14	90	1698	1737
0	14	91	1736	1745
0	14	92	1746	1751
0	14	93	1752	1782
0	12	94	1783	1786
0	12	95	1787	1802
0	12	96	1803	1812
0	12	97	1814	1818
0	12	98	1820	1826
0	12	99	1827	1834
0	12	100	1835	1836
0	15	101	1837	1853
0	15	102	1854	1878
0	15	103	1879	1889
0	15	104	1890	1891
0	15	105	1892	1897
0	15	106	1898	1946
0	15	107	1947	1952
0	5	108	1953	1954
0	5	109	1956	1969
0	5	110	1972	1990
0	5	111	1992	2011
0	5	112	2012	2031
0	5	113	2033	2058
0	5	114	2059	2085
0	13	115	2085	2132
0	13	116	2133	2152
0	13	117	2153	2207
0	13	118	2207	2241
0	13	119	2241	2248
0	13	120	2250	2251
0	16	121	2253	2258
0	16	122	2259	2260
0	16	123	2261	2262
0	16	124	2262	2278
0	16	125	2279	2280
0	16	126	2280	2281
0	16	127	2281	2282
0	16	128	2283	2284
0	17	129	2284	2287
0	17	130	2287	2300
0	17	131	2302	2306
0	17	132	2307	2316
0	17	133	2317	2318
0	17	134	2319	2328
0	17	135	2330	2349
0	18	136	2350	2368
0	18	137	2369	2370
0	18	138	2370	2376
0	18	139	2377	2382
0	18	140	2384	2385
0	18	141	2386	2399
0	18	142	2402	2403
0	3	143	2404	2418
0	3	144	2420	2425
0	3	145	2425	2429
0	3	146	2430	2451
0	19	147	2451	2463
0	19	148	2464	2466
0	19	149	2466	2471
0	19	150	2471	2472
0	19	151	2472	2474
0	19	152	2476	2477
0	19	153	2476	2479
0	20	154	2479	2480
0	20	155	2479	2526
0	20	156	2525	2528
0	20	157	2531	2550
0	20	158	2553	2561
0	20	159	2561	2584
0	20	160	2585	2586
0	20	161	2587	2590
0	18	162	2591	2594
0	18	163	2597	2601
0	18	164	2601	2603
0	18	165	2603	2607
0	18	166	2608	2613
0	18	167	2616	2619
0	18	168	2620	2621
0	21	169	2622	2623
0	21	170	2624	2625
0	21	171	2626	2630
0	21	172	2631	2638
0	21	173	2639	2640
0	21	174	2641	2651
0	21	175	2653	2668
0	15	176	2670	2672
0	15	177	2674	2675
0	15	178	2676	2680
0	15	179	2680	2684
0	15	180	2685	2686
0	15	181	2687	2688
0	15	182	2689	2690
0	15	183	2689	2695
0	13	184	2698	2711
0	13	185	2712	2716
0	13	186	2716	2719
0	13	187	2718	2726
0	13	188	2725	2726
0	13	189	2728	2737
0	19	190	2737	2744
0	19	191	2744	2754
0	19	192	2754	2761
0	19	193	2761	2763
0	19	194	2762	2764
0	19	195	2764	2786
0	13	196	2786	2792
0	13	197	2793	2798
0	13	198	2799	2812
0	13	199	2813	2852
0	19	200	2853	2859
0	19	201	2859	2866
0	19	202	2866	2867
0	19	203	2867	2887
0	22	204	2887	2892
0	22	205	2893	2896
0	22	206	2895	2897
0	22	207	2897	2900
0	22	208	2902	2910
0	22	209	2910	2923
0	22	210	2923	2925
0	23	211	2925	2945
0	23	212	2946	2950
0	23	213	2952	2955
0	23	214	2956	2962
0	23	215	2963	2964
0	23	216	2966	2974
0	23	217	2976	2981
0	0	218	2982	2984
0	0	219	2985	3005
0	0	220	3007	3012
0	0	221	3013	3056
0	22	222	3058	3062
0	22	223	3065	3071
0	22	224	3070	3077
0	22	225	3077	3088
0	22	226	3089	3092
0	22	227	3094	3098
0	22	228	3099	3102
0	24	229	3102	3110
0	24	230	3113	3115
0	24	231	3116	3119
0	24	232	3120	3122
0	24	233	3123	3128
0	4	234	3130	3142
0	4	235	3142	3146
0	4	236	3146	3151
0	4	237	3152	3153
0	4	238	3154	3156
0	4	239	3157	3169
0	4	240	3168	3169
0	4	241	3170	3171
0	25	242	3172	3176
0	25	243	3177	3181
0	22	244	3186	3192
0	22	245	3194	3195
0	22	246	3196	3200
0	22	247	3201	3203
0	22	248	3203	3206
0	22	249	3207	3208
0	22	250	3210	3219
0	26	251	3219	3222
0	26	252	3221	3224
0	26	253	3224	3228
0	26	254	3228	3232
0	26	255	3233	3238
0	26	256	3238	3243
0	26	257	3243	3260
0	27	266	3317	3328
0	27	267	3329	3350
0	27	268	3350	3352
0	27	269	3352	3353
0	27	270	3353	3362
0	27	271	3362	3363
0	27	272	3364	3385
0	27	273	3387	3407
0	3	274	3408	3430
0	3	275	3431	3435
0	3	276	3439	3446
0	3	277	3445	3449
0	3	278	3450	3469
0	3	279	3468	3472
0	28	280	3473	3474
0	28	281	3474	3484
0	28	282	3485	3492
0	28	283	3493	3502
0	28	284	3503	3514
0	28	285	3515	3516
0	28	286	3517	3518
0	29	287	3520	3531
0	29	288	3533	3542
0	29	289	3544	3553
0	29	290	3555	3566
0	29	291	3568	3573
0	29	292	3574	3582
0	29	293	3583	3589
0	30	294	3590	3595
0	30	295	3595	3600
0	30	296	3600	3603
0	30	297	3604	3607
0	30	298	3607	3608
1	31	4	3630	3636
1	31	5	3637	3639
1	31	6	3639	3650
1	31	7	3651	3657
1	31	8	3657	3662
1	31	9	3661	3665
1	27	10	3666	3668
1	27	11	3669	3671
1	27	12	3671	3674
1	27	13	3675	3679
1	27	14	3680	3681
1	30	15	3681	3682
1	30	16	3683	3692
1	30	17	3693	3709
1	30	18	3709	3711
1	30	19	3712	3721
1	30	20	3721	3736
1	29	31	3963	4010
1	29	32	4010	4022
1	29	33	4024	4027
1	29	34	4028	4034
1	29	35	4035	4046
1	29	36	4047	4055
1	3	37	4056	4057
1	3	38	4056	4063
1	3	39	4063	4070
1	3	40	4072	4079
1	3	41	4080	4081
1	3	42	4083	4107
1	32	43	4108	4109
1	32	44	4109	4111
1	32	45	4112	4114
1	32	46	4115	4117
1	32	47	4119	4124
1	32	48	4124	4126
1	32	49	4127	4130
1	29	53	4199	4212
1	10	59	4276	4322
1	10	60	4322	4418
1	33	73	4666	4696
1	33	74	4698	4709
1	33	75	4711	4721
1	33	76	4722	4724
1	33	77	4723	4773
1	33	78	4774	4869
1	17	79	4868	4888
2	2	1	4890	4892
2	2	2	4893	4895
2	2	3	4896	4900
2	2	4	4901	4905
2	2	5	4906	4918
2	2	6	4919	4927
2	2	7	4928	4934
2	2	8	4935	4939
2	2	9	4940	4945
2	2	10	4946	4955
2	2	11	4956	4976
2	2	12	4977	4989
2	34	13	4990	4994
2	34	14	4995	4996
2	34	15	4997	5001
2	34	16	5001	5002
2	34	17	5003	5004
2	34	18	5005	5009
2	34	19	5010	5013
2	34	20	5014	5018
2	34	21	5019	5021
2	34	22	5022	5026
2	34	23	5026	5027
2	34	24	5026	5030
2	34	25	5031	5033
2	34	26	5034	5038
2	34	27	5039	5041
2	34	28	5042	5044
2	34	29	5045	5046
2	34	30	5046	5049
2	35	31	5049	5083
2	35	32	5085	5149
2	35	33	5151	5152
2	35	34	5153	5154
2	35	35	5156	5177
2	36	36	5178	5184
2	36	37	5186	5193
2	36	38	5195	5215
2	36	39	5216	5217
2	36	40	5219	5226
2	36	41	5227	5246
2	8	42	5245	5246
2	8	43	5246	5263
2	8	44	5265	5282
2	8	45	5284	5332
2	5	46	5334	5336
2	5	47	5337	5353
2	5	48	5353	5363
2	5	49	5365	5378
2	5	50	5380	5385
2	10	51	5386	5392
2	10	52	5392	5394
2	10	53	5393	5399
2	10	54	5400	5407
2	5	55	5406	5414
2	5	56	5416	5423
2	5	57	5425	5462
2	5	58	5463	5525
2	5	59	5525	5528
2	2	60	5528	5544
2	2	61	5545	5547
2	2	62	5548	5552
2	14	63	5553	5554
2	30	64	5554	5556
2	30	65	5555	5559
2	30	66	5559	5563
2	30	67	5564	5568
2	30	68	5568	5581
2	2	69	5584	5592
2	2	70	5591	5593
2	2	71	5594	5630
2	2	72	5632	5739
2	2	73	5740	5767
2	2	74	5768	5776
2	2	75	5777	5786
2	2	76	5787	5795
2	2	77	5797	5800
2	2	78	5801	5812
2	2	79	5814	5832
2	2	80	5832	5834
2	2	81	5835	5837
2	19	82	5838	5870
2	19	83	5869	5887
2	19	84	5889	5904
2	19	85	5904	5919
2	19	86	5919	5950
2	37	87	5951	5955
2	37	88	5957	5962
2	37	89	5964	5974
2	37	90	5975	5981
2	37	91	5982	5990
2	37	92	5992	6000
2	31	93	6000	6041
2	31	94	6043	6054
2	5	95	6056	6093
2	5	96	6094	6155
2	5	97	6154	6156
2	5	98	6157	6159
2	28	99	6160	6164
2	28	100	6165	6172
2	28	101	6173	6178
2	27	102	6179	6186
2	27	103	6185	6198
2	27	104	6200	6242
2	27	105	6244	6258
2	27	106	6259	6290
2	19	107	6291	6328
2	19	108	6328	6340
2	19	109	6339	6389
2	19	110	6388	6390
2	19	111	6390	6404
2	8	112	6404	6429
2	8	113	6428	6442
2	8	114	6443	6487
2	8	115	6488	6522
2	8	116	6524	6537
2	8	117	6538	6555
2	8	118	6556	6560
2	8	119	6562	6567
2	8	120	6568	6575
2	8	121	6577	6579
2	8	122	6578	6582
2	8	123	6581	6598
2	38	124	6599	6613
2	38	125	6614	6616
2	38	126	6617	6624
2	38	127	6625	6644
2	38	128	6644	6647
2	39	129	6648	6656
2	39	130	6656	6662
2	39	131	6663	6674
2	39	132	6675	6678
2	39	133	6678	6680
2	40	134	6684	6688
2	40	135	6687	6689
2	40	136	6690	6694
2	40	137	6695	6696
2	40	138	6697	6702
2	40	139	6703	6705
2	40	140	6706	6707
2	40	141	6707	6713
2	40	142	6714	6715
2	41	143	6717	6719
2	41	144	6718	6721
2	41	145	6722	6727
2	41	146	6729	6732
2	41	147	6733	6735
2	41	148	6737	6738
2	41	149	6740	6743
2	41	150	6745	6746
2	41	151	6747	6761
2	17	152	6761	6765
2	17	153	6766	6767
2	39	154	6769	6777
2	39	155	6778	6779
2	39	156	6782	6788
2	39	157	6789	6790
2	39	158	6789	6791
2	39	159	6791	6800
2	39	160	6801	6812
2	5	165	6851	6852
2	5	166	6852	6862
2	5	167	6862	6867
2	5	168	6868	6869
2	5	169	6870	6871
2	5	170	6872	6873
2	5	171	6873	6875
2	5	172	6875	6879
2	42	181	6910	6918
2	42	182	6920	6928
2	42	183	6928	6932
2	42	184	6934	6948
2	42	185	6950	6993
2	22	186	6994	7003
2	22	187	7005	7012
2	22	188	7013	7019
2	22	189	7021	7044
2	22	190	7044	7074
2	43	204	7136	7148
2	43	205	7149	7153
2	43	206	7155	7160
2	43	207	7162	7163
3	38	1	7301	7302
3	38	2	7302	7315
3	38	3	7315	7338
3	38	4	7339	7353
3	38	5	7354	7366
3	38	6	7367	7380
3	38	7	7383	7418
3	26	8	7419	7449
3	26	9	7450	7472
3	26	10	7473	7510
3	26	11	7510	7548
3	26	12	7548	7576
3	36	13	7577	7588
3	36	14	7589	7616
3	36	15	7617	7656
3	36	16	7656	7693
3	36	17	7693	7722
3	36	18	7722	7744
3	37	19	7745	7765
3	37	20	7766	7793
3	37	21	7793	7826
3	37	22	7827	7843
3	37	23	7844	7930
3	37	24	7930	7986
3	37	25	7987	8013
3	37	26	8014	8149
3	36	27	8150	8163
3	36	28	8165	8197
3	36	29	8198	8237
3	36	30	8238	8292
3	36	31	8293	8295
3	36	32	8296	8355
3	10	33	8356	8357
3	10	34	8358	8377
3	10	35	8378	8379
3	10	36	8380	8406
3	10	37	8406	8408
3	39	38	8408	8427
3	39	39	8427	8447
3	39	40	8448	8451
3	39	41	8453	8488
3	39	42	8489	8496
3	44	43	8497	8558
3	44	44	8559	8562
3	36	45	8563	8567
3	36	46	8568	8582
3	36	47	8584	8610
3	36	48	8609	8650
3	45	49	8651	8708
3	45	50	8710	8731
3	38	51	8732	8814
3	38	52	8815	8900
3	38	53	8901	8909
3	38	54	8911	9056
3	29	55	9057	9196
3	29	56	9197	9204
3	29	57	9205	9269
3	38	58	9270	9473
3	38	59	9475	9582
3	38	60	9583	9584
3	38	61	9585	9596
3	30	62	9596	9637
3	30	63	9638	9683
3	30	64	9684	9731
3	30	65	9732	9745
3	30	66	9746	9747
3	45	67	9747	9748
3	45	68	9747	9748
3	45	69	9749	9772
3	45	70	9774	9801
3	45	71	9802	9847
3	45	72	9849	9852
3	45	73	9853	9858
3	11	74	9859	9860
3	11	75	9859	9870
3	11	76	9873	9898
3	11	77	9899	9919
3	11	78	9920	9960
3	11	79	9961	9962
3	11	80	9963	9978
3	11	81	9979	9980
3	11	82	9981	9984
3	26	83	9985	10023
3	26	84	10024	10045
3	26	85	10046	10065
3	26	86	10066	10099
3	26	87	10100	10142
3	26	88	10142	10147
3	29	89	10147	10167
3	29	90	10169	10179
3	29	91	10180	10235
3	29	92	10235	10261
3	29	93	10263	10292
3	37	94	10293	10333
3	37	95	10335	10360
3	37	96	10362	10391
3	37	97	10393	10425
3	37	98	10426	10469
3	30	99	10470	10510
3	30	100	10511	10553
3	30	101	10554	10592
3	30	102	10593	10649
3	44	103	10650	10675
3	44	104	10675	10728
3	44	105	10729	10779
3	44	106	10780	10788
3	37	107	10788	10838
3	37	108	10840	10857
3	37	109	10859	10862
3	37	110	10863	10893
3	37	111	10893	10921
3	44	112	10922	10970
3	44	113	10971	11017
3	44	114	11017	11042
3	2	115	11045	11076
3	2	116	11078	11091
3	2	117	11092	11105
3	2	118	11106	11109
3	2	119	11111	11114
3	2	120	11116	11121
3	2	121	11123	11131
3	2	122	11132	11138
3	2	123	11138	11141
3	2	124	11142	11157
3	41	125	11158	11176
3	41	126	11177	11189
3	20	127	11190	11191
3	20	128	11190	11204
3	20	129	11204	11205
3	20	130	11206	11219
3	20	131	11222	11235
3	20	132	11236	11241
3	20	133	11244	11311
3	44	134	11312	11323
3	44	135	11324	11330
3	44	136	11331	11348
3	44	137	11349	11354
3	44	138	11355	11357
3	44	139	11358	11360
3	19	140	11360	11379
3	19	141	11379	11389
3	19	142	11390	11395
3	19	143	11396	11409
3	19	144	11410	11413
3	19	145	11414	11427
3	19	146	11428	11439
3	29	147	11442	11447
3	29	148	11450	11454
3	29	149	11456	11462
3	29	150	11464	11472
3	29	151	11474	11477
3	29	152	11479	11487
3	29	153	11488	11495
3	35	154	11496	11521
3	35	155	11523	11537
3	35	156	11538	11539
3	35	157	11542	11577
3	41	158	11577	11580
3	41	159	11579	11596
3	41	160	11596	11597
3	41	161	11599	11602
3	41	162	11606	11619
3	41	163	11620	11628
3	41	164	11630	11633
3	41	165	11634	11641
3	41	166	11642	11644
3	41	167	11644	11660
3	38	168	11660	11661
3	38	169	11661	11670
3	38	170	11671	11696
3	38	171	11696	11711
3	38	172	11713	11730
3	38	173	11731	11746
3	35	174	11748	11753
3	35	175	11755	11768
3	35	176	11769	11793
3	35	177	11796	11822
3	35	178	11824	11835
3	45	179	11835	11843
3	45	180	11842	11871
3	45	181	11872	11878
3	45	182	11879	11880
3	45	183	11882	11892
3	21	184	11894	11905
3	21	185	11906	11925
3	21	186	11927	11957
3	21	187	11959	11986
3	21	188	11986	11990
3	35	189	11992	12058
3	35	190	12060	12072
3	35	191	12073	12076
3	35	192	12078	12118
3	16	193	12119	12129
3	16	194	12130	12141
3	16	195	12141	12154
3	16	196	12154	12160
3	35	197	12160	12171
3	35	198	12173	12182
3	35	199	12183	12195
3	35	200	12197	12198
3	35	201	12200	12219
3	35	202	12221	12232
3	19	203	12233	12246
3	19	204	12247	12249
3	19	205	12251	12256
3	19	206	12258	12267
3	19	207	12269	12302
3	19	208	12303	12325
3	30	209	12325	12336
3	30	210	12338	12347
3	30	211	12349	12350
3	30	212	12350	12353
3	30	213	12355	12360
3	30	214	12361	12415
3	36	215	12416	12432
3	36	216	12432	12439
3	36	217	12440	12447
3	36	218	12447	12476
3	36	219	12477	12522
3	40	220	12523	12535
3	40	221	12536	12552
3	40	222	12552	12579
3	40	223	12579	12593
3	17	224	12595	12623
3	17	225	12625	12630
3	17	226	12632	12647
3	17	227	12648	12664
3	17	228	12666	12681
3	17	229	12682	12711
3	32	230	12711	12739
3	32	231	12739	12743
3	32	232	12742	12753
3	32	233	12753	12754
3	32	234	12754	12758
3	32	235	12760	12761
3	32	236	12761	12765
3	32	237	12766	12772
3	23	238	12773	12802
3	23	239	12804	12809
3	23	240	12811	12857
3	37	245	12895	12919
3	37	246	12921	12944
3	37	247	12945	12977
3	37	248	12979	12993
3	37	249	12994	13003
3	37	250	13004	13017
3	35	251	13019	13068
3	35	252	13068	13080
3	35	253	13081	13107
3	19	254	13108	13132
3	19	255	13132	13141
3	19	256	13141	13162
3	19	257	13163	13196
3	17	258	13195	13209
3	17	259	13211	13228
3	17	260	13230	13271
3	17	261	13273	13284
3	17	262	13286	13295
3	17	263	13295	13314
3	17	264	13316	13327
3	41	265	13328	13335
3	41	266	13334	13335
3	41	267	13337	13339
3	41	268	13338	13340
3	41	269	13340	13341
3	41	270	13342	13343
4	0	1	13344	13375
4	0	2	13375	13404
4	0	3	13404	13449
4	0	4	13450	13454
4	0	5	13455	13498
4	7	6	13499	13502
4	7	7	13504	13507
4	7	8	13508	13517
4	7	9	13517	13535
4	7	10	13536	13543
4	7	11	13544	13575
4	7	12	13575	13583
4	7	13	13584	13595
4	46	14	13596	13601
4	46	15	13601	13609
4	46	16	13610	13619
4	46	17	13620	13629
4	46	18	13630	13639
4	46	19	13638	13645
4	10	20	13647	13648
4	10	21	13647	13650
4	10	22	13651	13652
4	15	48	13839	13841
4	15	49	13842	13859
4	15	50	13860	13867
4	15	51	13868	13869
4	15	52	13870	13881
4	3	53	13882	13894
4	3	54	13895	13897
4	3	55	13896	13904
4	3	56	13906	13911
4	3	57	13911	13922
4	3	58	13923	13928
4	10	59	13929	13931
4	10	60	13930	13935
4	10	61	13936	13949
4	10	62	13950	13953
4	10	63	13953	13965
4	10	64	13964	13965
4	20	65	13966	13997
4	20	66	13997	14003
4	20	67	14004	14017
4	20	68	14017	14055
4	21	69	14056	14061
4	21	70	14061	14070
4	21	71	14072	14082
4	21	72	14083	14087
4	21	73	14089	14094
4	27	74	14096	14097
4	27	75	14098	14106
4	27	76	14107	14113
4	27	77	14115	14125
4	27	78	14126	14144
4	27	79	14145	14156
4	27	80	14158	14179
4	27	81	14180	14198
4	13	82	14199	14201
4	13	83	14203	14214
4	13	84	14215	14216
4	13	85	14217	14222
4	13	86	14224	14250
4	46	87	14252	14272
4	46	88	14273	14289
4	46	89	14290	14312
4	27	90	14312	14315
4	27	91	14315	14326
4	27	92	14328	14346
4	27	93	14346	14366
4	44	94	14367	14373
4	44	95	14373	14376
4	44	96	14377	14386
4	44	97	14387	14389
4	44	98	14390	14404
4	44	99	14405	14406
4	47	100	14406	14414
4	47	101	14415	14426
4	47	102	14427	14432
4	47	103	14433	14437
4	47	104	14438	14451
4	27	105	14452	14466
4	27	106	14466	14474
4	27	107	14475	14482
4	27	108	14483	14494
4	27	109	14495	14497
4	33	116	14513	14521
4	3	119	14554	14562
4	3	120	14562	14570
4	3	121	14571	14582
4	3	122	14583	14592
4	3	123	14593	14597
4	3	124	14598	14604
4	3	125	14605	14609
5	47	1	14610	14623
5	47	2	14624	14626
5	47	3	14626	14643
5	47	4	14644	14657
5	47	5	14658	14660
5	47	6	14661	14668
5	47	7	14669	14682
5	47	8	14683	14686
5	47	9	14687	14688
5	47	10	14690	14717
5	3	11	14717	14762
5	3	12	14762	14803
5	3	13	14803	14814
5	3	14	14814	14835
5	3	15	14836	14896
5	3	16	14896	14901
5	3	17	14902	14931
5	3	18	14932	14967
5	3	19	14967	14988
5	3	20	14989	15009
5	3	21	15010	15066
5	6	22	15067	15073
5	6	23	15073	15076
5	6	24	15077	15078
5	6	25	15078	15081
5	6	26	15082	15086
5	6	27	15087	15094
5	31	28	15093	15143
5	31	29	15144	15179
5	31	30	15179	15278
5	6	31	15279	15280
5	6	32	15280	15285
5	6	33	15285	15286
5	6	34	15287	15291
5	6	35	15292	15296
5	6	36	15296	15305
5	45	37	15305	15309
5	45	38	15310	15327
5	29	39	15328	15329
5	29	40	15330	15331
5	29	41	15332	15344
5	29	42	15345	15346
5	29	43	15348	15359
5	29	44	15359	15363
5	29	45	15366	15377
5	29	46	15377	15381
5	29	47	15382	15399
5	48	48	15401	15418
5	48	49	15419	15425
5	48	50	15426	15444
5	48	51	15446	15451
5	48	52	15453	15454
5	48	53	15456	15475
5	23	54	15476	15480
5	23	55	15481	15482
5	23	56	15484	15498
5	23	57	15497	15516
5	23	58	15516	15518
5	23	59	15521	15525
5	23	60	15524	15531
5	23	61	15532	15544
5	23	62	15545	15550
5	2	63	15550	15715
5	2	64	15717	15772
5	2	65	15773	15834
5	45	66	15834	15835
5	45	67	15834	15883
5	45	68	15885	15972
5	45	69	15973	15974
5	45	70	15975	15976
5	46	71	15976	16068
5	46	72	16070	16315
5	12	73	16315	16320
5	12	74	16319	16320
5	12	75	16321	16328
5	12	76	16329	16452
5	12	77	16453	16454
5	12	78	16455	16460
5	4	79	16463	16516
5	4	80	16515	16556
5	4	81	16557	16563
5	49	82	16566	16567
5	49	83	16567	16582
5	49	84	16584	16593
5	49	85	16594	16624
5	49	86	16626	16628
5	49	87	16629	16656
5	49	88	16657	16699
5	38	89	16700	16701
5	38	90	16700	16701
5	38	91	16702	16716
5	38	92	16717	16718
5	38	93	16719	16770
5	3	94	16771	16806
5	3	95	16807	16872
5	3	96	16872	16914
5	3	97	16915	16921
5	10	98	16921	16923
5	10	99	16922	16929
5	10	100	16930	16949
5	10	101	16949	16951
5	10	102	16953	17014
5	14	103	17014	17015
5	14	104	17015	17054
5	14	105	17053	17054
5	14	106	17058	17089
5	14	107	17090	17143
5	14	108	17144	17233
5	49	109	17235	17236
5	49	110	17237	17242
5	49	111	17242	17263
5	49	112	17264	17280
5	49	113	17282	17303
5	49	114	17305	17319
5	49	115	17321	17348
5	49	116	17349	17367
5	49	117	17368	17369
5	49	118	17369	17399
5	49	119	17400	17411
5	49	120	17413	17435
5	49	121	17437	17442
5	49	122	17443	17467
5	49	123	17469	17471
5	49	124	17472	17489
5	5	125	17491	17499
5	5	126	17499	17523
5	5	127	17524	17549
5	5	128	17548	17563
5	5	129	17565	17582
5	5	130	17584	17637
5	39	131	17638	17691
5	39	132	17692	17715
5	39	133	17717	17720
5	39	134	17721	17760
5	39	135	17761	17794
5	48	141	17824	17858
5	48	142	17861	17880
5	48	143	17881	17896
5	48	144	17897	17923
5	48	145	17925	17926
5	48	146	17927	17932
5	48	147	17933	17965
5	48	148	17966	17977
5	48	149	17979	17987
5	48	150	17988	18001
5	48	151	18003	18035
5	4	152	18036	18046
5	4	153	18048	18066
5	4	154	18066	18070
5	4	155	18071	18083
5	4	156	18084	18088
5	4	157	18089	18098
5	41	185	18312	18320
5	41	186	18322	18354
5	41	187	18354	18359
5	41	188	18360	18372
5	41	189	18373	18385
5	41	190	18386	18402
5	24	191	18403	18415
5	24	192	18417	18418
5	24	193	18418	18420
5	24	194	18420	18424
5	24	195	18425	18455
5	24	196	18455	18456
5	24	197	18457	18458
5	24	198	18457	18458
5	24	199	18459	18464
5	24	200	18465	18466
5	24	201	18469	18476
5	22	202	18478	18479
5	22	203	18481	18486
5	22	204	18487	18498
5	22	205	18500	18502
5	22	206	18502	18513
5	35	214	18538	18539
5	35	215	18541	18544
5	35	216	18544	18545
5	19	217	18547	18549
5	19	218	18548	18550
5	19	219	18551	18553
5	19	220	18554	18555
5	19	221	18556	18557
5	40	235	18610	18611
5	40	236	18610	18612
5	40	237	18613	18618
5	40	238	18620	18632
6	45	1	18672	18682
6	45	2	18683	18685
6	45	3	18685	18690
6	45	4	18691	18714
6	45	5	18715	18727
6	50	6	18727	18744
6	50	7	18745	18754
6	50	8	18755	18780
6	50	9	18779	18789
6	50	10	18790	18842
6	45	11	18843	18873
6	45	12	18874	18908
6	45	13	18909	18915
6	45	14	18916	18943
6	45	15	18944	18952
6	45	16	18951	18960
6	45	17	18961	18962
6	51	18	18962	18995
6	51	19	18996	19019
6	51	20	19020	19021
6	51	21	19022	19035
6	51	22	19036	19057
6	51	23	19058	19069
6	29	24	19070	19072
6	29	25	19072	19091
6	29	26	19092	19179
6	29	27	19180	19288
6	31	28	19289	19390
6	31	29	19391	19395
6	31	30	19396	19410
6	31	31	19411	19450
6	31	32	19451	19479
6	35	33	19480	19482
6	35	34	19483	19510
6	35	35	19512	19530
6	35	36	19531	19534
6	35	37	19536	19588
6	35	38	19589	19623
6	35	39	19624	19625
6	35	40	19626	19629
6	35	41	19631	19689
6	3	42	19690	19723
6	3	43	19723	19758
6	3	44	19759	19763
6	3	45	19763	19766
6	3	46	19768	19781
6	29	47	19781	19797
6	29	48	19799	19804
6	29	49	19806	19825
6	29	50	19826	19829
6	29	51	19830	19839
6	29	52	19840	19855
6	29	53	19856	19864
6	31	54	19865	19992
6	31	55	19992	20103
6	31	56	20104	20110
6	31	57	20112	20151
6	31	58	20153	20221
6	49	59	20222	20305
6	49	60	20305	20415
6	49	61	20417	20450
6	49	62	20451	20456
6	31	63	20458	20561
6	31	64	20563	20656
6	31	65	20658	20759
6	31	66	20761	20788
6	35	67	20789	20995
6	35	68	20997	21138
6	51	69	21139	21155
6	51	70	21156	21157
6	51	71	21160	21161
6	51	72	21162	21165
6	51	73	21166	21261
6	51	74	21263	21340
6	51	75	21342	21343
6	51	76	21344	21348
6	51	77	21348	21355
6	51	78	21356	21357
6	51	79	21357	21367
6	51	80	21368	21378
6	8	81	21379	21423
6	8	82	21425	21465
6	8	83	21466	21501
6	8	84	21501	21545
6	8	85	21546	21549
6	8	86	21550	21553
6	11	87	21553	21574
6	11	88	21575	21606
6	11	89	21608	21641
6	11	90	21642	21654
6	23	91	21654	21674
6	23	92	21676	21699
6	23	93	21699	21773
6	29	94	21773	21774
6	29	95	21773	21776
6	29	96	21777	21803
6	29	97	21805	21819
6	29	98	21821	21840
6	29	99	21841	21848
6	29	100	21849	21852
6	38	101	21853	21945
6	38	102	21946	21949
6	38	103	21950	21986
6	38	104	21987	22017
6	38	105	22017	22063
6	38	106	22064	22139
6	38	107	22141	22178
6	38	108	22179	22181
6	38	109	22180	22187
6	38	110	22188	22193
6	38	111	22194	22195
6	30	112	22196	22269
6	30	113	22270	22326
6	30	114	22327	22371
6	30	115	22372	22393
6	3	116	22394	22395
6	3	117	22395	22438
6	3	118	22438	22475
6	3	119	22475	22501
6	3	120	22502	22503
6	3	121	22505	22543
6	3	122	22544	22607
6	11	123	22608	22610
6	11	124	22609	22652
6	11	125	22653	22654
6	11	126	22654	22658
6	11	127	22660	22669
6	11	128	22671	22678
6	11	129	22680	22704
6	11	130	22705	22706
6	11	131	22707	22708
6	52	132	22709	22710
6	52	133	22712	22718
6	52	134	22720	22727
6	52	135	22728	22737
6	52	136	22738	22741
6	52	137	22740	22741
6	24	138	22742	22744
6	24	139	22746	22762
6	24	140	22764	22769
6	24	141	22770	22780
6	24	142	22781	22785
6	24	143	22787	22788
6	18	144	22789	22790
6	18	145	22789	22816
6	18	146	22817	22824
6	18	147	22824	22832
6	18	148	22832	22840
6	18	149	22841	22866
6	18	150	22867	22870
6	23	151	22871	22880
6	23	152	22881	22886
6	23	153	22887	22891
6	23	154	22891	22892
6	23	155	22894	22901
6	23	156	22902	22903
6	23	157	22906	22912
6	23	158	22914	22930
6	23	159	22930	22931
6	23	160	22932	22934
6	11	161	22933	22952
6	11	162	22953	22963
6	11	163	22965	22973
6	11	164	22974	22983
6	11	165	22984	23020
6	12	166	23021	23022
6	12	167	23022	23023
6	12	168	23025	23026
6	12	169	23027	23032
6	12	170	23033	23040
6	12	171	23040	23047
6	12	172	23049	23052
6	12	173	23054	23058
6	40	174	23059	23075
6	40	175	23076	23090
6	40	176	23091	23094
6	40	177	23095	23102
6	40	178	23103	23117
6	40	179	23116	23136
6	32	180	23136	23141
6	32	181	23142	23146
6	32	182	23147	23148
6	32	183	23149	23150
6	32	184	23150	23157
6	32	185	23158	23164
6	32	186	23165	23188
6	32	187	23187	23201
6	53	188	23201	23202
6	53	189	23203	23218
6	53	190	23219	23224
6	53	191	23225	23236
6	53	192	23237	23240
6	53	193	23242	23259
6	42	194	23262	23282
6	42	195	23281	23296
6	42	196	23297	23302
6	42	197	23304	23323
6	42	198	23324	23341
6	42	199	23342	23344
6	42	200	23344	23347
6	12	206	23413	23417
6	12	207	23419	23420
6	12	208	23422	23423
6	12	209	23425	23426
6	12	210	23427	23430
6	12	211	23432	23433
6	12	212	23434	23440
6	12	213	23442	23443
6	12	214	23444	23445
6	52	215	23446	23452
6	52	216	23453	23459
6	52	217	23461	23464
6	52	218	23465	23474
6	52	219	23475	23479
6	12	220	23479	23483
6	12	221	23485	23488
6	12	222	23490	23491
6	12	223	23493	23494
6	12	224	23496	23497
6	12	225	23498	23499
6	12	226	23502	23503
6	12	227	23504	23513
6	37	228	23514	23527
6	37	229	23528	23535
6	37	230	23537	23544
6	37	231	23546	23555
6	37	232	23557	23574
6	37	233	23576	23579
6	37	234	23580	23583
6	37	235	23582	23585
6	37	236	23586	23629
6	16	237	23630	23635
6	16	238	23636	23641
6	16	239	23642	23649
6	30	240	23650	23686
6	30	241	23686	23708
6	30	242	23709	23713
6	30	243	23715	23726
6	30	244	23727	23734
6	30	245	23736	23759
6	54	246	23763	23774
6	54	247	23775	23782
6	54	248	23783	23786
6	54	249	23785	23786
6	29	250	23788	23805
6	29	251	23807	23810
6	29	252	23812	23829
6	29	253	23831	23850
6	29	254	23854	23863
6	29	255	23864	23869
6	3	256	23870	23886
6	3	257	23887	23900
6	3	258	23900	23911
6	3	259	23913	23916
6	3	260	23917	23952
6	55	261	23953	23970
6	55	262	23971	23987
6	55	263	23988	23999
6	55	264	24001	24010
6	55	265	24012	24019
6	55	266	24020	24029
6	19	272	24129	24151
6	19	273	24152	24188
6	19	274	24190	24211
6	23	279	24233	24263
6	23	280	24263	24267
6	23	281	24269	24289
6	23	282	24289	24290
6	19	283	24291	24293
6	19	284	24292	24299
6	19	285	24300	24310
6	19	286	24311	24325
6	19	287	24326	24347
6	19	288	24347	24356
6	19	289	24356	24370
7	23	1	24372	24375
7	23	2	24375	24390
7	23	3	24391	24404
7	23	4	24405	24412
7	23	5	24413	24414
7	23	6	24415	24441
7	23	7	24442	24448
7	36	8	24450	24472
7	36	9	24473	24530
7	36	10	24530	24543
7	36	11	24544	24608
7	51	12	24609	24631
7	51	13	24632	24649
7	51	14	24651	24680
7	51	15	24681	24682
7	51	16	24683	24702
7	13	17	24705	24706
7	13	18	24706	24753
7	13	19	24754	24755
7	13	20	24755	24777
7	13	21	24778	24813
7	13	22	24813	24832
7	13	23	24833	24859
7	52	24	24859	24865
7	52	25	24866	24873
7	52	26	24873	24876
7	52	27	24877	24880
7	52	28	24881	24884
7	23	29	24886	24888
7	23	30	24891	24928
7	23	31	24929	24942
7	23	32	24944	24966
7	23	33	24967	24999
7	23	34	25000	25014
7	26	35	25013	25024
7	26	36	25024	25031
7	26	37	25031	25047
7	26	38	25048	25057
7	26	39	25059	25064
7	50	40	25064	25069
7	50	41	25070	25092
7	50	42	25091	25107
7	49	43	25107	25115
7	49	44	25116	25137
7	49	45	25138	25159
7	49	46	25161	25176
7	49	47	25177	25179
7	49	48	25182	25185
7	24	55	25238	25421
7	24	56	25423	25428
7	24	57	25430	25507
7	24	58	25508	25547
7	8	59	25549	25551
7	8	60	25551	25553
7	8	61	25554	25555
7	20	75	26498	26499
7	20	76	26499	26504
7	20	77	26504	26505
7	20	78	26508	26518
7	20	79	26519	26537
7	8	80	26538	26540
7	8	81	26539	26553
7	8	82	26555	26559
7	8	83	26564	26567
7	8	84	26569	26578
7	40	85	26579	26580
7	40	86	26581	26612
7	40	87	26614	26668
7	40	88	26669	26681
7	40	89	26682	26683
7	40	90	26684	26685
7	8	99	26762	26763
7	8	100	26764	26783
7	8	101	26784	26792
7	8	102	26793	26796
7	8	103	26797	26800
7	19	132	27366	27394
7	19	133	27397	27399
7	19	134	27401	27421
7	28	135	27422	27460
7	28	136	27461	27462
7	28	137	27462	27468
7	28	138	27469	27478
7	56	153	27684	27694
7	56	154	27695	27708
7	56	155	27710	27717
7	56	156	27719	27728
7	56	157	27729	27734
7	56	158	27736	27765
7	52	159	27766	27792
7	52	160	27793	27817
7	52	161	27818	27831
7	52	162	27832	27861
7	0	164	27867	27870
7	0	165	27871	27882
7	0	166	27884	27887
7	0	167	27888	27912
7	0	168	27913	27932
7	8	169	27933	27941
7	8	170	27943	27949
7	8	171	27951	27962
7	8	172	27963	27975
7	8	173	27977	27988
8	28	1	27991	27992
8	28	2	27992	27993
8	28	3	27994	27996
8	28	4	27997	27998
8	28	5	27998	28002
8	28	6	28003	28006
8	28	7	28007	28011
8	28	8	28012	28017
8	28	9	28017	28025
8	31	10	28026	28050
8	31	11	28051	28065
8	31	12	28066	28089
8	31	13	28090	28123
8	31	14	28123	28154
8	31	15	28155	28163
8	27	16	28164	28207
8	27	17	28207	28208
8	27	18	28208	28219
8	27	19	28220	28225
8	27	20	28225	28253
8	46	21	28253	28293
8	46	22	28294	28324
8	46	23	28325	28345
8	46	24	28346	28350
8	46	25	28351	28402
8	47	26	28403	28419
8	47	27	28420	28449
8	47	28	28449	28472
8	47	29	28473	28495
8	27	30	28496	28539
8	27	31	28539	28565
8	27	32	28566	28598
8	27	33	28600	28609
8	3	34	28609	28622
8	3	35	28623	28629
8	3	36	28629	28641
8	3	37	28641	28651
8	4	38	28651	28666
8	4	39	28668	28679
8	4	40	28680	28681
8	4	41	28682	28702
8	13	42	28703	28705
8	13	43	28706	28721
8	13	44	28721	28731
8	13	45	28732	28733
8	13	46	28735	28755
8	13	47	28756	28785
8	39	48	28786	28789
8	39	49	28790	28799
8	39	50	28800	28801
8	39	51	28802	28803
8	39	52	28805	28810
8	39	53	28811	28812
8	49	54	28813	28894
8	49	55	28896	28995
8	49	56	28996	29078
8	49	57	29080	29086
8	49	58	29086	29087
8	3	59	29089	29116
8	3	60	29118	29172
8	3	61	29173	29174
8	3	62	29175	29260
8	12	63	29261	29264
8	12	64	29263	29355
8	12	65	29356	29359
8	12	66	29360	29535
8	12	67	29537	29548
8	12	68	29549	29564
8	12	69	29564	29567
8	29	70	29568	29570
8	29	71	29569	29576
8	29	72	29576	29577
8	29	73	29578	29582
8	29	74	29583	29586
8	29	75	29587	29591
8	29	76	29592	29607
8	29	77	29609	29668
8	6	78	29670	29675
8	6	79	29674	29675
8	6	80	29676	29677
8	6	81	29678	29681
8	6	82	29683	29686
8	12	83	29687	29690
8	12	84	29691	29692
8	12	85	29693	29697
8	12	86	29698	29704
8	12	87	29707	29708
8	12	88	29709	29718
8	12	89	29719	29720
8	12	90	29721	29724
8	31	91	29725	29760
8	31	92	29761	29778
8	31	93	29779	29805
8	31	94	29807	29823
8	31	95	29824	29891
8	19	96	29893	29894
8	19	97	29893	29902
8	19	98	29903	29912
8	19	99	29911	29913
8	19	100	29913	29917
8	19	101	29918	29961
8	2	102	29961	29962
8	2	103	29963	29983
8	2	104	29983	29984
8	2	105	29986	30027
8	2	106	30028	30036
8	2	107	30038	30041
8	57	108	30042	30056
8	57	109	30055	30088
8	57	110	30089	30122
8	57	111	30122	30126
8	31	112	30127	30169
8	31	113	30170	30186
8	31	114	30188	30202
8	31	115	30203	30221
8	31	116	30223	30244
8	31	117	30246	30254
8	31	118	30253	30276
8	8	119	30277	30306
8	8	120	30308	30323
8	8	121	30324	30341
8	8	122	30342	30380
8	8	123	30380	30382
8	8	124	30383	30410
8	8	125	30413	30414
8	8	126	30415	30416
8	8	127	30417	30418
8	8	128	30419	30420
8	28	129	30421	30440
8	28	130	30441	30448
8	28	131	30449	30451
8	28	132	30452	30471
8	28	133	30472	30483
8	46	134	30484	30520
8	46	135	30522	30545
8	46	136	30546	30569
8	46	137	30570	30602
8	46	138	30603	30604
8	46	139	30603	30611
8	19	140	30611	30617
8	19	141	30616	30617
8	19	142	30616	30623
8	19	143	30623	30627
8	19	144	30627	30628
8	19	145	30628	30633
8	19	146	30633	30642
8	19	147	30643	30644
8	19	148	30645	30646
8	5	149	30646	30659
8	5	150	30660	30664
8	5	151	30665	30667
8	5	152	30668	30670
8	5	153	30670	30671
8	5	154	30672	30674
8	5	155	30676	30679
8	5	156	30680	30693
8	5	157	30695	30707
8	8	158	30708	30710
8	8	159	30709	30713
8	8	160	30714	30721
8	8	161	30723	30730
8	8	162	30732	30734
8	8	163	30736	30740
8	8	164	30742	30743
8	8	165	30742	30755
8	45	166	30758	30761
8	45	167	30760	30772
8	45	168	30771	30774
8	45	169	30775	30781
8	45	170	30782	30791
8	45	171	30793	30796
8	5	172	30798	30803
8	5	173	30804	30806
8	5	174	30808	30811
8	5	175	30812	30816
8	5	176	30816	30823
8	5	177	30823	30832
8	5	178	30834	30839
8	5	179	30841	30844
8	5	180	30845	30849
8	20	181	30850	30859
8	20	182	30860	30862
8	20	183	30862	30871
8	20	184	30871	30877
8	20	185	30877	30885
8	20	186	30886	30923
8	20	187	30924	30925
8	20	188	30926	30927
8	20	189	30928	30929
8	20	190	30930	30931
8	20	191	30930	30931
8	53	192	30932	30933
8	53	193	30935	30936
8	53	194	30935	30936
8	53	195	30938	30939
8	53	196	30941	30945
8	53	197	30947	30950
8	53	198	30951	30952
8	53	199	30954	30955
8	53	200	30955	30960
8	39	201	30961	30969
8	39	202	30970	30973
8	39	203	30975	30976
8	39	204	30977	30978
8	39	205	30980	30981
8	39	206	30980	30984
8	39	207	30985	30994
8	15	208	30995	30997
8	15	209	30998	30999
8	15	210	31000	31004
8	15	211	31004	31006
8	15	212	31006	31007
8	15	213	31008	31031
8	3	214	31032	31033
8	3	215	31034	31038
8	3	216	31039	31043
8	3	217	31044	31047
8	3	218	31048	31050
8	3	219	31052	31062
8	3	220	31061	31063
8	3	221	31064	31068
8	27	222	31070	31077
8	27	223	31078	31083
8	27	224	31084	31086
8	27	225	31087	31089
8	27	226	31090	31097
8	58	227	31098	31108
8	58	228	31108	31115
8	58	229	31116	31119
8	58	230	31119	31133
8	58	231	31134	31141
8	58	232	31143	31154
8	13	236	31208	31222
8	13	237	31224	31227
8	13	238	31228	31236
8	13	239	31237	31249
8	13	240	31250	31255
8	19	241	31254	31256
8	19	242	31257	31278
8	19	243	31278	31288
8	19	244	31288	31309
8	19	245	31308	31328
8	19	246	31327	31338
8	45	247	31338	31351
8	45	248	31353	31356
8	45	249	31357	31384
8	45	250	31386	31391
8	45	251	31393	31423
8	59	252	31425	31429
8	59	253	31430	31432
8	59	254	31433	31435
8	59	255	31436	31440
8	59	256	31444	31445
8	59	257	31447	31448
8	58	258	31448	31469
8	58	259	31470	31487
8	58	260	31489	31498
8	58	261	31498	31512
8	29	262	31513	31532
8	29	263	31532	31538
8	29	264	31540	31572
8	29	265	31573	31574
8	29	266	31579	31582
8	29	267	31583	31584
8	8	268	31585	31588
8	8	269	31590	31591
8	8	270	31590	31624
8	8	271	31626	31642
8	8	272	31643	31649
8	5	273	31650	31654
8	5	274	31656	31657
8	5	275	31659	31662
8	5	276	31663	31664
8	5	277	31664	31665
8	5	278	31665	31675
8	5	279	31677	31680
8	5	280	31681	31683
8	2	281	31684	31699
8	2	282	31701	31704
8	2	283	31705	31706
8	2	284	31707	31737
8	40	290	31801	31802
8	40	291	31801	31814
8	40	292	31815	31830
9	14	1	31829	31831
9	14	2	31831	31838
9	14	3	31839	31840
9	14	4	31843	31846
9	14	5	31847	31848
9	14	6	31849	31850
9	14	7	31851	31859
9	14	8	31860	31867
9	14	9	31866	31907
9	14	10	31908	31911
9	60	11	31912	31931
9	60	12	31932	31945
9	60	13	31946	31999
9	60	14	32000	32005
9	60	15	32006	32047
9	60	16	32050	32061
9	60	17	32062	32088
9	60	18	32087	32123
9	60	19	32123	32152
9	60	20	32154	32180
9	60	21	32181	32199
9	60	22	32199	32253
9	60	23	32254	32342
9	60	24	32343	32403
9	60	25	32404	32450
9	60	26	32451	32452
9	60	27	32453	32510
9	50	28	32512	32551
9	50	29	32552	32592
9	50	30	32592	32630
9	50	31	32630	32669
9	52	32	32670	32676
9	52	33	32677	32685
9	52	34	32685	32692
9	52	35	32693	32702
9	52	36	32703	32707
9	60	37	32708	32765
9	60	38	32766	32767
9	60	39	32768	32778
9	37	40	32780	32781
9	37	41	32780	32807
9	37	42	32809	32843
9	37	43	32844	32851
9	37	44	32852	32896
9	37	45	32901	32904
9	26	46	32905	32906
9	26	47	32905	32908
9	26	48	32909	32931
9	26	49	32931	32946
9	26	50	32945	32976
9	11	51	32976	32981
9	11	52	32982	33027
9	11	53	33029	33125
9	52	54	33125	33126
9	52	55	33126	33132
9	52	56	33133	33136
9	52	57	33137	33145
9	52	58	33147	33150
9	52	59	33151	33156
9	49	60	33157	33158
9	49	61	33158	33300
9	49	62	33302	33305
9	49	63	33306	33401
9	49	64	33403	33418
9	10	65	33420	33421
9	10	66	33420	33618
9	10	67	33620	33765
9	52	68	33766	33769
9	52	69	33770	33774
9	52	70	33775	33777
9	52	71	33778	33781
9	52	72	33782	33789
9	19	73	33790	33791
9	19	74	33790	33835
9	19	75	33836	33885
9	19	76	33885	33939
9	19	77	33940	34007
9	14	78	34007	34008
9	14	79	34008	34015
9	14	80	34016	34113
9	14	81	34114	34129
9	14	82	34130	34167
9	11	83	34168	34179
9	11	84	34180	34216
9	11	85	34217	34273
9	11	86	34274	34312
9	11	87	34313	34340
9	11	88	34341	34346
9	49	89	34346	34371
9	49	90	34373	34388
9	49	91	34390	34403
9	49	92	34404	34416
9	49	93	34417	34418
9	49	94	34419	34444
9	49	95	34445	34464
9	52	96	34465	34469
9	52	97	34471	34480
9	52	98	34480	34486
9	52	99	34486	34490
9	52	100	34490	34491
9	52	101	34492	34504
9	11	102	34505	34506
9	11	103	34505	34546
9	11	104	34548	34580
9	11	105	34582	34595
9	11	106	34596	34624
9	11	107	34625	34642
9	11	108	34643	34650
9	55	109	34652	34683
9	55	110	34683	34713
9	55	111	34714	34742
9	55	112	34745	34796
9	61	113	34798	34799
9	61	114	34798	34840
9	61	115	34840	34859
9	61	116	34859	34875
9	61	117	34876	34921
9	61	118	34921	34932
9	61	119	34934	34939
9	61	120	34940	34943
9	2	121	34943	34953
9	2	122	34955	34966
9	2	123	34968	35005
9	14	124	35006	35007
9	14	125	35006	35010
9	14	126	35010	35029
9	14	127	35031	35132
9	12	128	35133	35136
9	12	129	35137	35156
9	12	130	35158	35160
9	12	131	35162	35165
9	12	132	35167	35170
9	12	133	35171	35172
9	12	134	35173	35176
9	12	135	35178	35179
9	12	136	35181	35182
9	12	137	35183	35187
9	61	138	35188	35198
9	61	139	35200	35205
9	61	140	35206	35208
9	61	141	35209	35219
9	61	142	35218	35224
9	61	143	35224	35229
9	61	144	35229	35235
9	61	145	35235	35252
9	53	146	35253	35254
9	53	147	35254	35255
9	53	148	35254	35280
9	53	149	35281	35282
9	53	150	35282	35296
9	53	151	35297	35340
9	46	152	35342	35354
9	46	153	35355	35376
9	46	154	35375	35379
9	46	155	35380	35390
9	0	156	35390	35392
9	0	157	35394	35403
9	18	158	35403	35404
9	18	159	35404	35419
9	18	160	35420	35421
9	18	161	35424	35431
9	18	162	35431	35432
9	18	163	35432	35433
9	18	164	35433	35449
9	18	165	35451	35454
9	62	166	35457	35476
9	62	167	35477	35484
9	62	168	35485	35496
9	62	169	35497	35504
9	62	170	35505	35510
9	62	171	35511	35518
9	62	172	35519	35520
9	62	173	35522	35527
9	45	174	35528	35530
9	45	175	35530	35546
9	45	176	35548	35572
9	45	177	35574	35584
9	30	178	35587	35598
9	30	179	35600	35609
9	30	180	35609	35637
9	30	181	35637	35687
9	30	182	35688	35689
9	30	183	35690	35740
9	29	184	35742	35743
9	29	185	35742	35743
9	29	186	35744	35747
9	29	187	35749	35750
9	29	188	35749	35751
9	29	189	35751	35754
9	29	190	35755	35764
9	48	191	35766	35781
9	48	192	35781	35795
9	48	193	35796	35797
9	48	194	35798	35806
9	48	195	35807	35809
9	48	196	35810	35827
9	14	197	35828	35832
9	14	198	35834	35841
9	14	199	35843	35858
9	14	200	35860	35863
9	14	201	35864	35865
9	14	202	35865	35867
9	14	203	35867	35874
9	14	204	35875	35878
9	14	205	35879	35900
9	14	206	35901	35914
9	14	207	35915	35932
9	14	208	35931	35964
9	55	209	35965	35968
9	55	210	35968	35976
9	55	211	35977	35990
9	55	212	35992	36004
9	55	213	36005	36012
9	55	214	36012	36020
9	55	215	36022	36044
9	55	216	36045	36050
9	55	217	36052	36061
9	2	218	36063	36070
9	2	219	36072	36081
9	2	220	36083	36103
9	2	221	36105	36120
9	55	222	36121	36122
9	55	223	36121	36158
9	55	224	36160	36183
9	55	225	36184	36188
9	55	226	36188	36207
9	55	227	36208	36215
9	63	228	36215	36218
9	63	229	36217	36234
9	63	230	36235	36236
9	63	231	36237	36268
9	63	232	36269	36302
9	63	233	36302	36318
9	63	234	36319	36332
9	24	235	36333	36338
9	24	236	36340	36343
9	24	237	36345	36351
9	24	238	36352	36354
9	24	239	36356	36357
9	8	240	36359	36392
9	8	241	36393	36402
9	8	242	36404	36416
9	8	243	36415	36416
9	8	244	36418	36438
9	11	245	36439	36476
9	11	246	36477	36490
9	11	247	36491	36517
9	11	248	36519	36532
9	2	256	36564	36580
9	2	257	36582	36587
9	2	258	36588	36589
9	2	259	36590	36596
9	2	260	36598	36616
9	2	261	36618	36640
9	14	262	36641	36642
9	14	263	36641	36642
9	14	264	36643	36652
9	14	265	36653	36661
9	14	266	36662	36669
9	14	267	36670	36696
9	14	268	36697	36708
9	14	269	36707	36716
9	8	270	36718	36753
9	8	271	36753	36805
9	11	272	36807	36810
9	11	273	36811	36814
9	11	274	36816	36837
9	11	275	36838	36846
9	11	276	36847	36850
