0	0	1	-1	3819
0	0	2	3825	5995
0	0	3	6168	6365
0	0	4	6388	7443
0	0	5	7578	7593
0	0	6	7670	7786
0	0	7	8043	9812
0	1	8	9862	12239
0	1	9	12265	12771
0	1	10	12820	15353
0	1	11	15380	18180
0	1	12	18218	18434
0	1	13	18469	21332
0	0	14	21354	24220
0	0	15	24261	27121
0	0	16	27286	29832
0	0	17	29866	30074
0	0	18	30089	30201
0	0	19	30242	32866
0	2	20	32898	32899
0	2	21	33095	35781
0	2	22	35795	38450
0	2	23	38462	38625
0	2	24	38660	39409
0	2	25	39456	41557
0	2	26	41568	44639
0	3	27	44663	47410
0	3	28	47412	51337
0	3	29	51359	53030
0	3	30	53036	56383
0	4	31	56398	56496
0	4	32	56716	59537
0	4	33	59546	62249
0	4	34	62278	64928
0	4	35	64955	65111
0	4	36	65126	67936
0	5	37	67942	71307
0	5	38	71314	74354
0	5	39	74454	74530
0	5	40	74539	75489
0	5	41	75515	77714
0	5	42	77719	78788
0	6	43	78794	78848
0	6	44	78859	82021
0	6	45	82090	85292
0	6	46	85331	85469
0	6	47	85490	89182
0	7	48	89281	92734
0	7	49	92741	93497
0	7	50	93502	96088
0	7	51	96088	96838
0	7	52	96878	98617
0	7	53	98623	99500
0	8	54	99594	99599
0	8	55	99799	103171
0	8	56	103356	106687
0	8	57	106747	110391
0	8	58	110489	110543
0	8	59	110578	110754
0	9	60	110782	110787
0	9	61	110942	113831
0	9	62	113874	114126
0	9	63	114159	122009
0	10	70	134466	141506
0	10	71	141525	141696
0	10	72	141727	146349
0	11	73	146354	146355
0	11	74	146513	150132
0	11	75	150151	158176
0	12	76	158203	161258
0	12	77	161295	169181
0	12	78	169227	169470
0	3	79	169488	172396
0	3	80	172420	172861
0	3	81	172860	175386
0	3	82	175390	178030
0	3	83	178033	181050
0	13	84	181076	181081
0	13	85	181477	184196
0	13	86	184203	187368
0	13	87	187383	190238
0	13	88	190291	193093
0	14	89	193092	193093
0	14	90	193353	196126
0	14	91	196275	197345
0	14	92	197400	199151
0	14	93	199181	203487
0	12	94	203525	203529
0	12	95	203763	204261
0	12	96	204300	206658
0	12	97	206708	210034
0	12	98	210082	213375
0	12	99	213414	214291
0	12	100	214337	214516
0	15	101	214562	217158
0	15	102	217179	219976
0	15	103	219989	221449
0	15	104	221481	222322
0	15	105	222368	222899
0	15	106	222906	224545
0	15	107	224576	224781
0	5	108	224805	224994
0	5	109	225009	226212
0	5	110	226236	227605
0	5	111	227622	229784
0	5	112	229832	230619
0	5	113	230637	233155
0	5	114	233180	234221
0	13	115	234228	238452
0	13	116	238461	239957
0	13	117	239961	243025
0	13	118	243031	244122
0	13	119	244124	244472
0	13	120	244500	244639
0	16	121	244696	247425
0	16	122	247426	248722
0	16	123	248746	250232
0	16	124	250238	253050
0	16	125	253056	253308
0	16	126	253314	253418
0	16	127	253426	253428
0	16	128	253602	255163
0	17	129	255166	255169
0	17	130	255359	258188
0	17	131	258256	260840
0	17	132	260864	262989
0	17	133	263017	263023
0	17	134	263066	264139
0	17	135	264163	267408
0	18	136	267588	270484
0	18	137	270485	270505
0	18	138	270799	273468
0	18	139	273495	274832
0	18	140	274864	275262
0	18	141	275272	277478
0	18	142	277580	277711
0	3	143	277730	280208
0	3	144	280221	281570
0	3	145	281623	284045
0	3	146	284053	289332
0	19	147	289384	290775
0	19	148	290778	293231
0	19	149	293236	294630
0	19	150	294635	295847
0	19	151	295852	297154
0	19	152	297205	297206
0	19	153	297542	299949
0	20	154	299955	299956
0	20	155	300378	304529
0	20	156	304784	306052
0	20	157	306065	308683
0	20	158	308704	310002
0	20	159	310190	311459
0	20	160	311503	311518
0	20	161	311771	311952
0	18	162	311960	313156
0	18	163	313194	317008
0	18	164	317027	319312
0	18	165	319331	321727
0	18	166	321744	323096
0	18	167	323264	323458
0	18	168	323498	323661
0	21	169	323699	323700
0	21	170	323784	325116
0	21	171	325147	326400
0	21	172	326430	328640
0	21	173	328699	329279
0	21	174	329294	331901
0	21	175	332013	333870
0	15	176	333878	335499
0	15	177	335531	336771
0	15	178	336792	339312
0	15	179	339321	339654
0	15	180	339697	340660
0	15	181	340676	341940
0	15	182	341950	341951
0	15	183	342118	344640
0	13	184	344704	348291
0	13	185	348298	350683
0	13	186	350691	351898
0	13	187	352199	353356
0	13	188	353565	354566
0	13	189	354600	356037
0	19	190	356069	356583
0	19	191	356589	357584
0	19	192	357592	359999
0	19	193	360000	361936
0	19	194	361938	362669
0	19	195	362672	367508
0	13	196	367511	370181
0	13	197	370193	372685
0	13	198	372702	375374
0	13	199	375411	379361
0	19	200	379385	382248
0	19	201	382251	384986
0	19	202	384989	385137
0	19	203	385141	390394
0	22	204	390399	393196
0	22	205	393205	394188
0	22	206	394202	395855
0	22	207	395861	396091
0	22	208	396097	398763
0	22	209	398770	401284
0	22	210	401292	401434
0	23	211	401438	404270
0	23	212	404299	405393
0	23	213	405418	406909
0	23	214	406943	407722
0	23	215	407792	407822
0	23	216	407854	412054
0	23	217	412072	412677
0	0	218	412684	412837
0	0	219	412866	418286
0	0	220	418313	419123
0	0	221	419162	422710
0	22	222	422746	423969
0	22	223	424016	425636
0	22	224	425666	428228
0	22	225	428291	429400
0	22	226	429430	429623
0	22	227	429665	429836
0	22	228	429888	430821
0	24	229	430827	434033
0	24	230	434085	436182
0	24	231	436219	439103
0	24	232	439137	439366
0	24	233	439433	442346
0	4	234	442403	444873
0	4	235	444973	446037
0	4	236	446064	447518
0	4	237	447538	447661
0	4	238	447678	450257
0	4	239	450284	450759
0	4	240	450959	450984
0	4	241	451278	451500
0	25	242	451514	455195
0	25	243	455226	459562
0	22	244	459622	463434
0	22	245	463475	464311
0	22	246	464349	467384
0	22	247	467413	467564
0	22	248	467584	467723
0	22	249	467767	467775
0	22	250	467812	470612
0	26	251	470632	470695
0	26	252	470847	474348
0	26	253	474349	475240
0	26	254	475245	477753
0	26	255	477756	477910
0	26	256	477916	481413
0	26	257	481413	482426
0	27	266	492026	492806
0	27	267	492827	494154
0	27	268	494186	494251
0	27	269	494674	494753
0	27	270	494931	495402
0	27	271	495607	495843
0	27	272	495877	501664
0	27	273	501712	505323
0	3	274	505349	508880
0	3	275	509182	509511
0	3	276	509534	510524
0	3	277	510694	513063
0	3	278	513086	516599
0	3	279	516808	517082
0	28	280	517168	517169
0	28	281	517172	520675
0	28	282	520678	521031
0	28	283	521033	524309
0	28	284	524316	528041
0	28	285	528062	528068
0	28	286	528097	528224
0	29	287	528267	528709
0	29	288	528732	531827
0	29	289	531862	535257
0	29	290	535303	535675
0	29	291	535696	536462
0	29	292	536498	537845
0	29	293	537887	539238
0	30	294	539276	539313
0	30	295	539463	543028
0	30	296	543032	543355
0	30	297	543382	546917
0	30	298	546920	547305
1	31	4	549649	551859
1	31	5	551915	553341
1	31	6	553346	555430
1	31	7	555454	557467
1	31	8	557478	558013
1	31	9	558174	559647
1	27	10	559667	562385
1	27	11	562397	565047
1	27	12	565082	565576
1	27	13	565609	570069
1	27	14	570105	570732
1	30	15	570742	570743
1	30	16	570910	573527
1	30	17	573537	576393
1	30	18	576413	576598
1	30	19	576636	579248
1	30	20	579263	581716
1	29	31	604215	609825
1	29	32	609833	610639
1	29	33	610659	612111
1	29	34	612139	613020
1	29	35	613028	615244
1	29	36	615289	615788
1	3	37	615811	615812
1	3	38	616008	619330
1	3	39	619340	620777
1	3	40	620804	622792
1	3	41	622808	623155
1	3	42	623239	627030
1	32	43	627047	630383
1	32	44	630411	631515
1	32	45	631547	633690
1	32	46	633735	636120
1	32	47	636153	637004
1	32	48	637010	637137
1	32	49	637173	637304
1	29	53	647983	648847
1	10	59	660231	663932
1	10	60	664081	671872
1	33	73	695333	703154
1	33	74	703184	705274
1	33	75	705312	707948
1	33	76	707969	707974
1	33	77	708215	711739
1	33	78	711774	719746
1	17	79	719764	721456
2	2	1	721501	723418
2	2	2	723431	725257
2	2	3	725277	727021
2	2	4	727038	728833
2	2	5	728836	729875
2	2	6	729901	732721
2	2	7	732739	735318
2	2	8	735330	735627
2	2	9	735653	736390
2	2	10	736497	738155
2	2	11	738169	740820
2	2	12	740841	741674
2	34	13	741706	744480
2	34	14	744517	744648
2	34	15	744653	747322
2	34	16	747362	748474
2	34	17	748538	750152
2	34	18	750156	752213
2	34	19	752255	752969
2	34	20	753021	755927
2	34	21	755936	758676
2	34	22	758681	759885
2	34	23	759908	759909
2	34	24	760102	761780
2	34	25	761785	764714
2	34	26	764723	767485
2	34	27	767493	770117
2	34	28	770133	770284
2	34	29	770342	773012
2	34	30	773022	775954
2	35	31	775967	778945
2	35	32	778973	784393
2	35	33	784419	784586
2	35	34	784643	784793
2	35	35	784844	787574
2	36	36	787582	788760
2	36	37	788778	791242
2	36	38	791259	794716
2	36	39	794739	794868
2	36	40	794895	796054
2	36	41	796087	798536
2	8	42	798544	798545
2	8	43	798794	802133
2	8	44	802344	805575
2	8	45	805663	810251
2	5	46	810288	811044
2	5	47	811064	813751
2	5	48	813762	818172
2	5	49	818189	820528
2	5	50	820547	820806
2	10	51	820813	824240
2	10	52	824256	824266
2	10	53	824712	828015
2	10	54	828045	831650
2	5	55	831654	832414
2	5	56	832434	835221
2	5	57	835239	837327
2	5	58	837511	843047
2	5	59	843066	843201
2	2	60	843210	851669
2	2	61	851713	852585
2	2	62	852643	855434
2	14	63	855452	855453
2	30	64	855499	855519
2	30	65	855827	858864
2	30	66	858900	862377
2	30	67	862385	864989
2	30	68	865028	867579
2	2	69	867613	868120
2	2	70	868119	868144
2	2	71	868192	871492
2	2	72	871525	878163
2	2	73	878190	880153
2	2	74	880174	882940
2	2	75	882945	885647
2	2	76	885655	887296
2	2	77	887331	887906
2	2	78	887929	889318
2	2	79	889354	891475
2	2	80	891478	891502
2	2	81	891537	891805
2	19	82	891820	894880
2	19	83	894890	895471
2	19	84	895495	897826
2	19	85	897830	900561
2	19	86	900568	903281
2	37	87	903434	906237
2	37	88	906283	907612
2	37	89	907636	909298
2	37	90	909324	912087
2	37	91	912114	912599
2	37	92	912629	915309
2	31	93	915316	918272
2	31	94	918301	919565
2	5	95	919592	922362
2	5	96	922386	924029
2	5	97	924042	924053
2	5	98	924076	924225
2	28	99	924236	926968
2	28	100	926970	929639
2	28	101	929642	932302
2	27	102	932306	932984
2	27	103	933141	935614
2	27	104	935640	940415
2	27	105	940444	941787
2	27	106	941807	944667
2	19	107	944698	948875
2	19	108	948896	950375
2	19	109	950381	953278
2	19	110	953282	953412
2	19	111	953416	956223
2	8	112	956227	959360
2	8	113	959367	960928
2	8	114	960945	965353
2	8	115	965376	967860
2	8	116	967921	968572
2	8	117	968591	971789
2	8	118	971849	972463
2	8	119	972524	975016
2	8	120	975074	976324
2	8	121	976376	977570
2	8	122	977735	979009
2	8	123	979168	980758
2	38	124	980780	984801
2	38	125	984819	987208
2	38	126	987228	990861
2	38	127	990884	992256
2	38	128	992264	992565
2	39	129	992588	996920
2	39	130	996930	999349
2	39	131	999368	1000837
2	39	132	1000863	1001939
2	39	133	1001944	1003235
2	40	134	1003279	1003337
2	40	135	1003584	1006085
2	40	136	1006112	1007347
2	40	137	1007362	1008667
2	40	138	1008670	1009911
2	40	139	1009924	1011141
2	40	140	1011146	1012374
2	40	141	1012379	1013569
2	40	142	1013574	1013722
2	41	143	1013726	1015035
2	41	144	1015045	1016273
2	41	145	1016308	1017592
2	41	146	1017612	1018778
2	41	147	1018806	1020029
2	41	148	1020060	1021315
2	41	149	1021340	1022663
2	41	150	1022684	1022794
2	41	151	1022825	1024126
2	17	152	1024178	1025241
2	17	153	1025664	1025952
2	39	154	1026028	1028483
2	39	155	1028521	1028522
2	39	156	1028717	1031252
2	39	157	1031778	1031779
2	39	158	1031942	1033176
2	39	159	1033205	1034516
2	39	160	1034561	1035845
2	5	165	1048511	1048512
2	5	166	1048717	1052283
2	5	167	1052289	1053499
2	5	168	1053503	1054649
2	5	169	1054654	1055866
2	5	170	1055870	1057070
2	5	171	1057073	1058219
2	5	172	1058226	1059783
2	42	181	1072113	1074995
2	42	182	1075021	1075518
2	42	183	1075556	1077832
2	42	184	1077856	1080695
2	42	185	1080727	1082425
2	22	186	1082447	1085321
2	22	187	1085347	1088171
2	22	188	1088194	1088993
2	22	189	1089020	1091903
2	22	190	1091909	1093152
2	43	204	1115964	1120525
2	43	205	1120569	1121818
2	43	206	1121844	1127041
2	43	207	1127058	1127209
3	38	1	1127208	1149531
3	38	2	1149544	1152815
3	38	3	1152825	1154914
3	38	4	1154924	1156872
3	38	5	1156877	1157262
3	38	6	1157265	1157548
3	38	7	1157594	1158680
3	26	8	1158707	1161487
3	26	9	1161493	1162839
3	26	10	1162856	1164898
3	26	11	1164915	1167121
3	26	12	1167132	1169704
3	36	13	1169709	1170256
3	36	14	1170272	1172556
3	36	15	1172558	1175202
3	36	16	1175201	1177820
3	36	17	1177820	1179601
3	36	18	1179611	1180607
3	37	19	1180632	1182230
3	37	20	1182286	1183732
3	37	21	1183744	1186174
3	37	22	1186188	1186750
3	37	23	1186779	1192088
3	37	24	1192107	1196126
3	37	25	1196158	1197781
3	37	26	1197821	1203104
3	36	27	1203122	1203747
3	36	28	1203762	1206150
3	36	29	1206162	1208831
3	36	30	1208860	1211888
3	36	31	1211910	1212038
3	36	32	1212086	1215078
3	10	33	1215080	1215081
3	10	34	1215123	1218436
3	10	35	1218448	1218602
3	10	36	1218664	1222289
3	10	37	1222319	1222342
3	39	38	1222361	1225914
3	39	39	1225938	1229264
3	39	40	1229298	1229437
3	39	41	1229478	1232970
3	39	42	1233004	1233158
3	44	43	1233179	1243296
3	44	44	1243314	1243496
3	36	45	1243521	1244296
3	36	46	1244315	1247090
3	36	47	1247106	1250744
3	36	48	1250750	1254871
3	45	49	1254888	1262263
3	45	50	1262312	1267940
3	38	51	1267960	1271510
3	38	52	1271539	1274400
3	38	53	1274420	1274600
3	38	54	1274635	1279981
3	29	55	1279998	1287837
3	29	56	1287997	1288195
3	29	57	1288257	1292107
3	38	58	1292137	1299461
3	38	59	1299488	1303860
3	38	60	1303888	1303898
3	38	61	1303924	1304666
3	30	62	1304723	1308315
3	30	63	1308390	1311281
3	30	64	1311288	1315104
3	30	65	1315132	1316110
3	30	66	1316154	1316155
3	45	67	1316157	1316158
3	45	68	1316354	1316847
3	45	69	1316863	1319295
3	45	70	1319328	1322081
3	45	71	1322115	1325110
3	45	72	1325146	1325309
3	45	73	1325353	1328119
3	11	74	1328130	1328131
3	11	75	1328567	1329009
3	11	76	1329083	1331451
3	11	77	1331479	1332713
3	11	78	1332785	1335507
3	11	79	1336502	1336527
3	11	80	1336644	1338348
3	11	81	1338395	1338425
3	11	82	1338468	1338700
3	26	83	1338741	1341510
3	26	84	1341520	1342803
3	26	85	1342817	1344229
3	26	86	1344239	1346946
3	26	87	1346957	1349832
3	26	88	1349849	1349998
3	29	89	1350011	1350650
3	29	90	1350679	1353068
3	29	91	1353103	1356677
3	29	92	1356694	1358960
3	29	93	1359013	1360760
3	37	94	1360973	1363733
3	37	95	1363844	1365246
3	37	96	1365270	1366674
3	37	97	1366700	1369397
3	37	98	1369421	1372234
3	30	99	1372255	1375157
3	30	100	1375162	1377887
3	30	101	1377893	1381053
3	30	102	1381090	1384035
3	44	103	1384041	1386268
3	44	104	1386281	1390025
3	44	105	1390058	1394685
3	44	106	1394725	1395051
3	37	107	1395059	1399240
3	37	108	1399269	1400748
3	37	109	1400776	1400962
3	37	110	1400987	1403721
3	37	111	1403731	1406507
3	44	112	1406534	1410988
3	44	113	1411012	1414911
3	44	114	1414931	1417448
3	2	115	1417456	1418913
3	2	116	1418945	1421528
3	2	117	1421547	1423970
3	2	118	1423999	1424470
3	2	119	1424492	1424969
3	2	120	1425166	1425579
3	2	121	1425597	1426306
3	2	122	1426584	1427665
3	2	123	1427669	1427694
3	2	124	1427708	1428009
3	41	125	1428033	1430535
3	41	126	1430559	1430709
3	20	127	1430826	1430827
3	20	128	1430997	1433031
3	20	129	1433203	1433327
3	20	130	1433574	1435799
3	20	131	1435853	1437090
3	20	132	1437315	1438663
3	20	133	1438679	1443922
3	44	134	1443965	1445274
3	44	135	1445284	1446507
3	44	136	1446514	1449159
3	44	137	1449175	1450532
3	44	138	1450561	1452356
3	44	139	1452370	1454133
3	19	140	1454142	1457772
3	19	141	1457777	1460233
3	19	142	1460240	1461369
3	19	143	1461789	1462918
3	19	144	1463063	1463273
3	19	145	1463280	1464947
3	19	146	1465148	1465484
3	29	147	1465522	1466526
3	29	148	1466803	1467098
3	29	149	1467411	1469870
3	29	150	1469901	1472337
3	29	151	1473033	1474243
3	29	152	1474266	1475586
3	29	153	1475625	1476899
3	35	154	1476932	1480946
3	35	155	1480972	1484623
3	35	156	1484649	1485792
3	35	157	1485865	1490907
3	41	158	1490923	1490925
3	41	159	1491183	1493756
3	41	160	1493938	1495105
3	41	161	1495145	1496327
3	41	162	1496367	1497647
3	41	163	1497666	1498890
3	41	164	1498909	1500145
3	41	165	1500164	1500284
3	41	166	1500538	1500571
3	41	167	1500910	1502270
3	38	168	1502321	1502322
3	38	169	1502547	1503776
3	38	170	1503782	1509861
3	38	171	1509870	1512406
3	38	172	1512433	1513559
3	38	173	1513601	1514023
3	35	174	1514081	1516803
3	35	175	1516820	1519335
3	35	176	1519362	1522082
3	35	177	1522121	1522886
3	35	178	1523076	1525804
3	45	179	1525820	1526286
3	45	180	1526492	1532135
3	45	181	1532176	1534804
3	45	182	1534846	1534861
3	45	183	1534912	1537762
3	21	184	1537802	1540681
3	21	185	1540696	1543272
3	21	186	1543462	1546207
3	21	187	1546230	1549220
3	21	188	1549241	1549421
3	35	189	1549424	1557487
3	35	190	1557525	1558206
3	35	191	1558228	1559282
3	35	192	1559307	1561360
3	16	193	1561376	1563900
3	16	194	1563907	1566217
3	16	195	1566221	1569059
3	16	196	1569063	1570848
3	35	197	1570848	1573578
3	35	198	1573597	1576209
3	35	199	1576244	1578060
3	35	200	1578076	1579089
3	35	201	1579120	1579904
3	35	202	1579917	1581971
3	19	203	1581976	1584574
3	19	204	1584599	1584732
3	19	205	1584760	1585771
3	19	206	1585920	1587543
3	19	207	1587586	1591883
3	19	208	1591893	1594654
3	30	209	1594691	1597389
3	30	210	1597426	1599844
3	30	211	1599853	1599854
3	30	212	1599883	1602366
3	30	213	1602380	1602529
3	30	214	1602537	1605397
3	36	215	1605406	1605958
3	36	216	1605969	1606268
3	36	217	1606514	1609425
3	36	218	1609436	1612879
3	36	219	1612897	1613969
3	40	220	1613979	1614344
3	40	221	1614361	1618061
3	40	222	1618064	1621987
3	40	223	1621997	1625528
3	17	224	1625545	1627759
3	17	225	1627949	1629450
3	17	226	1629612	1630509
3	17	227	1630805	1633657
3	17	228	1634764	1636014
3	17	229	1636197	1637618
3	32	230	1637661	1639081
3	32	231	1639080	1639365
3	32	232	1639571	1639783
3	32	233	1640016	1640018
3	32	234	1640352	1641076
3	32	235	1641112	1643711
3	32	236	1643776	1643898
3	32	237	1643902	1647846
3	23	238	1647861	1654795
3	23	239	1654820	1655034
3	23	240	1655054	1657167
3	37	245	1664190	1667780
3	37	246	1667802	1671295
3	37	247	1671337	1674076
3	37	248	1674123	1675264
3	37	249	1675290	1675526
3	37	250	1675733	1676126
3	35	251	1676156	1683748
3	35	252	1683774	1684861
3	35	253	1684895	1687840
3	19	254	1687853	1691446
3	19	255	1691450	1691814
3	19	256	1691816	1695053
3	19	257	1695058	1698838
3	17	258	1698842	1699307
3	17	259	1699575	1702674
3	17	260	1702703	1706092
3	17	261	1706118	1706488
3	17	262	1706514	1707289
3	17	263	1707318	1708840
3	17	264	1708879	1710232
3	41	265	1710244	1711136
3	41	266	1711292	1712429
3	41	267	1712467	1714301
3	41	268	1714302	1717912
3	41	269	1717915	1718337
3	41	270	1718344	1719088
4	0	1	1719095	1721963
4	0	2	1721979	1724540
4	0	3	1724549	1727448
4	0	4	1727452	1727610
4	0	5	1727631	1730512
4	7	6	1730562	1732084
4	7	7	1732116	1733644
4	7	8	1733653	1736288
4	7	9	1736305	1737059
4	7	10	1737065	1739194
4	7	11	1739197	1740397
4	7	12	1740404	1740746
4	7	13	1740959	1741179
4	46	14	1741215	1744544
4	46	15	1744550	1745908
4	46	16	1745932	1747681
4	46	17	1747693	1750913
4	46	18	1750925	1751295
4	46	19	1751490	1751788
4	10	20	1751851	1751852
4	10	21	1752162	1755464
4	10	22	1755480	1755481
4	15	48	1794327	1795508
4	15	49	1795637	1801183
4	15	50	1801233	1802662
4	15	51	1802708	1802849
4	15	52	1802858	1805443
4	3	53	1805463	1808220
4	3	54	1808253	1809366
4	3	55	1809699	1811287
4	3	56	1811322	1813862
4	3	57	1813879	1816424
4	3	58	1816449	1816705
4	10	59	1816735	1816743
4	10	60	1816903	1819562
4	10	61	1819585	1824617
4	10	62	1824623	1824796
4	10	63	1824819	1827876
4	10	64	1828029	1828352
4	20	65	1828360	1833755
4	20	66	1833764	1833988
4	20	67	1833996	1836546
4	20	68	1836559	1840661
4	21	69	1840698	1843327
4	21	70	1843340	1845680
4	21	71	1846111	1848783
4	21	72	1848814	1849492
4	21	73	1849544	1851413
4	27	74	1851422	1851709
4	27	75	1851730	1854308
4	27	76	1854319	1854971
4	27	77	1854992	1858131
4	27	78	1858159	1863042
4	27	79	1863058	1866105
4	27	80	1866133	1871507
4	27	81	1871513	1874513
4	13	82	1874533	1875156
4	13	83	1875179	1878528
4	13	84	1878530	1879955
4	13	85	1879968	1882817
4	13	86	1882856	1886686
4	46	87	1886712	1890435
4	46	88	1890442	1893896
4	46	89	1893911	1897770
4	27	90	1897783	1898216
4	27	91	1898259	1901981
4	27	92	1902006	1905959
4	27	93	1905960	1909762
4	44	94	1909789	1911970
4	44	95	1912014	1913506
4	44	96	1913509	1914416
4	44	97	1914440	1917265
4	44	98	1917291	1921081
4	44	99	1921129	1921264
4	47	100	1921270	1924963
4	47	101	1924966	1925848
4	47	102	1925862	1928514
4	47	103	1928522	1928660
4	47	104	1928700	1932390
4	27	105	1932413	1936536
4	27	106	1936542	1939854
4	27	107	1939875	1940103
4	27	108	1940122	1943694
4	27	109	1943718	1943875
4	33	116	1955399	1956135
4	3	119	1957381	1957721
4	3	120	1957735	1959066
4	3	121	1959089	1964720
4	3	122	1964726	1965078
4	3	123	1965104	1965835
4	3	124	1965860	1967600
4	3	125	1967625	1968337
5	47	1	1968365	1970614
5	47	2	1970642	1972081
5	47	3	1972081	1974143
5	47	4	1974161	1976203
5	47	5	1976208	1976261
5	47	6	1976291	1976566
5	47	7	1976567	1976796
5	47	8	1976861	1976995
5	47	9	1977169	1977176
5	47	10	1977221	1978261
5	3	11	1978285	1980909
5	3	12	1980924	1983530
5	3	13	1983536	1984732
5	3	14	1984743	1986135
5	3	15	1986141	1989188
5	3	16	1989189	1989447
5	3	17	1989453	1992195
5	3	18	1992223	1994834
5	3	19	1994840	1996055
5	3	20	1996059	1997585
5	3	21	1997599	1999372
5	6	22	1999407	2002049
5	6	23	2002074	2004614
5	6	24	2004622	2004623
5	6	25	2004630	2007245
5	6	26	2007249	2007402
5	6	27	2007430	2010463
5	31	28	2010501	2014505
5	31	29	2014551	2016196
5	31	30	2016244	2021726
5	6	31	2021749	2021750
5	6	32	2021811	2024839
5	6	33	2024838	2027522
5	6	34	2027528	2030111
5	6	35	2030129	2030277
5	6	36	2030289	2033108
5	45	37	2033122	2033370
5	45	38	2033803	2037420
5	29	39	2037560	2037568
5	29	40	2037881	2037885
5	29	41	2038176	2039814
5	29	42	2039835	2039836
5	29	43	2039895	2041761
5	29	44	2041761	2042862
5	29	45	2042925	2045197
5	29	46	2045199	2047137
5	29	47	2047171	2048651
5	48	48	2048726	2052102
5	48	49	2052252	2053381
5	48	50	2053429	2055562
5	48	51	2055619	2056971
5	48	52	2057007	2058099
5	48	53	2058145	2059065
5	23	54	2059186	2059964
5	23	55	2059976	2059993
5	23	56	2060001	2062583
5	23	57	2062592	2065952
5	23	58	2065971	2066135
5	23	59	2066167	2066624
5	23	60	2066819	2067154
5	23	61	2067168	2069640
5	23	62	2069876	2070682
5	2	63	2070736	2078068
5	2	64	2078106	2080179
5	2	65	2080825	2083817
5	45	66	2083816	2083817
5	45	67	2083991	2090534
5	45	68	2090580	2095788
5	45	69	2095828	2095845
5	45	70	2095867	2096008
5	46	71	2096030	2099223
5	46	72	2099359	2107944
5	12	73	2107970	2111439
5	12	74	2111610	2111852
5	12	75	2111870	2115329
5	12	76	2115357	2118976
5	12	77	2119020	2119372
5	12	78	2119407	2119536
5	4	79	2119564	2122955
5	4	80	2122962	2129980
5	4	81	2130007	2130960
5	49	82	2131017	2131018
5	49	83	2131176	2132843
5	49	84	2133018	2134158
5	49	85	2134182	2136816
5	49	86	2136837	2136975
5	49	87	2136990	2139615
5	49	88	2139653	2140924
5	38	89	2140995	2140996
5	38	90	2141283	2141714
5	38	91	2141734	2144028
5	38	92	2144052	2144228
5	38	93	2144234	2149350
5	3	94	2149354	2150885
5	3	95	2150897	2156260
5	3	96	2156267	2159085
5	3	97	2159112	2159245
5	10	98	2159257	2160041
5	10	99	2160228	2162479
5	10	100	2162488	2165052
5	10	101	2165070	2165234
5	10	102	2165260	2170850
5	14	103	2170891	2170892
5	14	104	2171052	2173720
5	14	105	2173726	2173728
5	14	106	2173794	2176085
5	14	107	2176342	2179742
5	14	108	2179754	2183058
5	49	109	2183092	2183093
5	49	110	2183271	2183460
5	49	111	2183485	2184700
5	49	112	2184727	2186104
5	49	113	2186127	2188287
5	49	114	2188301	2189038
5	49	115	2189060	2191587
5	49	116	2191614	2192648
5	49	117	2192691	2192692
5	49	118	2192952	2195595
5	49	119	2195632	2196789
5	49	120	2196816	2198398
5	49	121	2198427	2199088
5	49	122	2199128	2201374
5	49	123	2201392	2201534
5	49	124	2201559	2202392
5	5	125	2202656	2203160
5	5	126	2203187	2205422
5	5	127	2205442	2207955
5	5	128	2208176	2209267
5	5	129	2210634	2212202
5	5	130	2212491	2214501
5	39	131	2214512	2218680
5	39	132	2218715	2220188
5	39	133	2220208	2220379
5	39	134	2220395	2223091
5	39	135	2223098	2225779
5	48	141	2237140	2238519
5	48	142	2238743	2240450
5	48	143	2240476	2243232
5	48	144	2243259	2247061
5	48	145	2247095	2247984
5	48	146	2248022	2248626
5	48	147	2248654	2251090
5	48	148	2251118	2252561
5	48	149	2252829	2255298
5	48	150	2255303	2256948
5	48	151	2256991	2259840
5	4	152	2259855	2261150
5	4	153	2261403	2265101
5	4	154	2265106	2266290
5	4	155	2266303	2269660
5	4	156	2269694	2269952
5	4	157	2269952	2271174
5	41	185	2306099	2306441
5	41	186	2306478	2309840
5	41	187	2309855	2309932
5	41	188	2309958	2313595
5	41	189	2313605	2316006
5	41	190	2316054	2317358
5	24	191	2317379	2321232
5	24	192	2321266	2322482
5	24	193	2322499	2323682
5	24	194	2323688	2324856
5	24	195	2324872	2328930
5	24	196	2329044	2329192
5	24	197	2331003	2331040
5	24	198	2331523	2331540
5	24	199	2331777	2332130
5	24	200	2332503	2332519
5	24	201	2332738	2333129
5	22	202	2333240	2333382
5	22	203	2333408	2337007
5	22	204	2337026	2339683
5	22	205	2339715	2342271
5	22	206	2342277	2344451
5	35	214	2353934	2354090
5	35	215	2354110	2355558
5	35	216	2355583	2355609
5	19	217	2355657	2358091
5	19	218	2358246	2360880
5	19	219	2360909	2363212
5	19	220	2363241	2363486
5	19	221	2363539	2364884
5	40	235	2383838	2383839
5	40	236	2384006	2386470
5	40	237	2386483	2389819
5	40	238	2389862	2394585
6	45	1	2433079	2434946
6	45	2	2434955	2436760
6	45	3	2436788	2437026
6	45	4	2437066	2438042
6	45	5	2438079	2439960
6	50	6	2439975	2441567
6	50	7	2441633	2443071
6	50	8	2443074	2445707
6	50	9	2445708	2446143
6	50	10	2446159	2451123
6	45	11	2451158	2453937
6	45	12	2453950	2456769
6	45	13	2456776	2456989
6	45	14	2457044	2459798
6	45	15	2459810	2460157
6	45	16	2460352	2460586
6	45	17	2460679	2460816
6	51	18	2460840	2463745
6	51	19	2463785	2466632
6	51	20	2466666	2466858
6	51	21	2466892	2469652
6	51	22	2469683	2471869
6	51	23	2471901	2472634
6	29	24	2472657	2472663
6	29	25	2472957	2475069
6	29	26	2475130	2480649
6	29	27	2480678	2485109
6	31	28	2485121	2490745
6	31	29	2490789	2490935
6	31	30	2490961	2491539
6	31	31	2491575	2495159
6	31	32	2495191	2496667
6	35	33	2496669	2496852
6	35	34	2496983	2500649
6	35	35	2500672	2504125
6	35	36	2504139	2504273
6	35	37	2504321	2508912
6	35	38	2508914	2516107
6	35	39	2516134	2516274
6	35	40	2516303	2516448
6	35	41	2516482	2521135
6	3	42	2521161	2524447
6	3	43	2524448	2528555
6	3	44	2528568	2530088
6	3	45	2530091	2531322
6	3	46	2531392	2532321
6	29	47	2532327	2535667
6	29	48	2535725	2536436
6	29	49	2536568	2539295
6	29	50	2539310	2539688
6	29	51	2539699	2541687
6	29	52	2541789	2542158
6	29	53	2542201	2543030
6	31	54	2543053	2546903
6	31	55	2546922	2550242
6	31	56	2550292	2550470
6	31	57	2550494	2551742
6	31	58	2551770	2555067
6	49	59	2555117	2558884
6	49	60	2558897	2563900
6	49	61	2563912	2566765
6	49	62	2567140	2567458
6	31	63	2567534	2570927
6	31	64	2570951	2574514
6	31	65	2574541	2578798
6	31	66	2578821	2579527
6	35	67	2579562	2586532
6	35	68	2586580	2591682
6	51	69	2591705	2597698
6	51	70	2597733	2597883
6	51	71	2597929	2598058
6	51	72	2598102	2603301
6	51	73	2603327	2606817
6	51	74	2606832	2609355
6	51	75	2609625	2609749
6	51	76	2610079	2610203
6	51	77	2610231	2613261
6	51	78	2613283	2613284
6	51	79	2613300	2616229
6	51	80	2616278	2622096
6	8	81	2622113	2625156
6	8	82	2625249	2628088
6	8	83	2628123	2630789
6	8	84	2630808	2633796
6	8	85	2633823	2633876
6	8	86	2633905	2634066
6	11	87	2634086	2634666
6	11	88	2634693	2637185
6	11	89	2637315	2640041
6	11	90	2640259	2640718
6	23	91	2640756	2643351
6	23	92	2643363	2645600
6	23	93	2645618	2649355
6	29	94	2649362	2649363
6	29	95	2649524	2652849
6	29	96	2652883	2655048
6	29	97	2655078	2655843
6	29	98	2655869	2656528
6	29	99	2656569	2658768
6	29	100	2658799	2658978
6	38	101	2658996	2664850
6	38	102	2664866	2665026
6	38	103	2665079	2667759
6	38	104	2667770	2670416
6	38	105	2670437	2673255
6	38	106	2673265	2678603
6	38	107	2678640	2681206
6	38	108	2681242	2681341
6	38	109	2681545	2681726
6	38	110	2681757	2681871
6	38	111	2681893	2681935
6	30	112	2681957	2687520
6	30	113	2687583	2690906
6	30	114	2690940	2693692
6	30	115	2693729	2694148
6	3	116	2694174	2694175
6	3	117	2694425	2697235
6	3	118	2697254	2699818
6	3	119	2699835	2701983
6	3	120	2702016	2702021
6	3	121	2702067	2703137
6	3	122	2703142	2706390
6	11	123	2706420	2706428
6	11	124	2706590	2709453
6	11	125	2709541	2709542
6	11	126	2709818	2712484
6	11	127	2712504	2713795
6	11	128	2713827	2714226
6	11	129	2714256	2716463
6	11	130	2716492	2716502
6	11	131	2716548	2716711
6	52	132	2716732	2718090
6	52	133	2718121	2720564
6	52	134	2720597	2722757
6	52	135	2722782	2724793
6	52	136	2724815	2726487
6	52	137	2726644	2727163
6	24	138	2727211	2728632
6	24	139	2728668	2732332
6	24	140	2732359	2733568
6	24	141	2733618	2736996
6	24	142	2737028	2737296
6	24	143	2737346	2738571
6	18	144	2738601	2738602
6	18	145	2739065	2743038
6	18	146	2743064	2744348
6	18	147	2744359	2746959
6	18	148	2746979	2748287
6	18	149	2748345	2749900
6	18	150	2749933	2750146
6	23	151	2750201	2751591
6	23	152	2751608	2752880
6	23	153	2752891	2754139
6	23	154	2754152	2754172
6	23	155	2754190	2756554
6	23	156	2756569	2757765
6	23	157	2757786	2758558
6	23	158	2758574	2759431
6	23	159	2759456	2759476
6	23	160	2759539	2759756
6	11	161	2759793	2762719
6	11	162	2762747	2764009
6	11	163	2764039	2766658
6	11	164	2766697	2769178
6	11	165	2769208	2771753
6	12	166	2771771	2771804
6	12	167	2771988	2773466
6	12	168	2773501	2774715
6	12	169	2774726	2776045
6	12	170	2776244	2777529
6	12	171	2777538	2780954
6	12	172	2781125	2781368
6	12	173	2781463	2782465
6	40	174	2782493	2786263
6	40	175	2786270	2787646
6	40	176	2787656	2788756
6	40	177	2788790	2789943
6	40	178	2789950	2792330
6	40	179	2792331	2793689
6	32	180	2793694	2795014
6	32	181	2795054	2796237
6	32	182	2796240	2797441
6	32	183	2797449	2798630
6	32	184	2798653	2799867
6	32	185	2799879	2801135
6	32	186	2801169	2803804
6	32	187	2804008	2804345
6	53	188	2804410	2805677
6	53	189	2805849	2810292
6	53	190	2810313	2811481
6	53	191	2811555	2812979
6	53	192	2813019	2813216
6	53	193	2813264	2815945
6	42	194	2815980	2818744
6	42	195	2818755	2821058
6	42	196	2821068	2821285
6	42	197	2821315	2823848
6	42	198	2823866	2826354
6	42	199	2826419	2826432
6	42	200	2826467	2826584
6	12	206	2837250	2838430
6	12	207	2838462	2840203
6	12	208	2840246	2841227
6	12	209	2841253	2842996
6	12	210	2843033	2843840
6	12	211	2843863	2846174
6	12	212	2846206	2846367
6	12	213	2846393	2847453
6	12	214	2847487	2847672
6	52	215	2847702	2850699
6	52	216	2850734	2853355
6	52	217	2853418	2854282
6	52	218	2854309	2857753
6	52	219	2857863	2857994
6	12	220	2858016	2859106
6	12	221	2859137	2860771
6	12	222	2860838	2863325
6	12	223	2863351	2864159
6	12	224	2864195	2866945
6	12	225	2866967	2867001
6	12	226	2867051	2867189
6	12	227	2867219	2867383
6	37	228	2867404	2870148
6	37	229	2870168	2870334
6	37	230	2870357	2872906
6	37	231	2872928	2873120
6	37	232	2873157	2875770
6	37	233	2875789	2876142
6	37	234	2876163	2876248
6	37	235	2876443	2876466
6	37	236	2876649	2878022
6	16	237	2878052	2882505
6	16	238	2882505	2885152
6	16	239	2885155	2886946
6	30	240	2886949	2890773
6	30	241	2890778	2894276
6	30	242	2894281	2894425
6	30	243	2894449	2894942
6	30	244	2895009	2898064
6	30	245	2898134	2898670
6	54	246	2898756	2903217
6	54	247	2903230	2907174
6	54	248	2907183	2908967
6	54	249	2909232	2911105
6	29	250	2911205	2912550
6	29	251	2912619	2914874
6	29	252	2914914	2918510
6	29	253	2918545	2919528
6	29	254	2919943	2922778
6	29	255	2922828	2922949
6	3	256	2922982	2926753
6	3	257	2926769	2927627
6	3	258	2927650	2930293
6	3	259	2930318	2930464
6	3	260	2930493	2934204
6	55	261	2934240	2937746
6	55	262	2937755	2941403
6	55	263	2941416	2941817
6	55	264	2941862	2943385
6	55	265	2943415	2945416
6	55	266	2945441	2945670
6	19	272	2956830	2958247
6	19	273	2958273	2964350
6	19	274	2964382	2967824
6	23	279	2980159	2987055
6	23	280	2987067	2987129
6	23	281	2987164	2990808
6	23	282	2991073	2991087
6	19	283	2991099	2991100
6	19	284	2991348	2992061
6	19	285	2992243	2994722
6	19	286	2994726	2995135
6	19	287	2995140	2998751
6	19	288	2998757	2999115
6	19	289	2999116	2999871
7	23	1	2999883	3000263
7	23	2	3000291	3003462
7	23	3	3003482	3005584
7	23	4	3005630	3005792
7	23	5	3005819	3005970
7	23	6	3005989	3008705
7	23	7	3008807	3010200
7	36	8	3010279	3011884
7	36	9	3011932	3015993
7	36	10	3015996	3016421
7	36	11	3016454	3021393
7	51	12	3021411	3024261
7	51	13	3024324	3027142
7	51	14	3027168	3029964
7	51	15	3030005	3030126
7	51	16	3030164	3032862
7	13	17	3032903	3032904
7	13	18	3033116	3035886
7	13	19	3035892	3035893
7	13	20	3035898	3036996
7	13	21	3037031	3038645
7	13	22	3038723	3039233
7	13	23	3039261	3041682
7	52	24	3041734	3044326
7	52	25	3044354	3047161
7	52	26	3047176	3047299
7	52	27	3047341	3047668
7	52	28	3047693	3050169
7	23	29	3050229	3050874
7	23	30	3050901	3055501
7	23	31	3055530	3057587
7	23	32	3057610	3060244
7	23	33	3060270	3061759
7	23	34	3061971	3062311
7	26	35	3062316	3065652
7	26	36	3065655	3066342
7	26	37	3066360	3069020
7	26	38	3069023	3071539
7	26	39	3071581	3072385
7	50	40	3072388	3073078
7	50	41	3073093	3079152
7	50	42	3079156	3082608
7	49	43	3082607	3083530
7	49	44	3083563	3086244
7	49	45	3086402	3090816
7	49	46	3090845	3093194
7	49	47	3093213	3093317
7	49	48	3093458	3093579
7	24	55	3100941	3108199
7	24	56	3108279	3108537
7	24	57	3108571	3111139
7	24	58	3111153	3112513
7	8	59	3112523	3116776
7	8	60	3116777	3119658
7	8	61	3119663	3123953
7	20	75	3160351	3160352
7	20	76	3160505	3163432
7	20	77	3163455	3163573
7	20	78	3163608	3166444
7	20	79	3166490	3172233
7	8	80	3172253	3172266
7	8	81	3172494	3177752
7	8	82	3177786	3180315
7	8	83	3180373	3180784
7	8	84	3180823	3183184
7	40	85	3183214	3183733
7	40	86	3183841	3186397
7	40	87	3186440	3189630
7	40	88	3189672	3192573
7	40	89	3192608	3194444
7	40	90	3194482	3194693
7	8	99	3218307	3218308
7	8	100	3218391	3224555
7	8	101	3224575	3227856
7	8	102	3227886	3229624
7	8	103	3229657	3230403
7	19	132	3284440	3288385
7	19	133	3288422	3290926
7	19	134	3290963	3296348
7	28	135	3296386	3299194
7	28	136	3299202	3300452
7	28	137	3300465	3301715
7	28	138	3301735	3304626
7	56	153	3326692	3328450
7	56	154	3328627	3331139
7	56	155	3331160	3332351
7	56	156	3332373	3333583
7	56	157	3333612	3334823
7	56	158	3334839	3337556
7	52	159	3337602	3341658
7	52	160	3341672	3345304
7	52	161	3345318	3346489
7	52	162	3346494	3350159
7	0	164	3353965	3354705
7	0	165	3354772	3357571
7	0	166	3357592	3358786
7	0	167	3358818	3361180
7	0	168	3361212	3364942
7	8	169	3364950	3365861
7	8	170	3365891	3368409
7	8	171	3368422	3368839
7	8	172	3368856	3372470
7	8	173	3372526	3372917
8	28	1	3372916	3373220
8	28	2	3373443	3375106
8	28	3	3375108	3376771
8	28	4	3376779	3376780
8	28	5	3376779	3377511
8	28	6	3377529	3378627
8	28	7	3378628	3378763
8	28	8	3378774	3380641
8	28	9	3380641	3382459
8	31	10	3382469	3385376
8	31	11	3385394	3386769
8	31	12	3386801	3388843
8	31	13	3388877	3391176
8	31	14	3391193	3393767
8	31	15	3393772	3394165
8	27	16	3394184	3399903
8	27	17	3400011	3400012
8	27	18	3400036	3402096
8	27	19	3402123	3402612
8	27	20	3402629	3405733
8	46	21	3405734	3408357
8	46	22	3408361	3410933
8	46	23	3410939	3413587
8	46	24	3413591	3413722
8	46	25	3413754	3416170
8	47	26	3416176	3418881
8	47	27	3418885	3421664
8	47	28	3421682	3424353
8	47	29	3424358	3427216
8	27	30	3427228	3430615
8	27	31	3430624	3433895
8	27	32	3433927	3438065
8	27	33	3438104	3438809
8	3	34	3438859	3442667
8	3	35	3442691	3445901
8	3	36	3445907	3446669
8	3	37	3446673	3449940
8	4	38	3449985	3453448
8	4	39	3453471	3456769
8	4	40	3456798	3456934
8	4	41	3456968	3460641
8	13	42	3460659	3460875
8	13	43	3460909	3464071
8	13	44	3464093	3467325
8	13	45	3467339	3467468
8	13	46	3467501	3470899
8	13	47	3470919	3471951
8	39	48	3471969	3475184
8	39	49	3475199	3478416
8	39	50	3478440	3478604
8	39	51	3478638	3478777
8	39	52	3479029	3482708
8	39	53	3482743	3482911
8	49	54	3482925	3485347
8	49	55	3485395	3488024
8	49	56	3488030	3492906
8	49	57	3492933	3494436
8	49	58	3494463	3494600
8	3	59	3494827	3497058
8	3	60	3497081	3501200
8	3	61	3501214	3501386
8	3	62	3501393	3506922
8	12	63	3506957	3506981
8	12	64	3507175	3510352
8	12	65	3510412	3510567
8	12	66	3510601	3516935
8	12	67	3516965	3518283
8	12	68	3518492	3518860
8	12	69	3518881	3519120
8	29	70	3519164	3519166
8	29	71	3519384	3520923
8	29	72	3520939	3520940
8	29	73	3520948	3521823
8	29	74	3521837	3522143
8	29	75	3522191	3522954
8	29	76	3523130	3525596
8	29	77	3525757	3530028
8	6	78	3530089	3530562
8	6	79	3530767	3531006
8	6	80	3531029	3532501
8	6	81	3532523	3533180
8	6	82	3533205	3541656
8	12	83	3541743	3542269
8	12	84	3542322	3544674
8	12	85	3544710	3545920
8	12	86	3545961	3548702
8	12	87	3548753	3548773
8	12	88	3548858	3550598
8	12	89	3550755	3550784
8	12	90	3550821	3551046
8	31	91	3551061	3555142
8	31	92	3555170	3556775
8	31	93	3556804	3559505
8	31	94	3559555	3560034
8	31	95	3560062	3562738
8	19	96	3562776	3562777
8	19	97	3563018	3563539
8	19	98	3563569	3565732
8	19	99	3565735	3566200
8	19	100	3566211	3566430
8	19	101	3566441	3572571
8	2	102	3572574	3572575
8	2	103	3572594	3575297
8	2	104	3575304	3575324
8	2	105	3575368	3581244
8	2	106	3581282	3583890
8	2	107	3584255	3584808
8	57	108	3584831	3587659
8	57	109	3587879	3591394
8	57	110	3591440	3596736
8	57	111	3596772	3596977
8	31	112	3597020	3600162
8	31	113	3600183	3601448
8	31	114	3601468	3603057
8	31	115	3603076	3603681
8	31	116	3603711	3606129
8	31	117	3606174	3606517
8	31	118	3606522	3607480
8	8	119	3607496	3610351
8	8	120	3610377	3611664
8	8	121	3611673	3613148
8	8	122	3613179	3616270
8	8	123	3616275	3616315
8	8	124	3616356	3617546
8	8	125	3617579	3617696
8	8	126	3617725	3617734
8	8	127	3617772	3617788
8	8	128	3617823	3617983
8	28	129	3618000	3622227
8	28	130	3622233	3623703
8	28	131	3623706	3623889
8	28	132	3623899	3626611
8	28	133	3626615	3629391
8	46	134	3629415	3632258
8	46	135	3632301	3634938
8	46	136	3634945	3637540
8	46	137	3637547	3638497
8	46	138	3638562	3638687
8	46	139	3638882	3639342
8	19	140	3639367	3642507
8	19	141	3642712	3643320
8	19	142	3643335	3645796
8	19	143	3645800	3647026
8	19	144	3647038	3648224
8	19	145	3648230	3649494
8	19	146	3649497	3650650
8	19	147	3650677	3650693
8	19	148	3650750	3650941
8	5	149	3650963	3652444
8	5	150	3652466	3653616
8	5	151	3653652	3654724
8	5	152	3654733	3655807
8	5	153	3655807	3656916
8	5	154	3656942	3657535
8	5	155	3657553	3658308
8	5	156	3658320	3658944
8	5	157	3658961	3661155
8	8	158	3661168	3661188
8	8	159	3661203	3661235
8	8	160	3661329	3663893
8	8	161	3663919	3665332
8	8	162	3665360	3666601
8	8	163	3666703	3667964
8	8	164	3668091	3668206
8	8	165	3668449	3670842
8	45	166	3670880	3670894
8	45	167	3671153	3672388
8	45	168	3672669	3673965
8	45	169	3673986	3677677
8	45	170	3677708	3680899
8	45	171	3681471	3682820
8	5	172	3682919	3684252
8	5	173	3684269	3685428
8	5	174	3685447	3686637
8	5	175	3686658	3687762
8	5	176	3687774	3688972
8	5	177	3688989	3690194
8	5	178	3690211	3691433
8	5	179	3691465	3691687
8	5	180	3691724	3692836
8	20	181	3692842	3694074
8	20	182	3694116	3695434
8	20	183	3695599	3696869
8	20	184	3696882	3699479
8	20	185	3699486	3701968
8	20	186	3702165	3704685
8	20	187	3704930	3705444
8	20	188	3705519	3706049
8	20	189	3706346	3706401
8	20	190	3709407	3709576
8	20	191	3710192	3710193
8	53	192	3711881	3711899
8	53	193	3711931	3711932
8	53	194	3712124	3713671
8	53	195	3713799	3715062
8	53	196	3715110	3717737
8	53	197	3717781	3718179
8	53	198	3718221	3719187
8	53	199	3719242	3720515
8	53	200	3720532	3723483
8	39	201	3723508	3727063
8	39	202	3727067	3728460
8	39	203	3728488	3729607
8	39	204	3729636	3730789
8	39	205	3730811	3732008
8	39	206	3732007	3733115
8	39	207	3733117	3734527
8	15	208	3734546	3735829
8	15	209	3735965	3737152
8	15	210	3737159	3738369
8	15	211	3738405	3739596
8	15	212	3739600	3740764
8	15	213	3740779	3742929
8	3	214	3742951	3745684
8	3	215	3745710	3746759
8	3	216	3746788	3748524
8	3	217	3748542	3749230
8	3	218	3749256	3751505
8	3	219	3751530	3751910
8	3	220	3752115	3752136
8	3	221	3752156	3752485
8	27	222	3752541	3755310
8	27	223	3755323	3757985
8	27	224	3758001	3760787
8	27	225	3760926	3761263
8	27	226	3761279	3764301
8	58	227	3764343	3767121
8	58	228	3767140	3769636
8	58	229	3769688	3769805
8	58	230	3769816	3772400
8	58	231	3772415	3773437
8	58	232	3773472	3775110
8	13	236	3784183	3788573
8	13	237	3788598	3789874
8	13	238	3789903	3792531
8	13	239	3792573	3795100
8	13	240	3795126	3795296
8	19	241	3795295	3795689
8	19	242	3795853	3799055
8	19	243	3799059	3802137
8	19	244	3802146	3804767
8	19	245	3805048	3805997
8	19	246	3806153	3807036
8	45	247	3807072	3810287
8	45	248	3810340	3812419
8	45	249	3812444	3815323
8	45	250	3815357	3815560
8	45	251	3815591	3818513
8	59	252	3818564	3823161
8	59	253	3823192	3823678
8	59	254	3823706	3826208
8	59	255	3826227	3826519
8	59	256	3826605	3829157
8	59	257	3829232	3829402
8	58	258	3829415	3833181
8	58	259	3833190	3834226
8	58	260	3834536	3837711
8	58	261	3837713	3841764
8	29	262	3841795	3845618
8	29	263	3845634	3845872
8	29	264	3845910	3853354
8	29	265	3853387	3853831
8	29	266	3853860	3854006
8	29	267	3854025	3854195
8	8	268	3854218	3854817
8	8	269	3854900	3854901
8	8	270	3855147	3862363
8	8	271	3862406	3864660
8	8	272	3864713	3865591
8	5	273	3865595	3866327
8	5	274	3866348	3869131
8	5	275	3869146	3869494
8	5	276	3869544	3869573
8	5	277	3870029	3870040
8	5	278	3870230	3873571
8	5	279	3873603	3874077
8	5	280	3874095	3877216
8	2	281	3877223	3881945
8	2	282	3881969	3884691
8	2	283	3884735	3884867
8	2	284	3884898	3889764
8	40	290	3901492	3901540
8	40	291	3901724	3905091
8	40	292	3905099	3908602
9	14	1	3908601	3908622
9	14	2	3908824	3911300
9	14	3	3911441	3912605
9	14	4	3912752	3912904
9	14	5	3913338	3913360
9	14	6	3913814	3913841
9	14	7	3913859	3915668
9	14	8	3915700	3916061
9	14	9	3916254	3919047
9	14	10	3919099	3919214
9	60	11	3919317	3921683
9	60	12	3921693	3922190
9	60	13	3922204	3927224
9	60	14	3927264	3927508
9	60	15	3927538	3930215
9	60	16	3930409	3930826
9	60	17	3930843	3933099
9	60	18	3933109	3935764
9	60	19	3935773	3938378
9	60	20	3938388	3940581
9	60	21	3940624	3941352
9	60	22	3941494	3946514
9	60	23	3946534	3952440
9	60	24	3952451	3957876
9	60	25	3957879	3960787
9	60	26	3960800	3960910
9	60	27	3960933	3963911
9	50	28	3963955	3966822
9	50	29	3966824	3969529
9	50	30	3969528	3972297
9	50	31	3972301	3974972
9	52	32	3974981	3976302
9	52	33	3976345	3978834
9	52	34	3978860	3982328
9	52	35	3982352	3983697
9	52	36	3983727	3986010
9	60	37	3986029	3993028
9	60	38	3993058	3993191
9	60	39	3993227	3996818
9	37	40	3996859	3996860
9	37	41	3997076	4000416
9	37	42	4000442	4003902
9	37	43	4003956	4004130
9	37	44	4004161	4008335
9	37	45	4008553	4008922
9	26	46	4008944	4008945
9	26	47	4009190	4009879
9	26	48	4009895	4012590
9	26	49	4012593	4015775
9	26	50	4015777	4019278
9	11	51	4019279	4019387
9	11	52	4019650	4022907
9	11	53	4022934	4031766
9	52	54	4031784	4031785
9	52	55	4031953	4035557
9	52	56	4035584	4038275
9	52	57	4038335	4042122
9	52	58	4042145	4043012
9	52	59	4043058	4043432
9	49	60	4043466	4043481
9	49	61	4043650	4050485
9	49	62	4050505	4050648
9	49	63	4050665	4053969
9	49	64	4053982	4055465
9	10	65	4055501	4055502
9	10	66	4055708	4062826
9	10	67	4062850	4067611
9	52	68	4067673	4071481
9	52	69	4071510	4074971
9	52	70	4074994	4078625
9	52	71	4078649	4079123
9	52	72	4079146	4079384
9	19	73	4079415	4079416
9	19	74	4079584	4082284
9	19	75	4082291	4085080
9	19	76	4085087	4087922
9	19	77	4087926	4091062
9	14	78	4091081	4091082
9	14	79	4091454	4093480
9	14	80	4093550	4099317
9	14	81	4099345	4099821
9	14	82	4099850	4102259
9	11	83	4102289	4103065
9	11	84	4103117	4105718
9	11	85	4105755	4108906
9	11	86	4108956	4111878
9	11	87	4111923	4113762
9	11	88	4113793	4113896
9	49	89	4113928	4116899
9	49	90	4116916	4118181
9	49	91	4118198	4119334
9	49	92	4119375	4119897
9	49	93	4120347	4120496
9	49	94	4120517	4122773
9	49	95	4122791	4123393
9	52	96	4123435	4125992
9	52	97	4126034	4128795
9	52	98	4128818	4131443
9	52	99	4131504	4131637
9	52	100	4131657	4131802
9	52	101	4131835	4134950
9	11	102	4134980	4134981
9	11	103	4135145	4137869
9	11	104	4137894	4140654
9	11	105	4140769	4141196
9	11	106	4141250	4143990
9	11	107	4144058	4146344
9	11	108	4146371	4146536
9	55	109	4146572	4149521
9	55	110	4149527	4152272
9	55	111	4152278	4154698
9	55	112	4154707	4157879
9	61	113	4157976	4157977
9	61	114	4158139	4160751
9	61	115	4160780	4162053
9	61	116	4162080	4163360
9	61	117	4163388	4166147
9	61	118	4166155	4167830
9	61	119	4167850	4168830
9	61	120	4168859	4169002
9	2	121	4169014	4169764
9	2	122	4169794	4170872
9	2	123	4170905	4172807
9	14	124	4172865	4172866
9	14	125	4173050	4173494
9	14	126	4173688	4175862
9	14	127	4175880	4181568
9	12	128	4181620	4181724
9	12	129	4181900	4183348
9	12	130	4183373	4184497
9	12	131	4184924	4186004
9	12	132	4186227	4187294
9	12	133	4187327	4188428
9	12	134	4188481	4189088
9	12	135	4189118	4189851
9	12	136	4189889	4190522
9	12	137	4190549	4192736
9	61	138	4192753	4194110
9	61	139	4194146	4195323
9	61	140	4195343	4196500
9	61	141	4196502	4197737
9	61	142	4197738	4199927
9	61	143	4199929	4201160
9	61	144	4201159	4202326
9	61	145	4202326	4203722
9	53	146	4203735	4203738
9	53	147	4204021	4204060
9	53	148	4204264	4208086
9	53	149	4208129	4208348
9	53	150	4208372	4210955
9	53	151	4210993	4216467
9	46	152	4216534	4217662
9	46	153	4217685	4222323
9	46	154	4222323	4223495
9	46	155	4223500	4224691
9	0	156	4224701	4226012
9	0	157	4226077	4227403
9	18	158	4227425	4227426
9	18	159	4227610	4231491
9	18	160	4231501	4233777
9	18	161	4233791	4235007
9	18	162	4235027	4235028
9	18	163	4235359	4236443
9	18	164	4236480	4239084
9	18	165	4239139	4239283
9	62	166	4239319	4242957
9	62	167	4242981	4244180
9	62	168	4244187	4245443
9	62	169	4245449	4246657
9	62	170	4246676	4247916
9	62	171	4247924	4248084
9	62	172	4248144	4248165
9	62	173	4248215	4249554
9	45	174	4249606	4249610
9	45	175	4249836	4251013
9	45	176	4251075	4256230
9	45	177	4256276	4257744
9	30	178	4257839	4260582
9	30	179	4260616	4263128
9	30	180	4263134	4265914
9	30	181	4265924	4267350
9	30	182	4267512	4267516
9	30	183	4267574	4269002
9	29	184	4269034	4269035
9	29	185	4269186	4271814
9	29	186	4271830	4274504
9	29	187	4274528	4275018
9	29	188	4275226	4277491
9	29	189	4277493	4279353
9	29	190	4279375	4279935
9	48	191	4279998	4282850
9	48	192	4282870	4285388
9	48	193	4285447	4285598
9	48	194	4285679	4288291
9	48	195	4288323	4289338
9	48	196	4289376	4291026
9	14	197	4291125	4291741
9	14	198	4291786	4294460
9	14	199	4294536	4299734
9	14	200	4299756	4300839
9	14	201	4300863	4301118
9	14	202	4301151	4301159
9	14	203	4301432	4303164
9	14	204	4303254	4304235
9	14	205	4304271	4308702
9	14	206	4308816	4311345
9	14	207	4311470	4311854
9	14	208	4312061	4312863
9	55	209	4313147	4315804
9	55	210	4315812	4318438
9	55	211	4318444	4321212
9	55	212	4321260	4324165
9	55	213	4324189	4326764
9	55	214	4326768	4329360
9	55	215	4329381	4332339
9	55	216	4332350	4332584
9	55	217	4332647	4335420
9	2	218	4335472	4337990
9	2	219	4338013	4338409
9	2	220	4338443	4341799
9	2	221	4341830	4346833
9	55	222	4346851	4346852
9	55	223	4347055	4350723
9	55	224	4350753	4354180
9	55	225	4354207	4354360
9	55	226	4354380	4354883
9	55	227	4354921	4357976
9	63	228	4357992	4357996
9	63	229	4358174	4358460
9	63	230	4358472	4358534
9	63	231	4358648	4362367
9	63	232	4362394	4366340
9	63	233	4366346	4368126
9	63	234	4368231	4370129
9	24	235	4370141	4371577
9	24	236	4371610	4377619
9	24	237	4377646	4378680
9	24	238	4378714	4380291
9	24	239	4380318	4381714
9	8	240	4381783	4385714
9	8	241	4385882	4386709
9	8	242	4386740	4389398
9	8	243	4389612	4389752
9	8	244	4389779	4393352
9	11	245	4393508	4397301
9	11	246	4397332	4397685
9	11	247	4397718	4401362
9	11	248	4401407	4404530
9	2	256	4415721	4419151
9	2	257	4419178	4419528
9	2	258	4419536	4419558
9	2	259	4419591	4419828
9	2	260	4419855	4423355
9	2	261	4423400	4427048
9	14	262	4427077	4427078
9	14	263	4427326	4427690
9	14	264	4427787	4430837
9	14	265	4431096	4431448
9	14	266	4431489	4434670
9	14	267	4434713	4437513
9	14	268	4437603	4437788
9	14	269	4438013	4438258
9	8	270	4438470	4445186
9	8	271	4445213	4449325
9	11	272	4449382	4449883
9	11	273	4449919	4453000
9	11	274	4453025	4456399
9	11	275	4456420	4456798
9	11	276	4456839	4457617
