0	0	1	0	8
0	0	2	7	17
0	0	3	18	19
0	0	4	18	19
0	0	5	18	19
0	0	6	19	21
0	0	7	20	21
0	1	8	26	28
0	1	9	29	30
0	1	10	29	30
0	1	11	29	30
0	1	12	29	30
0	1	13	31	32
0	0	14	31	35
0	0	15	34	36
0	0	16	37	39
0	0	17	38	39
0	0	18	38	39
0	0	19	40	41
0	2	20	40	41
0	2	21	41	42
0	2	22	42	43
0	2	23	42	44
0	2	24	43	44
0	2	25	43	44
0	2	26	43	51
0	3	27	50	56
0	3	28	55	62
0	3	29	61	63
0	3	30	63	68
0	4	31	69	71
0	4	32	70	71
0	4	33	70	72
0	4	34	71	73
0	4	35	72	73
0	4	36	72	74
0	5	37	73	75
0	5	38	74	79
0	5	39	78	79
0	5	40	79	80
0	5	41	81	83
0	5	42	82	84
0	6	43	83	87
0	6	44	89	93
0	6	45	92	94
0	6	46	93	94
0	6	47	93	96
0	7	48	99	102
0	7	49	102	103
0	7	50	102	104
0	7	51	103	105
0	7	52	108	110
0	7	53	109	111
0	8	54	112	114
0	8	55	114	116
0	8	56	115	118
0	8	57	120	122
0	8	58	123	126
0	8	59	125	126
0	9	60	127	129
0	9	61	129	133
0	9	62	134	136
0	9	63	137	139
0	10	70	154	158
0	10	71	157	159
0	10	72	160	162
0	11	73	161	162
0	11	74	162	163
0	11	75	162	168
0	12	76	171	175
0	12	77	176	181
0	12	78	180	181
0	3	79	180	182
0	3	80	181	183
0	3	81	182	185
0	3	82	184	186
0	3	83	186	187
0	13	84	186	188
0	13	85	188	189
0	13	86	188	196
0	13	87	197	200
0	13	88	199	201
0	14	89	200	201
0	14	90	201	204
0	14	91	203	206
0	14	92	205	206
0	14	93	205	211
0	12	94	212	214
0	12	95	216	217
0	12	96	216	217
0	12	97	218	221
0	12	98	222	229
0	12	99	228	233
0	12	100	232	233
0	15	101	234	241
0	15	102	241	244
0	15	103	244	247
0	15	104	248	249
0	15	105	250	257
0	15	106	257	260
0	15	107	261	262
0	5	108	264	265
0	5	109	264	266
0	5	110	267	271
0	5	111	272	276
0	5	112	277	280
0	5	113	281	283
0	5	114	282	284
0	13	115	283	287
0	13	116	286	288
0	13	117	287	290
0	13	118	290	291
0	13	119	290	294
0	13	120	293	295
0	16	121	294	300
0	16	122	299	301
0	16	123	300	301
0	16	124	300	304
0	16	125	303	305
0	16	126	304	306
0	16	127	305	306
0	16	128	305	307
0	17	129	306	308
0	17	130	308	309
0	17	131	310	315
0	17	132	316	318
0	17	133	317	318
0	17	134	319	324
0	17	135	323	329
0	18	136	328	332
0	18	137	331	333
0	18	138	333	335
0	18	139	336	340
0	18	140	341	343
0	18	141	342	347
0	18	142	348	349
0	3	143	348	353
0	3	144	354	358
0	3	145	359	361
0	3	146	360	368
0	19	147	369	371
0	19	148	370	373
0	19	149	372	374
0	19	150	373	375
0	19	151	374	376
0	19	152	378	379
0	19	153	379	382
0	20	154	381	382
0	20	155	382	383
0	20	156	382	383
0	20	157	382	384
0	20	158	383	387
0	20	159	386	387
0	20	160	386	387
0	20	161	386	387
0	18	162	386	390
0	18	163	392	394
0	18	164	393	395
0	18	165	394	396
0	18	166	395	399
0	18	167	400	401
0	18	168	402	403
0	21	169	406	407
0	21	170	407	409
0	21	171	410	414
0	21	172	415	420
0	21	173	421	422
0	21	174	421	428
0	21	175	430	433
0	15	176	434	437
0	15	177	436	438
0	15	178	438	442
0	15	179	441	444
0	15	180	443	444
0	15	181	443	445
0	15	182	444	445
0	15	183	445	447
0	13	184	450	455
0	13	185	455	457
0	13	186	456	458
0	13	187	458	461
0	13	188	461	462
0	13	189	463	467
0	19	190	466	469
0	19	191	469	470
0	19	192	469	473
0	19	193	472	475
0	19	194	474	476
0	19	195	475	482
0	13	196	481	484
0	13	197	483	485
0	13	198	484	490
0	13	199	491	494
0	19	200	493	496
0	19	201	496	497
0	19	202	496	498
0	19	203	497	500
0	22	204	499	501
0	22	205	500	502
0	22	206	501	503
0	22	207	502	504
0	22	208	505	508
0	22	209	507	511
0	22	210	510	513
0	23	211	512	521
0	23	212	522	524
0	23	213	525	527
0	23	214	526	528
0	23	215	527	528
0	23	216	527	530
0	23	217	531	533
0	0	218	532	535
0	0	219	536	538
0	0	220	539	541
0	0	221	540	553
0	22	222	553	555
0	22	223	558	560
0	22	224	559	562
0	22	225	561	567
0	22	226	566	567
0	22	227	566	568
0	22	228	567	569
0	24	229	568	572
0	24	230	575	577
0	24	231	576	579
0	24	232	580	582
0	24	233	581	586
0	4	234	589	591
0	4	235	590	592
0	4	236	591	593
0	4	237	592	593
0	4	238	592	594
0	4	239	593	597
0	4	240	596	597
0	4	241	596	597
0	25	242	598	601
0	25	243	600	602
0	22	244	603	606
0	22	245	605	607
0	22	246	606	610
0	22	247	609	611
0	22	248	610	612
0	22	249	611	612
0	22	250	611	613
0	26	251	612	614
0	26	252	614	615
0	26	253	614	616
0	26	254	615	617
0	26	255	616	618
0	26	256	617	619
0	26	257	618	626
0	27	266	640	641
0	27	267	641	643
0	27	268	642	645
0	27	269	646	647
0	27	270	648	650
0	27	271	649	650
0	27	272	649	653
0	27	273	652	657
0	3	274	656	660
0	3	275	660	662
0	3	276	665	667
0	3	277	666	668
0	3	278	669	673
0	3	279	672	673
0	28	280	675	676
0	28	281	675	678
0	28	282	677	679
0	28	283	678	681
0	28	284	680	683
0	28	285	682	683
0	28	286	682	683
0	29	287	682	684
0	29	288	685	687
0	29	289	686	688
0	29	290	687	689
0	29	291	691	692
0	29	292	693	697
0	29	293	696	698
0	30	294	699	702
0	30	295	702	707
0	30	296	706	708
0	30	297	707	708
0	30	298	708	709
1	31	4	722	726
1	31	5	727	728
1	31	6	727	730
1	31	7	729	731
1	31	8	731	732
1	31	9	731	735
1	27	10	734	736
1	27	11	735	737
1	27	12	736	738
1	27	13	737	739
1	27	14	738	739
1	30	15	738	739
1	30	16	739	740
1	30	17	740	741
1	30	18	740	742
1	30	19	743	744
1	30	20	743	745
1	29	31	765	768
1	29	32	767	770
1	29	33	771	773
1	29	34	774	776
1	29	35	775	779
1	29	36	780	782
1	3	37	781	782
1	3	38	782	783
1	3	39	782	787
1	3	40	789	790
1	3	41	789	791
1	3	42	790	794
1	32	43	793	795
1	32	44	794	796
1	32	45	795	797
1	32	46	796	799
1	32	47	798	802
1	32	48	801	803
1	32	49	802	806
1	29	53	811	812
1	10	59	828	832
1	10	60	831	833
1	33	73	860	865
1	33	74	866	868
1	33	75	869	874
1	33	76	873	876
1	33	77	875	878
1	33	78	878	879
1	17	79	878	881
2	2	1	882	884
2	2	2	883	887
2	2	3	886	888
2	2	4	888	891
2	2	5	891	892
2	2	6	892	897
2	2	7	897	898
2	2	8	898	899
2	2	9	898	899
2	2	10	898	899
2	2	11	898	900
2	2	12	900	903
2	34	13	902	904
2	34	14	903	904
2	34	15	904	905
2	34	16	905	906
2	34	17	911	912
2	34	18	912	917
2	34	19	918	919
2	34	20	920	924
2	34	21	923	925
2	34	22	925	928
2	34	23	927	928
2	34	24	927	928
2	34	25	928	929
2	34	26	928	930
2	34	27	929	931
2	34	28	931	932
2	34	29	933	934
2	34	30	933	935
2	35	31	934	940
2	35	32	941	944
2	35	33	943	945
2	35	34	944	945
2	35	35	944	946
2	36	36	945	948
2	36	37	951	953
2	36	38	952	955
2	36	39	954	955
2	36	40	954	956
2	36	41	955	957
2	8	42	958	959
2	8	43	959	961
2	8	44	962	964
2	8	45	965	971
2	5	46	970	972
2	5	47	973	975
2	5	48	974	977
2	5	49	978	980
2	5	50	981	983
2	10	51	983	986
2	10	52	985	986
2	10	53	986	987
2	10	54	987	988
2	5	55	987	989
2	5	56	988	990
2	5	57	989	991
2	5	58	990	994
2	5	59	993	995
2	2	60	994	1000
2	2	61	999	1001
2	2	62	1008	1010
2	14	63	1009	1010
2	30	64	1010	1012
2	30	65	1012	1014
2	30	66	1013	1014
2	30	67	1013	1016
2	30	68	1017	1024
2	2	69	1025	1028
2	2	70	1027	1028
2	2	71	1029	1031
2	2	72	1030	1032
2	2	73	1031	1036
2	2	74	1035	1038
2	2	75	1037	1039
2	2	76	1038	1041
2	2	77	1040	1042
2	2	78	1041	1044
2	2	79	1043	1046
2	2	80	1045	1048
2	2	81	1047	1049
2	19	82	1048	1051
2	19	83	1050	1052
2	19	84	1051	1053
2	19	85	1052	1054
2	19	86	1053	1055
2	37	87	1056	1058
2	37	88	1057	1063
2	37	89	1062	1065
2	37	90	1064	1066
2	37	91	1065	1069
2	37	92	1068	1073
2	31	93	1073	1077
2	31	94	1076	1078
2	5	95	1079	1081
2	5	96	1080	1082
2	5	97	1081	1082
2	5	98	1081	1083
2	28	99	1082	1085
2	28	100	1084	1086
2	28	101	1085	1087
2	27	102	1087	1097
2	27	103	1096	1097
2	27	104	1096	1101
2	27	105	1100	1105
2	27	106	1106	1109
2	19	107	1110	1116
2	19	108	1115	1117
2	19	109	1116	1118
2	19	110	1117	1119
2	19	111	1118	1121
2	8	112	1120	1126
2	8	113	1125	1127
2	8	114	1128	1132
2	8	115	1131	1133
2	8	116	1132	1134
2	8	117	1133	1141
2	8	118	1140	1142
2	8	119	1141	1144
2	8	120	1144	1146
2	8	121	1148	1150
2	8	122	1150	1151
2	8	123	1151	1152
2	38	124	1152	1161
2	38	125	1160	1163
2	38	126	1162	1166
2	38	127	1165	1169
2	38	128	1168	1169
2	39	129	1168	1172
2	39	130	1171	1174
2	39	131	1173	1180
2	39	132	1179	1180
2	39	133	1179	1181
2	40	134	1184	1190
2	40	135	1190	1192
2	40	136	1191	1193
2	40	137	1192	1194
2	40	138	1193	1195
2	40	139	1194	1197
2	40	140	1196	1198
2	40	141	1197	1199
2	40	142	1198	1200
2	41	143	1199	1201
2	41	144	1200	1202
2	41	145	1201	1204
2	41	146	1203	1205
2	41	147	1204	1206
2	41	148	1207	1209
2	41	149	1209	1211
2	41	150	1210	1212
2	41	151	1213	1215
2	17	152	1216	1218
2	17	153	1217	1218
2	39	154	1229	1238
2	39	155	1237	1238
2	39	156	1240	1245
2	39	157	1246	1247
2	39	158	1247	1248
2	39	159	1249	1256
2	39	160	1255	1256
2	5	165	1284	1285
2	5	166	1285	1288
2	5	167	1287	1292
2	5	168	1291	1293
2	5	169	1292	1294
2	5	170	1293	1295
2	5	171	1294	1296
2	5	172	1295	1297
2	42	181	1310	1312
2	42	182	1311	1313
2	42	183	1312	1314
2	42	184	1313	1318
2	42	185	1317	1323
2	22	186	1322	1326
2	22	187	1325	1327
2	22	188	1326	1328
2	22	189	1327	1334
2	22	190	1335	1337
2	43	204	1359	1368
2	43	205	1367	1370
2	43	206	1369	1372
2	43	207	1371	1373
3	38	1	1405	1406
3	38	2	1408	1418
3	38	3	1417	1431
3	38	4	1431	1432
3	38	5	1432	1435
3	38	6	1434	1435
3	38	7	1436	1437
3	26	8	1437	1440
3	26	9	1440	1443
3	26	10	1444	1446
3	26	11	1445	1446
3	26	12	1446	1447
3	36	13	1446	1448
3	36	14	1449	1450
3	36	15	1450	1451
3	36	16	1450	1454
3	36	17	1453	1455
3	36	18	1454	1455
3	37	19	1454	1457
3	37	20	1456	1457
3	37	21	1457	1458
3	37	22	1457	1459
3	37	23	1460	1466
3	37	24	1465	1469
3	37	25	1468	1470
3	37	26	1471	1476
3	36	27	1475	1477
3	36	28	1478	1480
3	36	29	1479	1481
3	36	30	1480	1484
3	36	31	1483	1484
3	36	32	1483	1485
3	10	33	1484	1485
3	10	34	1487	1489
3	10	35	1488	1490
3	10	36	1489	1491
3	10	37	1490	1491
3	39	38	1490	1493
3	39	39	1492	1494
3	39	40	1495	1496
3	39	41	1495	1497
3	39	42	1496	1497
3	44	43	1497	1510
3	44	44	1509	1510
3	36	45	1511	1514
3	36	46	1513	1515
3	36	47	1514	1516
3	36	48	1515	1517
3	45	49	1517	1519
3	45	50	1518	1520
3	38	51	1520	1522
3	38	52	1521	1522
3	38	53	1522	1523
3	38	54	1522	1524
3	29	55	1523	1531
3	29	56	1530	1531
3	29	57	1530	1534
3	38	58	1533	1537
3	38	59	1536	1542
3	38	60	1541	1542
3	38	61	1541	1542
3	30	62	1541	1545
3	30	63	1546	1547
3	30	64	1546	1548
3	30	65	1549	1550
3	30	66	1549	1550
3	45	67	1550	1551
3	45	68	1551	1552
3	45	69	1551	1553
3	45	70	1552	1554
3	45	71	1553	1558
3	45	72	1557	1559
3	45	73	1560	1561
3	11	74	1560	1561
3	11	75	1561	1562
3	11	76	1565	1566
3	11	77	1565	1567
3	11	78	1568	1570
3	11	79	1571	1572
3	11	80	1571	1572
3	11	81	1573	1574
3	11	82	1573	1574
3	26	83	1573	1575
3	26	84	1574	1576
3	26	85	1575	1577
3	26	86	1576	1578
3	26	87	1578	1585
3	26	88	1584	1585
3	29	89	1584	1586
3	29	90	1585	1587
3	29	91	1587	1592
3	29	92	1591	1595
3	29	93	1594	1596
3	37	94	1599	1601
3	37	95	1600	1602
3	37	96	1601	1603
3	37	97	1602	1607
3	37	98	1606	1611
3	30	99	1610	1615
3	30	100	1614	1616
3	30	101	1616	1620
3	30	102	1619	1623
3	44	103	1622	1625
3	44	104	1624	1631
3	44	105	1632	1634
3	44	106	1633	1634
3	37	107	1633	1640
3	37	108	1641	1643
3	37	109	1642	1644
3	37	110	1645	1647
3	37	111	1646	1648
3	44	112	1647	1650
3	44	113	1649	1652
3	44	114	1651	1652
3	2	115	1651	1653
3	2	116	1654	1658
3	2	117	1659	1665
3	2	118	1664	1672
3	2	119	1672	1673
3	2	120	1672	1674
3	2	121	1673	1678
3	2	122	1679	1681
3	2	123	1681	1683
3	2	124	1683	1684
3	41	125	1683	1688
3	41	126	1687	1688
3	20	127	1687	1688
3	20	128	1688	1695
3	20	129	1694	1695
3	20	130	1694	1695
3	20	131	1695	1696
3	20	132	1695	1696
3	20	133	1695	1701
3	44	134	1700	1702
3	44	135	1702	1703
3	44	136	1703	1711
3	44	137	1711	1713
3	44	138	1712	1714
3	44	139	1715	1717
3	19	140	1716	1725
3	19	141	1724	1729
3	19	142	1728	1730
3	19	143	1732	1734
3	19	144	1733	1734
3	19	145	1733	1737
3	19	146	1736	1737
3	29	147	1738	1740
3	29	148	1741	1744
3	29	149	1746	1749
3	29	150	1748	1751
3	29	151	1750	1752
3	29	152	1751	1758
3	29	153	1757	1758
3	35	154	1757	1761
3	35	155	1760	1764
3	35	156	1763	1765
3	35	157	1764	1771
3	41	158	1770	1772
3	41	159	1772	1777
3	41	160	1777	1778
3	41	161	1777	1779
3	41	162	1778	1780
3	41	163	1779	1781
3	41	164	1780	1782
3	41	165	1781	1782
3	41	166	1783	1784
3	41	167	1785	1787
3	38	168	1786	1787
3	38	169	1787	1788
3	38	170	1787	1807
3	38	171	1806	1811
3	38	172	1810	1812
3	38	173	1811	1814
3	35	174	1813	1815
3	35	175	1814	1818
3	35	176	1817	1820
3	35	177	1821	1823
3	35	178	1825	1826
3	45	179	1825	1829
3	45	180	1828	1836
3	45	181	1835	1837
3	45	182	1836	1837
3	45	183	1836	1841
3	21	184	1840	1842
3	21	185	1841	1843
3	21	186	1848	1855
3	21	187	1856	1859
3	21	188	1858	1859
3	35	189	1858	1865
3	35	190	1864	1868
3	35	191	1869	1871
3	35	192	1870	1873
3	16	193	1872	1875
3	16	194	1874	1876
3	16	195	1875	1879
3	16	196	1878	1881
3	35	197	1880	1883
3	35	198	1882	1884
3	35	199	1883	1885
3	35	200	1884	1886
3	35	201	1885	1887
3	35	202	1886	1888
3	19	203	1888	1890
3	19	204	1892	1894
3	19	205	1893	1895
3	19	206	1896	1899
3	19	207	1898	1904
3	19	208	1904	1909
3	30	209	1908	1912
3	30	210	1911	1913
3	30	211	1914	1915
3	30	212	1915	1917
3	30	213	1919	1920
3	30	214	1919	1926
3	36	215	1927	1930
3	36	216	1929	1930
3	36	217	1931	1932
3	36	218	1931	1935
3	36	219	1934	1937
3	40	220	1936	1938
3	40	221	1937	1939
3	40	222	1938	1941
3	40	223	1940	1942
3	17	224	1945	1947
3	17	225	1950	1952
3	17	226	1953	1955
3	17	227	1956	1958
3	17	228	1959	1961
3	17	229	1962	1963
3	32	230	1962	1966
3	32	231	1965	1968
3	32	232	1967	1968
3	32	233	1971	1972
3	32	234	1971	1973
3	32	235	1972	1974
3	32	236	1973	1975
3	32	237	1974	1979
3	23	238	1978	1984
3	23	239	1983	1985
3	23	240	1986	1991
3	37	245	2001	2003
3	37	246	2002	2005
3	37	247	2006	2008
3	37	248	2007	2010
3	37	249	2009	2010
3	37	250	2009	2014
3	35	251	2015	2019
3	35	252	2018	2020
3	35	253	2019	2025
3	19	254	2024	2031
3	19	255	2030	2032
3	19	256	2031	2035
3	19	257	2034	2036
3	17	258	2035	2037
3	17	259	2038	2040
3	17	260	2041	2043
3	17	261	2042	2044
3	17	262	2043	2045
3	17	263	2044	2050
3	17	264	2049	2053
3	41	265	2052	2054
3	41	266	2053	2054
3	41	267	2053	2055
3	41	268	2054	2056
3	41	269	2055	2057
3	41	270	2058	2060
4	0	1	2059	2063
4	0	2	2064	2066
4	0	3	2065	2066
4	0	4	2065	2067
4	0	5	2066	2067
4	7	6	2069	2070
4	7	7	2072	2073
4	7	8	2073	2074
4	7	9	2073	2075
4	7	10	2075	2076
4	7	11	2075	2077
4	7	12	2076	2078
4	7	13	2077	2078
4	46	14	2080	2082
4	46	15	2082	2083
4	46	16	2082	2083
4	46	17	2082	2084
4	46	18	2083	2085
4	46	19	2084	2085
4	10	20	2084	2085
4	10	21	2085	2086
4	10	22	2085	2086
4	15	48	2126	2127
4	15	49	2128	2133
4	15	50	2132	2133
4	15	51	2132	2133
4	15	52	2132	2134
4	3	53	2133	2136
4	3	54	2135	2137
4	3	55	2136	2142
4	3	56	2141	2143
4	3	57	2142	2144
4	3	58	2143	2146
4	10	59	2145	2148
4	10	60	2147	2148
4	10	61	2147	2150
4	10	62	2149	2151
4	10	63	2150	2153
4	10	64	2152	2153
4	20	65	2153	2158
4	20	66	2157	2159
4	20	67	2158	2160
4	20	68	2159	2162
4	21	69	2161	2163
4	21	70	2162	2164
4	21	71	2165	2170
4	21	72	2169	2171
4	21	73	2170	2172
4	27	74	2175	2177
4	27	75	2176	2178
4	27	76	2177	2180
4	27	77	2181	2184
4	27	78	2183	2186
4	27	79	2185	2188
4	27	80	2187	2194
4	27	81	2193	2196
4	13	82	2195	2198
4	13	83	2199	2203
4	13	84	2202	2204
4	13	85	2203	2206
4	13	86	2205	2208
4	46	87	2209	2212
4	46	88	2211	2214
4	46	89	2213	2220
4	27	90	2219	2222
4	27	91	2221	2223
4	27	92	2222	2225
4	27	93	2224	2227
4	44	94	2226	2228
4	44	95	2227	2228
4	44	96	2227	2229
4	44	97	2228	2230
4	44	98	2229	2234
4	44	99	2233	2234
4	47	100	2233	2235
4	47	101	2234	2236
4	47	102	2235	2236
4	47	103	2236	2239
4	47	104	2240	2243
4	27	105	2242	2245
4	27	106	2244	2246
4	27	107	2245	2247
4	27	108	2246	2249
4	27	109	2248	2250
4	33	116	2262	2265
4	3	119	2267	2271
4	3	120	2272	2276
4	3	121	2275	2278
4	3	122	2277	2279
4	3	123	2278	2280
4	3	124	2279	2281
4	3	125	2280	2282
5	47	1	2281	2284
5	47	2	2283	2284
5	47	3	2284	2286
5	47	4	2285	2288
5	47	5	2287	2291
5	47	6	2290	2291
5	47	7	2290	2291
5	47	8	2290	2291
5	47	9	2290	2291
5	47	10	2290	2294
5	3	11	2293	2296
5	3	12	2295	2297
5	3	13	2296	2298
5	3	14	2297	2300
5	3	15	2300	2302
5	3	16	2301	2302
5	3	17	2301	2303
5	3	18	2302	2304
5	3	19	2303	2305
5	3	20	2305	2306
5	3	21	2306	2311
5	6	22	2311	2313
5	6	23	2312	2313
5	6	24	2312	2313
5	6	25	2313	2314
5	6	26	2313	2315
5	6	27	2314	2318
5	31	28	2317	2320
5	31	29	2321	2325
5	31	30	2326	2331
5	6	31	2330	2331
5	6	32	2331	2333
5	6	33	2332	2334
5	6	34	2333	2335
5	6	35	2335	2336
5	6	36	2335	2337
5	45	37	2336	2339
5	45	38	2342	2343
5	29	39	2346	2347
5	29	40	2348	2349
5	29	41	2350	2356
5	29	42	2355	2356
5	29	43	2358	2359
5	29	44	2360	2361
5	29	45	2360	2362
5	29	46	2362	2363
5	29	47	2364	2365
5	48	48	2366	2368
5	48	49	2369	2371
5	48	50	2370	2372
5	48	51	2371	2373
5	48	52	2374	2376
5	48	53	2377	2379
5	23	54	2380	2382
5	23	55	2381	2382
5	23	56	2383	2385
5	23	57	2384	2387
5	23	58	2386	2388
5	23	59	2389	2393
5	23	60	2392	2393
5	23	61	2392	2394
5	23	62	2395	2396
5	2	63	2397	2400
5	2	64	2399	2401
5	2	65	2403	2404
5	45	66	2403	2404
5	45	67	2404	2405
5	45	68	2404	2406
5	45	69	2405	2406
5	45	70	2407	2408
5	46	71	2407	2411
5	46	72	2411	2416
5	12	73	2415	2418
5	12	74	2417	2418
5	12	75	2417	2422
5	12	76	2421	2426
5	12	77	2425	2426
5	12	78	2425	2430
5	4	79	2432	2434
5	4	80	2433	2438
5	4	81	2437	2439
5	49	82	2442	2443
5	49	83	2443	2444
5	49	84	2443	2445
5	49	85	2444	2446
5	49	86	2445	2447
5	49	87	2446	2448
5	49	88	2447	2450
5	38	89	2449	2450
5	38	90	2450	2451
5	38	91	2451	2452
5	38	92	2451	2452
5	38	93	2451	2454
5	3	94	2453	2455
5	3	95	2454	2459
5	3	96	2458	2460
5	3	97	2459	2460
5	10	98	2459	2462
5	10	99	2461	2462
5	10	100	2461	2463
5	10	101	2462	2464
5	10	102	2463	2466
5	14	103	2465	2466
5	14	104	2466	2474
5	14	105	2473	2474
5	14	106	2473	2478
5	14	107	2477	2482
5	14	108	2481	2482
5	49	109	2481	2482
5	49	110	2482	2483
5	49	111	2482	2484
5	49	112	2485	2487
5	49	113	2487	2488
5	49	114	2487	2492
5	49	115	2491	2493
5	49	116	2492	2494
5	49	117	2493	2494
5	49	118	2494	2495
5	49	119	2494	2496
5	49	120	2495	2500
5	49	121	2499	2501
5	49	122	2500	2502
5	49	123	2501	2503
5	49	124	2502	2504
5	5	125	2505	2507
5	5	126	2508	2510
5	5	127	2509	2511
5	5	128	2510	2514
5	5	129	2513	2515
5	5	130	2516	2518
5	39	131	2517	2520
5	39	132	2521	2522
5	39	133	2521	2523
5	39	134	2523	2524
5	39	135	2523	2525
5	48	141	2535	2536
5	48	142	2543	2544
5	48	143	2543	2546
5	48	144	2547	2551
5	48	145	2550	2552
5	48	146	2551	2554
5	48	147	2553	2563
5	48	148	2562	2567
5	48	149	2566	2569
5	48	150	2568	2574
5	48	151	2573	2580
5	4	152	2579	2583
5	4	153	2585	2592
5	4	154	2591	2593
5	4	155	2592	2596
5	4	156	2595	2599
5	4	157	2598	2600
5	41	185	2653	2655
5	41	186	2656	2663
5	41	187	2663	2668
5	41	188	2667	2672
5	41	189	2671	2680
5	41	190	2681	2685
5	24	191	2684	2687
5	24	192	2688	2690
5	24	193	2690	2691
5	24	194	2690	2692
5	24	195	2691	2694
5	24	196	2695	2696
5	24	197	2697	2698
5	24	198	2697	2698
5	24	199	2697	2702
5	24	200	2703	2704
5	24	201	2707	2714
5	22	202	2717	2719
5	22	203	2718	2724
5	22	204	2723	2731
5	22	205	2730	2733
5	22	206	2732	2735
5	35	214	2742	2744
5	35	215	2743	2746
5	35	216	2745	2746
5	19	217	2745	2747
5	19	218	2746	2748
5	19	219	2747	2749
5	19	220	2750	2751
5	19	221	2750	2751
5	40	235	2777	2778
5	40	236	2778	2779
5	40	237	2778	2781
5	40	238	2780	2788
6	45	1	2804	2807
6	45	2	2806	2808
6	45	3	2809	2811
6	45	4	2812	2815
6	45	5	2814	2816
6	50	6	2816	2818
6	50	7	2819	2820
6	50	8	2819	2821
6	50	9	2820	2822
6	50	10	2821	2823
6	45	11	2822	2828
6	45	12	2828	2831
6	45	13	2830	2832
6	45	14	2831	2832
6	45	15	2832	2833
6	45	16	2832	2835
6	45	17	2836	2837
6	51	18	2836	2838
6	51	19	2839	2840
6	51	20	2839	2840
6	51	21	2841	2842
6	51	22	2845	2846
6	51	23	2847	2848
6	29	24	2847	2850
6	29	25	2850	2851
6	29	26	2850	2855
6	29	27	2854	2858
6	31	28	2857	2868
6	31	29	2869	2873
6	31	30	2874	2876
6	31	31	2875	2878
6	31	32	2879	2881
6	35	33	2880	2883
6	35	34	2882	2883
6	35	35	2882	2884
6	35	36	2883	2885
6	35	37	2886	2889
6	35	38	2888	2892
6	35	39	2893	2895
6	35	40	2896	2899
6	35	41	2901	2905
6	3	42	2907	2911
6	3	43	2910	2915
6	3	44	2914	2918
6	3	45	2917	2919
6	3	46	2920	2922
6	29	47	2921	2925
6	29	48	2924	2926
6	29	49	2925	2927
6	29	50	2926	2928
6	29	51	2927	2930
6	29	52	2929	2931
6	29	53	2930	2934
6	31	54	2933	2937
6	31	55	2936	2940
6	31	56	2941	2943
6	31	57	2944	2946
6	31	58	2947	2950
6	49	59	2949	2954
6	49	60	2953	2955
6	49	61	2954	2956
6	49	62	2957	2958
6	31	63	2959	2961
6	31	64	2962	2964
6	31	65	2965	2967
6	31	66	2969	2970
6	35	67	2969	2972
6	35	68	2974	2975
6	51	69	2976	2979
6	51	70	2982	2983
6	51	71	2984	2985
6	51	72	2988	2989
6	51	73	2990	2992
6	51	74	2991	2993
6	51	75	2992	2994
6	51	76	2993	2994
6	51	77	2993	2995
6	51	78	2995	2996
6	51	79	2995	2999
6	51	80	3002	3008
6	8	81	3007	3016
6	8	82	3018	3022
6	8	83	3021	3022
6	8	84	3024	3026
6	8	85	3025	3028
6	8	86	3027	3028
6	11	87	3027	3031
6	11	88	3032	3034
6	11	89	3033	3035
6	11	90	3035	3037
6	23	91	3038	3040
6	23	92	3041	3044
6	23	93	3043	3048
6	29	94	3047	3048
6	29	95	3048	3049
6	29	96	3050	3052
6	29	97	3053	3058
6	29	98	3059	3061
6	29	99	3060	3061
6	29	100	3060	3061
6	38	101	3060	3067
6	38	102	3066	3068
6	38	103	3069	3071
6	38	104	3071	3072
6	38	105	3071	3076
6	38	106	3075	3081
6	38	107	3080	3082
6	38	108	3083	3085
6	38	109	3084	3085
6	38	110	3084	3085
6	38	111	3086	3087
6	30	112	3087	3094
6	30	113	3095	3097
6	30	114	3098	3100
6	30	115	3099	3102
6	3	116	3103	3104
6	3	117	3104	3106
6	3	118	3105	3107
6	3	119	3106	3110
6	3	120	3109	3110
6	3	121	3109	3112
6	3	122	3111	3113
6	11	123	3114	3116
6	11	124	3116	3119
6	11	125	3118	3119
6	11	126	3119	3123
6	11	127	3124	3126
6	11	128	3125	3127
6	11	129	3128	3131
6	11	130	3130	3131
6	11	131	3134	3135
6	52	132	3134	3136
6	52	133	3139	3144
6	52	134	3146	3150
6	52	135	3153	3160
6	52	136	3159	3161
6	52	137	3160	3161
6	24	138	3162	3165
6	24	139	3164	3173
6	24	140	3172	3178
6	24	141	3185	3191
6	24	142	3190	3192
6	24	143	3191	3193
6	18	144	3192	3193
6	18	145	3193	3196
6	18	146	3195	3197
6	18	147	3196	3198
6	18	148	3197	3199
6	18	149	3200	3201
6	18	150	3200	3201
6	23	151	3200	3202
6	23	152	3201	3203
6	23	153	3202	3204
6	23	154	3205	3206
6	23	155	3207	3212
6	23	156	3213	3215
6	23	157	3214	3216
6	23	158	3215	3217
6	23	159	3218	3219
6	23	160	3218	3220
6	11	161	3221	3223
6	11	162	3222	3224
6	11	163	3225	3228
6	11	164	3227	3232
6	11	165	3231	3233
6	12	166	3232	3234
6	12	167	3234	3235
6	12	168	3236	3238
6	12	169	3237	3239
6	12	170	3240	3243
6	12	171	3242	3250
6	12	172	3251	3253
6	12	173	3256	3257
6	40	174	3257	3261
6	40	175	3260	3264
6	40	176	3263	3265
6	40	177	3264	3266
6	40	178	3265	3268
6	40	179	3267	3271
6	32	180	3270	3273
6	32	181	3272	3274
6	32	182	3274	3275
6	32	183	3274	3276
6	32	184	3275	3277
6	32	185	3276	3279
6	32	186	3278	3281
6	32	187	3280	3281
6	53	188	3280	3282
6	53	189	3281	3287
6	53	190	3286	3288
6	53	191	3287	3288
6	53	192	3291	3292
6	53	193	3293	3295
6	42	194	3296	3299
6	42	195	3298	3301
6	42	196	3300	3302
6	42	197	3304	3305
6	42	198	3304	3306
6	42	199	3305	3306
6	42	200	3307	3308
6	12	206	3312	3315
6	12	207	3317	3318
6	12	208	3323	3325
6	12	209	3326	3328
6	12	210	3330	3331
6	12	211	3334	3336
6	12	212	3337	3339
6	12	213	3338	3340
6	12	214	3339	3340
6	52	215	3339	3344
6	52	216	3344	3347
6	52	217	3348	3350
6	52	218	3353	3358
6	52	219	3361	3362
6	12	220	3362	3364
6	12	221	3363	3365
6	12	222	3367	3368
6	12	223	3369	3371
6	12	224	3370	3372
6	12	225	3371	3372
6	12	226	3373	3374
6	12	227	3373	3374
6	37	228	3373	3376
6	37	229	3375	3377
6	37	230	3380	3382
6	37	231	3381	3383
6	37	232	3390	3392
6	37	233	3393	3395
6	37	234	3394	3395
6	37	235	3394	3396
6	37	236	3397	3399
6	16	237	3399	3401
6	16	238	3400	3403
6	16	239	3402	3405
6	30	240	3404	3407
6	30	241	3406	3408
6	30	242	3408	3411
6	30	243	3413	3414
6	30	244	3415	3416
6	30	245	3418	3419
6	54	246	3422	3430
6	54	247	3429	3432
6	54	248	3432	3433
6	54	249	3432	3433
6	29	250	3436	3438
6	29	251	3439	3441
6	29	252	3442	3444
6	29	253	3443	3445
6	29	254	3444	3446
6	29	255	3445	3446
6	3	256	3445	3448
6	3	257	3447	3449
6	3	258	3448	3452
6	3	259	3453	3455
6	3	260	3454	3457
6	55	261	3456	3458
6	55	262	3457	3462
6	55	263	3461	3463
6	55	264	3462	3464
6	55	265	3465	3467
6	55	266	3466	3467
6	19	272	3478	3480
6	19	273	3481	3485
6	19	274	3485	3486
6	23	279	3499	3504
6	23	280	3503	3504
6	23	281	3507	3509
6	23	282	3508	3509
6	19	283	3508	3509
6	19	284	3509	3510
6	19	285	3512	3513
6	19	286	3512	3515
6	19	287	3514	3516
6	19	288	3515	3517
6	19	289	3516	3519
7	23	1	3519	3520
7	23	2	3521	3524
7	23	3	3527	3538
7	23	4	3541	3542
7	23	5	3543	3544
7	23	6	3545	3551
7	23	7	3552	3553
7	36	8	3554	3556
7	36	9	3555	3557
7	36	10	3556	3558
7	36	11	3557	3561
7	51	12	3560	3563
7	51	13	3564	3565
7	51	14	3564	3570
7	51	15	3571	3572
7	51	16	3575	3576
7	13	17	3577	3578
7	13	18	3578	3579
7	13	19	3578	3579
7	13	20	3580	3581
7	13	21	3582	3583
7	13	22	3583	3584
7	13	23	3585	3586
7	52	24	3587	3591
7	52	25	3590	3595
7	52	26	3595	3596
7	52	27	3597	3598
7	52	28	3599	3600
7	23	29	3603	3605
7	23	30	3614	3617
7	23	31	3616	3618
7	23	32	3619	3622
7	23	33	3623	3627
7	23	34	3628	3633
7	26	35	3632	3635
7	26	36	3634	3637
7	26	37	3638	3640
7	26	38	3639	3641
7	26	39	3641	3642
7	50	40	3641	3643
7	50	41	3642	3645
7	50	42	3644	3647
7	49	43	3646	3649
7	49	44	3650	3653
7	49	45	3654	3657
7	49	46	3660	3662
7	49	47	3661	3663
7	49	48	3664	3665
7	24	55	3677	3681
7	24	56	3680	3682
7	24	57	3683	3685
7	24	58	3684	3686
7	8	59	3685	3687
7	8	60	3686	3689
7	8	61	3688	3690
7	20	75	3715	3716
7	20	76	3716	3717
7	20	77	3717	3718
7	20	78	3719	3721
7	20	79	3724	3730
7	8	80	3731	3733
7	8	81	3733	3741
7	8	82	3742	3744
7	8	83	3749	3751
7	8	84	3756	3760
7	40	85	3763	3765
7	40	86	3764	3765
7	40	87	3766	3771
7	40	88	3772	3774
7	40	89	3773	3774
7	40	90	3773	3774
7	8	99	3796	3797
7	8	100	3797	3810
7	8	101	3809	3811
7	8	102	3812	3813
7	8	103	3816	3817
7	19	132	3884	3888
7	19	133	3892	3895
7	19	134	3896	3903
7	28	135	3903	3905
7	28	136	3904	3906
7	28	137	3905	3907
7	28	138	3906	3909
7	56	153	3956	3958
7	56	154	3957	3960
7	56	155	3959	3961
7	56	156	3962	3964
7	56	157	3963	3965
7	56	158	3966	3974
7	52	159	3973	3977
7	52	160	3977	3986
7	52	161	3985	3987
7	52	162	3987	3994
7	0	164	3998	4000
7	0	165	3999	4000
7	0	166	4001	4003
7	0	167	4002	4006
7	0	168	4007	4008
7	8	169	4008	4010
7	8	170	4011	4016
7	8	171	4015	4018
7	8	172	4017	4019
7	8	173	4019	4021
8	28	1	4020	4023
8	28	2	4027	4028
8	28	3	4028	4031
8	28	4	4030	4031
8	28	5	4031	4032
8	28	6	4031	4034
8	28	7	4034	4035
8	28	8	4035	4036
8	28	9	4035	4039
8	31	10	4039	4042
8	31	11	4042	4043
8	31	12	4044	4046
8	31	13	4047	4049
8	31	14	4048	4049
8	31	15	4049	4050
8	27	16	4050	4057
8	27	17	4056	4057
8	27	18	4059	4060
8	27	19	4059	4060
8	27	20	4062	4063
8	46	21	4063	4064
8	46	22	4063	4065
8	46	23	4064	4066
8	46	24	4065	4067
8	46	25	4066	4071
8	47	26	4070	4072
8	47	27	4071	4074
8	47	28	4075	4076
8	47	29	4075	4077
8	27	30	4079	4083
8	27	31	4082	4086
8	27	32	4087	4090
8	27	33	4089	4091
8	3	34	4090	4096
8	3	35	4095	4097
8	3	36	4096	4100
8	3	37	4099	4101
8	4	38	4102	4109
8	4	39	4110	4112
8	4	40	4111	4112
8	4	41	4111	4115
8	13	42	4114	4117
8	13	43	4122	4123
8	13	44	4123	4124
8	13	45	4124	4125
8	13	46	4126	4128
8	13	47	4128	4129
8	39	48	4128	4130
8	39	49	4129	4131
8	39	50	4130	4131
8	39	51	4130	4131
8	39	52	4132	4134
8	39	53	4133	4134
8	49	54	4133	4135
8	49	55	4144	4146
8	49	56	4145	4147
8	49	57	4146	4150
8	49	58	4149	4150
8	3	59	4151	4153
8	3	60	4152	4155
8	3	61	4154	4156
8	3	62	4155	4163
8	12	63	4164	4167
8	12	64	4167	4169
8	12	65	4168	4169
8	12	66	4169	4175
8	12	67	4174	4176
8	12	68	4175	4177
8	12	69	4176	4177
8	29	70	4176	4179
8	29	71	4178	4181
8	29	72	4180	4181
8	29	73	4181	4183
8	29	74	4183	4186
8	29	75	4187	4191
8	29	76	4190	4191
8	29	77	4192	4196
8	6	78	4195	4197
8	6	79	4196	4197
8	6	80	4196	4197
8	6	81	4198	4199
8	6	82	4198	4202
8	12	83	4203	4206
8	12	84	4205	4206
8	12	85	4205	4207
8	12	86	4206	4208
8	12	87	4209	4210
8	12	88	4209	4210
8	12	89	4211	4212
8	12	90	4211	4214
8	31	91	4213	4221
8	31	92	4220	4223
8	31	93	4224	4226
8	31	94	4225	4228
8	31	95	4227	4232
8	19	96	4233	4234
8	19	97	4234	4235
8	19	98	4234	4235
8	19	99	4234	4236
8	19	100	4235	4238
8	19	101	4238	4241
8	2	102	4240	4241
8	2	103	4245	4247
8	2	104	4248	4249
8	2	105	4248	4252
8	2	106	4253	4255
8	2	107	4254	4256
8	57	108	4255	4259
8	57	109	4259	4264
8	57	110	4263	4270
8	57	111	4269	4270
8	31	112	4269	4272
8	31	113	4271	4273
8	31	114	4274	4277
8	31	115	4278	4280
8	31	116	4279	4281
8	31	117	4280	4282
8	31	118	4281	4285
8	8	119	4284	4289
8	8	120	4289	4291
8	8	121	4290	4294
8	8	122	4293	4295
8	8	123	4295	4296
8	8	124	4297	4298
8	8	125	4298	4300
8	8	126	4299	4300
8	8	127	4299	4300
8	8	128	4299	4300
8	28	129	4299	4304
8	28	130	4303	4305
8	28	131	4304	4307
8	28	132	4306	4308
8	28	133	4307	4309
8	46	134	4309	4316
8	46	135	4315	4317
8	46	136	4316	4318
8	46	137	4317	4319
8	46	138	4318	4320
8	46	139	4319	4323
8	19	140	4326	4332
8	19	141	4331	4332
8	19	142	4331	4334
8	19	143	4333	4336
8	19	144	4335	4337
8	19	145	4336	4338
8	19	146	4337	4339
8	19	147	4338	4339
8	19	148	4338	4339
8	5	149	4338	4343
8	5	150	4344	4346
8	5	151	4345	4347
8	5	152	4347	4348
8	5	153	4347	4349
8	5	154	4350	4352
8	5	155	4351	4353
8	5	156	4352	4355
8	5	157	4354	4359
8	8	158	4358	4360
8	8	159	4360	4363
8	8	160	4363	4368
8	8	161	4370	4375
8	8	162	4374	4376
8	8	163	4376	4378
8	8	164	4378	4380
8	8	165	4379	4384
8	45	166	4386	4389
8	45	167	4389	4392
8	45	168	4392	4393
8	45	169	4392	4398
8	45	170	4399	4406
8	45	171	4405	4407
8	5	172	4410	4412
8	5	173	4413	4415
8	5	174	4415	4416
8	5	175	4417	4419
8	5	176	4418	4420
8	5	177	4419	4423
8	5	178	4422	4424
8	5	179	4425	4427
8	5	180	4426	4428
8	20	181	4428	4429
8	20	182	4428	4429
8	20	183	4428	4431
8	20	184	4430	4432
8	20	185	4431	4433
8	20	186	4432	4433
8	20	187	4432	4433
8	20	188	4432	4433
8	20	189	4432	4433
8	20	190	4434	4435
8	20	191	4434	4435
8	53	192	4434	4435
8	53	193	4434	4435
8	53	194	4435	4436
8	53	195	4435	4437
8	53	196	4436	4441
8	53	197	4440	4442
8	53	198	4443	4444
8	53	199	4445	4447
8	53	200	4447	4453
8	39	201	4452	4458
8	39	202	4457	4460
8	39	203	4459	4461
8	39	204	4462	4464
8	39	205	4463	4465
8	39	206	4464	4466
8	39	207	4465	4473
8	15	208	4472	4475
8	15	209	4474	4475
8	15	210	4475	4479
8	15	211	4478	4481
8	15	212	4480	4482
8	15	213	4481	4485
8	3	214	4484	4486
8	3	215	4485	4487
8	3	216	4486	4488
8	3	217	4487	4489
8	3	218	4488	4490
8	3	219	4489	4495
8	3	220	4494	4495
8	3	221	4496	4498
8	27	222	4499	4502
8	27	223	4502	4506
8	27	224	4505	4508
8	27	225	4509	4511
8	27	226	4510	4512
8	58	227	4511	4514
8	58	228	4514	4518
8	58	229	4517	4518
8	58	230	4517	4520
8	58	231	4520	4523
8	58	232	4524	4526
8	13	236	4530	4539
8	13	237	4538	4541
8	13	238	4542	4544
8	13	239	4543	4547
8	13	240	4548	4552
8	19	241	4551	4553
8	19	242	4552	4555
8	19	243	4554	4557
8	19	244	4556	4563
8	19	245	4563	4564
8	19	246	4564	4565
8	45	247	4564	4568
8	45	248	4570	4571
8	45	249	4570	4573
8	45	250	4572	4574
8	45	251	4573	4580
8	59	252	4579	4582
8	59	253	4581	4583
8	59	254	4582	4584
8	59	255	4583	4588
8	59	256	4587	4589
8	59	257	4588	4590
8	58	258	4589	4592
8	58	259	4591	4593
8	58	260	4592	4594
8	58	261	4593	4596
8	29	262	4595	4599
8	29	263	4598	4602
8	29	264	4601	4604
8	29	265	4605	4606
8	29	266	4609	4610
8	29	267	4609	4610
8	8	268	4609	4610
8	8	269	4609	4610
8	8	270	4610	4616
8	8	271	4615	4618
8	8	272	4617	4619
8	5	273	4618	4621
8	5	274	4620	4622
8	5	275	4622	4623
8	5	276	4622	4623
8	5	277	4624	4625
8	5	278	4626	4628
8	5	279	4629	4631
8	5	280	4632	4634
8	2	281	4633	4637
8	2	282	4638	4640
8	2	283	4639	4640
8	2	284	4641	4647
8	40	290	4652	4654
8	40	291	4653	4654
8	40	292	4653	4656
9	14	1	4655	4656
9	14	2	4656	4661
9	14	3	4662	4663
9	14	4	4662	4663
9	14	5	4662	4663
9	14	6	4662	4663
9	14	7	4663	4668
9	14	8	4669	4670
9	14	9	4669	4676
9	14	10	4675	4676
9	60	11	4677	4678
9	60	12	4677	4678
9	60	13	4680	4682
9	60	14	4681	4682
9	60	15	4683	4686
9	60	16	4691	4692
9	60	17	4691	4692
9	60	18	4693	4698
9	60	19	4699	4702
9	60	20	4702	4703
9	60	21	4704	4705
9	60	22	4708	4712
9	60	23	4713	4721
9	60	24	4720	4725
9	60	25	4727	4732
9	60	26	4733	4734
9	60	27	4737	4740
9	50	28	4741	4743
9	50	29	4742	4744
9	50	30	4743	4745
9	50	31	4744	4746
9	52	32	4745	4750
9	52	33	4753	4758
9	52	34	4757	4762
9	52	35	4763	4767
9	52	36	4766	4768
9	60	37	4767	4774
9	60	38	4777	4778
9	60	39	4791	4793
9	37	40	4796	4797
9	37	41	4797	4798
9	37	42	4797	4802
9	37	43	4803	4804
9	37	44	4805	4813
9	37	45	4812	4813
9	26	46	4813	4814
9	26	47	4813	4814
9	26	48	4813	4815
9	26	49	4814	4816
9	26	50	4815	4817
9	11	51	4817	4818
9	11	52	4817	4818
9	11	53	4820	4822
9	52	54	4821	4822
9	52	55	4822	4823
9	52	56	4822	4824
9	52	57	4825	4829
9	52	58	4830	4832
9	52	59	4831	4832
9	49	60	4833	4835
9	49	61	4835	4839
9	49	62	4838	4840
9	49	63	4841	4844
9	49	64	4843	4845
9	10	65	4848	4849
9	10	66	4849	4851
9	10	67	4852	4854
9	52	68	4853	4856
9	52	69	4857	4859
9	52	70	4860	4862
9	52	71	4863	4864
9	52	72	4865	4874
9	19	73	4876	4877
9	19	74	4876	4877
9	19	75	4876	4878
9	19	76	4877	4879
9	19	77	4878	4884
9	14	78	4885	4886
9	14	79	4886	4887
9	14	80	4886	4897
9	14	81	4898	4899
9	14	82	4900	4903
9	11	83	4902	4907
9	11	84	4906	4907
9	11	85	4908	4911
9	11	86	4912	4916
9	11	87	4917	4918
9	11	88	4917	4918
9	49	89	4919	4922
9	49	90	4921	4923
9	49	91	4924	4928
9	49	92	4927	4929
9	49	93	4930	4932
9	49	94	4935	4937
9	49	95	4936	4938
9	52	96	4939	4941
9	52	97	4943	4946
9	52	98	4947	4949
9	52	99	4950	4951
9	52	100	4952	4953
9	52	101	4954	4960
9	11	102	4961	4962
9	11	103	4962	4963
9	11	104	4964	4967
9	11	105	4966	4968
9	11	106	4967	4969
9	11	107	4968	4969
9	11	108	4970	4971
9	55	109	4976	4983
9	55	110	4982	4984
9	55	111	4983	4985
9	55	112	4984	4986
9	61	113	4989	4990
9	61	114	4990	4991
9	61	115	4990	4992
9	61	116	4991	4992
9	61	117	4991	4995
9	61	118	4994	4996
9	61	119	4997	4999
9	61	120	4998	5000
9	2	121	4999	5002
9	2	122	5003	5005
9	2	123	5006	5008
9	14	124	5009	5010
9	14	125	5010	5011
9	14	126	5012	5013
9	14	127	5012	5016
9	12	128	5019	5025
9	12	129	5024	5029
9	12	130	5032	5034
9	12	131	5035	5036
9	12	132	5037	5039
9	12	133	5039	5040
9	12	134	5045	5047
9	12	135	5046	5048
9	12	136	5049	5051
9	12	137	5052	5055
9	61	138	5054	5057
9	61	139	5060	5062
9	61	140	5061	5063
9	61	141	5062	5064
9	61	142	5063	5067
9	61	143	5066	5068
9	61	144	5067	5069
9	61	145	5069	5070
9	53	146	5069	5071
9	53	147	5071	5072
9	53	148	5071	5079
9	53	149	5080	5081
9	53	150	5080	5087
9	53	151	5086	5097
9	46	152	5096	5099
9	46	153	5098	5107
9	46	154	5106	5108
9	46	155	5107	5110
9	0	156	5109	5111
9	0	157	5114	5120
9	18	158	5120	5121
9	18	159	5120	5122
9	18	160	5121	5123
9	18	161	5122	5124
9	18	162	5123	5124
9	18	163	5124	5125
9	18	164	5124	5137
9	18	165	5136	5138
9	62	166	5139	5143
9	62	167	5144	5146
9	62	168	5145	5147
9	62	169	5146	5148
9	62	170	5147	5149
9	62	171	5148	5150
9	62	172	5149	5150
9	62	173	5150	5151
9	45	174	5151	5152
9	45	175	5152	5154
9	45	176	5156	5166
9	45	177	5167	5172
9	30	178	5173	5179
9	30	179	5179	5181
9	30	180	5180	5185
9	30	181	5184	5186
9	30	182	5185	5186
9	30	183	5185	5189
9	29	184	5190	5191
9	29	185	5191	5192
9	29	186	5191	5193
9	29	187	5194	5196
9	29	188	5195	5196
9	29	189	5196	5198
9	29	190	5197	5198
9	48	191	5199	5201
9	48	192	5200	5202
9	48	193	5203	5204
9	48	194	5205	5207
9	48	195	5206	5208
9	48	196	5207	5209
9	14	197	5212	5214
9	14	198	5215	5218
9	14	199	5221	5227
9	14	200	5228	5230
9	14	201	5231	5232
9	14	202	5231	5233
9	14	203	5233	5234
9	14	204	5233	5234
9	14	205	5233	5234
9	14	206	5233	5234
9	14	207	5235	5236
9	14	208	5235	5236
9	55	209	5235	5237
9	55	210	5236	5238
9	55	211	5237	5241
9	55	212	5240	5247
9	55	213	5247	5248
9	55	214	5247	5249
9	55	215	5248	5251
9	55	216	5250	5252
9	55	217	5251	5253
9	2	218	5252	5254
9	2	219	5255	5261
9	2	220	5262	5267
9	2	221	5270	5276
9	55	222	5275	5276
9	55	223	5276	5277
9	55	224	5278	5280
9	55	225	5281	5282
9	55	226	5283	5284
9	55	227	5285	5286
9	63	228	5285	5288
9	63	229	5287	5288
9	63	230	5287	5289
9	63	231	5288	5290
9	63	232	5291	5294
9	63	233	5293	5295
9	63	234	5294	5296
9	24	235	5295	5297
9	24	236	5298	5302
9	24	237	5303	5308
9	24	238	5307	5309
9	24	239	5310	5312
9	8	240	5316	5317
9	8	241	5320	5321
9	8	242	5320	5322
9	8	243	5322	5323
9	8	244	5322	5324
9	11	245	5326	5331
9	11	246	5332	5333
9	11	247	5334	5342
9	11	248	5343	5345
9	2	256	5367	5370
9	2	257	5369	5371
9	2	258	5370	5371
9	2	259	5370	5374
9	2	260	5377	5380
9	2	261	5379	5388
9	14	262	5389	5390
9	14	263	5390	5391
9	14	264	5390	5391
9	14	265	5391	5392
9	14	266	5395	5396
9	14	267	5395	5397
9	14	268	5398	5399
9	14	269	5398	5399
9	8	270	5400	5404
9	8	271	5403	5408
9	11	272	5409	5411
9	11	273	5412	5413
9	11	274	5412	5414
9	11	275	5415	5417
9	11	276	5416	5417
