0	0	1	0	976
0	0	2	975	1603
0	0	3	1605	1672
0	0	4	1673	1915
0	0	5	1915	1917
0	0	6	1920	1925
0	0	7	1925	2515
0	1	8	2516	2948
0	1	9	2949	3079
0	1	10	3081	3536
0	1	11	3539	4124
0	1	12	4127	4184
0	1	13	4185	4726
0	0	14	4726	5358
0	0	15	5358	5993
0	0	16	5995	6644
0	0	17	6646	6715
0	0	18	6715	6753
0	0	19	6754	7323
0	2	20	7323	7324
0	2	21	7325	7688
0	2	22	7688	8063
0	2	23	8063	8084
0	2	24	8084	8224
0	2	25	8227	8464
0	2	26	8464	8905
0	3	27	8905	9329
0	3	28	9328	9948
0	3	29	9948	10190
0	3	30	10190	10710
0	4	31	10712	10715
0	4	32	10720	11169
0	4	33	11169	11580
0	4	34	11582	11999
0	4	35	12000	12029
0	4	36	12030	12492
0	5	37	12492	13065
0	5	38	13065	13644
0	5	39	13646	13672
0	5	40	13671	13841
0	5	41	13842	14177
0	5	42	14177	14456
0	6	43	14456	14460
0	6	44	14461	14908
0	6	45	14910	15353
0	6	46	15356	15392
0	6	47	15394	15897
0	7	48	15901	16415
0	7	49	16415	16540
0	7	50	16540	16961
0	7	51	16961	17110
0	7	52	17114	17371
0	7	53	17371	17564
0	8	54	17564	17566
0	8	55	17571	18091
0	8	56	18096	18660
0	8	57	18665	19278
0	8	58	19278	19286
0	8	59	19286	19325
0	9	60	19325	19327
0	9	61	19328	20087
0	9	62	20090	20125
0	9	63	20127	22014
0	10	70	23846	25526
0	10	71	25527	25574
0	10	72	25578	26812
0	11	73	26811	26812
0	11	74	26813	27538
0	11	75	27538	29163
0	12	76	29167	29661
0	12	77	29662	30572
0	12	78	30573	30594
0	3	79	30594	31023
0	3	80	31023	31113
0	3	81	31112	31514
0	3	82	31514	32020
0	3	83	32019	32560
0	13	84	32560	32562
0	13	85	32563	33088
0	13	86	33088	33720
0	13	87	33721	34287
0	13	88	34290	34801
0	14	89	34800	34801
0	14	90	34802	35245
0	14	91	35250	35405
0	14	92	35408	35630
0	14	93	35630	36510
0	12	94	36512	36514
0	12	95	36519	36614
0	12	96	36615	36854
0	12	97	36856	37128
0	12	98	37130	37452
0	12	99	37453	37534
0	12	100	37535	37550
0	15	101	37550	38128
0	15	102	38129	38697
0	15	103	38698	39010
0	15	104	39011	39192
0	15	105	39193	39328
0	15	106	39329	39689
0	15	107	39694	39744
0	5	108	39744	39777
0	5	109	39778	39963
0	5	110	39966	40251
0	5	111	40252	40657
0	5	112	40660	40863
0	5	113	40865	41294
0	5	114	41296	41549
0	13	115	41549	42399
0	13	116	42398	42697
0	13	117	42697	43339
0	13	118	43339	43622
0	13	119	43622	43673
0	13	120	43675	43728
0	16	121	43730	44019
0	16	122	44019	44138
0	16	123	44141	44252
0	16	124	44252	44475
0	16	125	44475	44492
0	16	126	44491	44512
0	16	127	44512	44513
0	16	128	44514	44649
0	17	129	44649	44651
0	17	130	44652	45019
0	17	131	45025	45397
0	17	132	45399	45688
0	17	133	45689	45690
0	17	134	45694	45856
0	17	135	45858	46337
0	18	136	46342	46670
0	18	137	46670	46672
0	18	138	46673	46953
0	18	139	46955	47104
0	18	140	47106	47163
0	18	141	47163	47363
0	18	142	47370	47391
0	3	143	47391	47764
0	3	144	47765	47971
0	3	145	47971	48401
0	3	146	48401	49284
0	19	147	49286	49505
0	19	148	49505	50127
0	19	149	50127	50402
0	19	150	50402	50679
0	19	151	50679	50979
0	19	152	50981	50982
0	19	153	50983	51498
0	20	154	51498	51499
0	20	155	51500	52319
0	20	156	52319	52563
0	20	157	52565	53104
0	20	158	53106	53364
0	20	159	53366	53552
0	20	160	53554	53559
0	20	161	53564	53636
0	18	162	53635	53730
0	18	163	53732	54126
0	18	164	54126	54329
0	18	165	54329	54586
0	18	166	54586	54711
0	18	167	54714	54721
0	18	168	54724	54749
0	21	169	54750	54751
0	21	170	54762	54995
0	21	171	54999	55245
0	21	172	55246	55656
0	21	173	55657	55770
0	21	174	55770	56257
0	21	175	56260	56595
0	15	176	56597	56779
0	15	177	56781	57022
0	15	178	57022	57570
0	15	179	57570	57659
0	15	180	57661	57868
0	15	181	57868	58135
0	15	182	58135	58136
0	15	183	58137	58579
0	13	184	58581	59272
0	13	185	59271	59780
0	13	186	59779	60019
0	13	187	60020	60280
0	13	188	60280	60494
0	13	189	60496	60732
0	19	190	60731	60800
0	19	191	60799	60954
0	19	192	60954	61539
0	19	193	61539	61943
0	19	194	61943	62126
0	19	195	62126	63111
0	13	196	63110	63620
0	13	197	63620	64085
0	13	198	64085	64669
0	13	199	64672	65486
0	19	200	65486	66090
0	19	201	66090	66717
0	19	202	66717	66760
0	19	203	66760	67892
0	22	204	67892	68219
0	22	205	68219	68356
0	22	206	68356	68635
0	22	207	68635	68666
0	22	208	68668	69088
0	22	209	69088	69471
0	22	210	69471	69497
0	23	211	69497	69985
0	23	212	69987	70173
0	23	213	70174	70336
0	23	214	70339	70462
0	23	215	70467	70470
0	23	216	70472	71220
0	23	217	71222	71304
0	0	218	71303	71308
0	0	219	71308	72688
0	0	220	72690	72932
0	0	221	72932	73909
0	22	222	73911	74015
0	22	223	74021	74276
0	22	224	74276	74628
0	22	225	74628	74767
0	22	226	74768	74779
0	22	227	74781	74813
0	22	228	74814	74973
0	24	229	74973	75636
0	24	230	75640	76051
0	24	231	76055	76661
0	24	232	76663	76700
0	24	233	76703	77304
0	4	234	77308	77742
0	4	235	77745	77924
0	4	236	77924	78184
0	4	237	78184	78215
0	4	238	78216	78694
0	4	239	78695	78766
0	4	240	78765	78769
0	4	241	78778	78831
0	25	242	78831	79417
0	25	243	79419	79962
0	22	244	79966	80432
0	22	245	80434	80557
0	22	246	80558	80896
0	22	247	80898	80921
0	22	248	80921	80936
0	22	249	80937	80938
0	22	250	80942	81307
0	26	251	81307	81309
0	26	252	81310	81871
0	26	253	81871	82023
0	26	254	82022	82361
0	26	255	82361	82402
0	26	256	82402	83016
0	26	257	83015	83134
0	27	266	84628	84837
0	27	267	84837	85119
0	27	268	85119	85123
0	27	269	85125	85126
0	27	270	85126	85195
0	27	271	85195	85264
0	27	272	85266	86347
0	27	273	86349	87019
0	3	274	87019	87617
0	3	275	87619	87700
0	3	276	87706	87889
0	3	277	87890	88282
0	3	278	88284	88890
0	3	279	88889	88963
0	28	280	88963	88964
0	28	281	88964	89410
0	28	282	89410	89474
0	28	283	89473	89865
0	28	284	89865	90487
0	28	285	90488	90489
0	28	286	90490	90511
0	29	287	90515	90600
0	29	288	90602	91087
0	29	289	91089	91558
0	29	290	91560	91635
0	29	291	91637	91766
0	29	292	91768	91999
0	29	293	92001	92176
0	30	294	92177	92183
0	30	295	92184	92651
0	30	296	92651	92708
0	30	297	92709	93112
0	30	298	93112	93177
1	31	4	93584	94076
1	31	5	94083	94443
1	31	6	94442	94892
1	31	7	94893	95359
1	31	8	95363	95434
1	31	9	95434	95731
1	27	10	95731	96252
1	27	11	96252	96715
1	27	12	96719	96836
1	27	13	96841	97645
1	27	14	97645	97795
1	30	15	97795	97796
1	30	16	97799	98180
1	30	17	98181	98603
1	30	18	98603	98631
1	30	19	98632	99039
1	30	20	99039	99406
1	29	31	102801	103705
1	29	32	103705	103870
1	29	33	103871	104048
1	29	34	104050	104203
1	29	35	104203	104518
1	29	36	104519	104639
1	3	37	104639	104640
1	3	38	104641	105066
1	3	39	105066	105298
1	3	40	105300	105553
1	3	41	105553	105604
1	3	42	105606	106201
1	32	43	106201	106578
1	32	44	106578	106717
1	32	45	106717	106960
1	32	46	106960	107230
1	32	47	107232	107355
1	32	48	107355	107376
1	32	49	107376	107400
1	29	53	108734	108847
1	10	59	110468	111228
1	10	60	111230	112832
1	33	73	116401	117718
1	33	74	117720	118077
1	33	75	118079	118527
1	33	76	118527	118529
1	33	77	118532	119314
1	33	78	119319	120866
1	17	79	120866	121156
2	2	1	121158	121437
2	2	2	121437	121748
2	2	3	121748	122101
2	2	4	122102	122428
2	2	5	122429	122637
2	2	6	122638	123034
2	2	7	123035	123419
2	2	8	123420	123470
2	2	9	123471	123568
2	2	10	123569	123810
2	2	11	123810	124181
2	2	12	124182	124350
2	34	13	124350	124851
2	34	14	124856	124923
2	34	15	124924	125487
2	34	16	125488	125701
2	34	17	125708	126097
2	34	18	126098	126490
2	34	19	126491	126660
2	34	20	126664	127193
2	34	21	127193	127716
2	34	22	127717	127951
2	34	23	127951	127952
2	34	24	127953	128249
2	34	25	128250	128820
2	34	26	128820	129327
2	34	27	129327	129786
2	34	28	129787	129827
2	34	29	129832	130311
2	34	30	130311	130834
2	35	31	130834	131249
2	35	32	131251	131923
2	35	33	131925	131944
2	35	34	131945	131964
2	35	35	131966	132285
2	36	36	132285	132385
2	36	37	132387	132692
2	36	38	132694	133156
2	36	39	133157	133202
2	36	40	133204	133339
2	36	41	133341	133689
2	8	42	133688	133689
2	8	43	133692	134249
2	8	44	134253	134910
2	8	45	134914	135702
2	5	46	135702	135839
2	5	47	135840	136268
2	5	48	136268	137104
2	5	49	137106	137519
2	5	50	137521	137604
2	10	51	137604	138124
2	10	52	138125	138126
2	10	53	138127	138701
2	10	54	138701	139343
2	5	55	139343	139488
2	5	56	139490	140118
2	5	57	140119	140581
2	5	58	140581	141787
2	5	59	141789	141836
2	2	60	141836	143343
2	2	61	143343	143496
2	2	62	143504	144033
2	14	63	144033	144034
2	30	64	144035	144037
2	30	65	144040	144508
2	30	66	144510	145044
2	30	67	145044	145421
2	30	68	145423	145804
2	2	69	145806	145861
2	2	70	145860	145866
2	2	71	145867	146521
2	2	72	146523	147746
2	2	73	147748	148132
2	2	74	148132	148590
2	2	75	148590	148999
2	2	76	148999	149251
2	2	77	149253	149314
2	2	78	149316	149586
2	2	79	149588	149820
2	2	80	149820	149826
2	2	81	149826	149877
2	19	82	149877	150457
2	19	83	150457	150622
2	19	84	150626	151089
2	19	85	151089	151618
2	19	86	151618	152147
2	37	87	152151	152506
2	37	88	152508	152679
2	37	89	152681	152935
2	37	90	152937	153282
2	37	91	153283	153359
2	37	92	153361	153853
2	31	93	153854	154365
2	31	94	154367	154590
2	5	95	154592	155143
2	5	96	155145	155475
2	5	97	155474	155479
2	5	98	155480	155519
2	28	99	155519	155895
2	28	100	155895	156297
2	28	101	156296	156711
2	27	102	156712	156780
2	27	103	156779	157177
2	27	104	157177	157997
2	27	105	157997	158277
2	27	106	158279	158799
2	19	107	158801	159772
2	19	108	159772	160111
2	19	109	160111	160864
2	19	110	160864	160919
2	19	111	160919	161565
2	8	112	161565	162110
2	8	113	162110	162370
2	8	114	162372	163112
2	8	115	163114	163543
2	8	116	163545	163724
2	8	117	163724	164168
2	8	118	164170	164278
2	8	119	164280	164721
2	8	120	164725	164961
2	8	121	164963	165191
2	8	122	165192	165434
2	8	123	165435	165612
2	38	124	165613	166145
2	38	125	166145	166479
2	38	126	166479	167100
2	38	127	167101	167182
2	38	128	167182	167207
2	39	129	167207	167844
2	39	130	167843	168293
2	39	131	168293	168561
2	39	132	168562	168779
2	39	133	168779	168912
2	40	134	168918	168922
2	40	135	168923	169283
2	40	136	169285	169508
2	40	137	169508	169696
2	40	138	169695	169894
2	40	139	169894	170120
2	40	140	170120	170326
2	40	141	170325	170450
2	40	142	170450	170483
2	41	143	170483	170601
2	41	144	170600	170793
2	41	145	170795	171005
2	41	146	171009	171200
2	41	147	171204	171379
2	41	148	171383	171576
2	41	149	171578	171774
2	41	150	171776	171801
2	41	151	171805	171958
2	17	152	171960	172072
2	17	153	172074	172121
2	39	154	172127	172709
2	39	155	172713	172714
2	39	156	172718	173152
2	39	157	173155	173156
2	39	158	173157	173415
2	39	159	173416	173728
2	39	160	173729	173823
2	5	165	175979	175980
2	5	166	175981	176456
2	5	167	176456	176635
2	5	168	176635	176817
2	5	169	176816	176993
2	5	170	176993	177182
2	5	171	177182	177381
2	5	172	177381	177560
2	42	181	179538	179932
2	42	182	179933	180017
2	42	183	180020	180296
2	42	184	180297	180695
2	42	185	180697	181006
2	22	186	181006	181517
2	22	187	181519	182024
2	22	188	182026	182145
2	22	189	182147	182686
2	22	190	182686	182994
2	43	204	187473	188017
2	43	205	188019	188187
2	43	206	188189	188829
2	43	207	188831	188852
3	38	1	193194	193195
3	38	2	193195	193515
3	38	3	193514	193744
3	38	4	193744	193969
3	38	5	193969	194036
3	38	6	194036	194090
3	38	7	194094	194230
3	26	8	194230	194553
3	26	9	194553	194690
3	26	10	194690	194985
3	26	11	194985	195281
3	26	12	195281	195492
3	36	13	195491	195567
3	36	14	195569	195819
3	36	15	195819	196084
3	36	16	196083	196398
3	36	17	196397	196635
3	36	18	196634	196796
3	37	19	196796	197037
3	37	20	197039	197261
3	37	21	197262	197588
3	37	22	197587	197703
3	37	23	197705	198562
3	37	24	198561	199069
3	37	25	199069	199358
3	37	26	199357	200224
3	36	27	200223	200381
3	36	28	200380	200704
3	36	29	200703	201045
3	36	30	201044	201480
3	36	31	201479	201502
3	36	32	201501	202021
3	10	33	202020	202021
3	10	34	202021	202301
3	10	35	202300	202340
3	10	36	202342	202627
3	10	37	202626	202637
3	39	38	202636	202909
3	39	39	202908	203204
3	39	40	203204	203250
3	39	41	203249	203559
3	39	42	203559	203601
3	44	43	203600	204718
3	44	44	204718	204792
3	36	45	204793	204898
3	36	46	204897	205207
3	36	47	205206	205696
3	36	48	205695	206187
3	45	49	206187	207289
3	45	50	207288	208128
3	38	51	208127	208610
3	38	52	208610	209020
3	38	53	209020	209077
3	38	54	209076	209840
3	29	55	209839	210707
3	29	56	210707	210761
3	29	57	210761	211218
3	38	58	211217	212073
3	38	59	212072	212654
3	38	60	212654	212660
3	38	61	212660	212758
3	30	62	212757	213125
3	30	63	213127	213403
3	30	64	213402	213750
3	30	65	213752	213872
3	30	66	213873	213874
3	45	67	213874	213875
3	45	68	213876	213944
3	45	69	213943	214137
3	45	70	214136	214326
3	45	71	214325	214556
3	45	72	214555	214591
3	45	73	214591	214837
3	11	74	214836	214837
3	11	75	214838	214920
3	11	76	214924	215256
3	11	77	215255	215401
3	11	78	215403	215738
3	11	79	215740	215752
3	11	80	215752	215946
3	11	81	215948	215972
3	11	82	215972	216020
3	26	83	216019	216447
3	26	84	216446	216620
3	26	85	216619	216833
3	26	86	216832	217240
3	26	87	217240	217639
3	26	88	217639	217683
3	29	89	217682	217738
3	29	90	217737	217917
3	29	91	217917	218232
3	29	92	218231	218449
3	29	93	218448	218656
3	37	94	218655	219083
3	37	95	219082	219292
3	37	96	219291	219599
3	37	97	219598	220013
3	37	98	220012	220455
3	30	99	220454	220733
3	30	100	220732	221040
3	30	101	221039	221420
3	30	102	221422	221721
3	44	103	221720	222069
3	44	104	222069	222583
3	44	105	222583	223088
3	44	106	223088	223160
3	37	107	223159	223780
3	37	108	223779	224013
3	37	109	224012	224066
3	37	110	224065	224421
3	37	111	224420	224806
3	44	112	224805	225276
3	44	113	225276	225818
3	44	114	225818	226080
3	2	115	226079	226305
3	2	116	226304	226608
3	2	117	226607	226909
3	2	118	226908	226966
3	2	119	226965	227041
3	2	120	227040	227094
3	2	121	227093	227166
3	2	122	227167	227284
3	2	123	227284	227297
3	2	124	227296	227365
3	41	125	227364	227531
3	41	126	227531	227571
3	20	127	227570	227571
3	20	128	227572	227904
3	20	129	227903	227930
3	20	130	227929	228220
3	20	131	228219	228395
3	20	132	228394	228531
3	20	133	228530	229238
3	44	134	229237	229411
3	44	135	229411	229578
3	44	136	229577	229858
3	44	137	229858	229980
3	44	138	229980	230149
3	44	139	230149	230394
3	19	140	230395	230700
3	19	141	230699	230944
3	19	142	230943	231055
3	19	143	231057	231145
3	19	144	231145	231179
3	19	145	231178	231350
3	19	146	231350	231436
3	29	147	231437	231521
3	29	148	231523	231547
3	29	149	231549	231778
3	29	150	231777	231960
3	29	151	231959	232057
3	29	152	232056	232235
3	29	153	232237	232349
3	35	154	232348	232696
3	35	155	232695	233061
3	35	156	233060	233168
3	35	157	233167	233682
3	41	158	233681	233683
3	41	159	233684	233902
3	41	160	233903	234025
3	41	161	234024	234156
3	41	162	234155	234309
3	41	163	234308	234450
3	41	164	234449	234557
3	41	165	234557	234587
3	41	166	234589	234609
3	41	167	234612	234688
3	38	168	234687	234688
3	38	169	234689	234813
3	38	170	234812	235269
3	38	171	235269	235476
3	38	172	235475	235573
3	38	173	235573	235649
3	35	174	235648	235918
3	35	175	235917	236192
3	35	176	236192	236541
3	35	177	236542	236682
3	35	178	236683	236959
3	45	179	236958	237029
3	45	180	237028	237760
3	45	181	237760	238080
3	45	182	238080	238086
3	45	183	238085	238492
3	21	184	238491	238815
3	21	185	238814	239122
3	21	186	239127	239478
3	21	187	239477	239742
3	21	188	239741	239796
3	35	189	239795	240584
3	35	190	240583	240647
3	35	191	240646	240758
3	35	192	240757	241016
3	16	193	241015	241292
3	16	194	241291	241577
3	16	195	241576	241894
3	16	196	241893	242104
3	35	197	242103	242310
3	35	198	242310	242565
3	35	199	242564	242742
3	35	200	242741	242845
3	35	201	242844	242972
3	35	202	242971	243225
3	19	203	243224	243469
3	19	204	243469	243475
3	19	205	243474	243574
3	19	206	243575	243736
3	19	207	243735	244164
3	19	208	244163	244559
3	30	209	244558	244948
3	30	210	244947	245199
3	30	211	245200	245201
3	30	212	245201	245561
3	30	213	245562	245594
3	30	214	245593	245956
3	36	215	245957	246058
3	36	216	246058	246110
3	36	217	246112	246492
3	36	218	246491	246885
3	36	219	246884	247114
3	40	220	247114	247188
3	40	221	247187	247543
3	40	222	247542	247979
3	40	223	247978	248332
3	17	224	248335	248599
3	17	225	248602	248752
3	17	226	248753	248909
3	17	227	248910	249348
3	17	228	249349	249543
3	17	229	249544	249733
3	32	230	249732	249901
3	32	231	249900	249970
3	32	232	249969	250063
3	32	233	250066	250067
3	32	234	250067	250184
3	32	235	250183	250361
3	32	236	250360	250390
3	32	237	250389	250842
3	23	238	250841	251629
3	23	239	251628	251714
3	23	240	251713	252226
3	37	245	252904	253226
3	37	246	253225	253542
3	37	247	253541	253807
3	37	248	253806	253953
3	37	249	253953	254049
3	37	250	254049	254145
3	35	251	254146	254732
3	35	252	254731	254861
3	35	253	254861	255222
3	19	254	255221	255510
3	19	255	255509	255557
3	19	256	255556	255828
3	19	257	255827	256245
3	17	258	256244	256304
3	17	259	256305	256643
3	17	260	256642	257128
3	17	261	257127	257195
3	17	262	257194	257310
3	17	263	257309	257431
3	17	264	257430	257614
3	41	265	257613	257747
3	41	266	257747	257929
3	41	267	257928	258176
3	41	268	258175	258433
3	41	269	258432	258508
3	41	270	258509	258617
4	0	1	258616	259306
4	0	2	259308	259959
4	0	3	259959	260678
4	0	4	260678	260757
4	0	5	260758	261681
4	7	6	261681	261932
4	7	7	261934	262281
4	7	8	262281	262786
4	7	9	262786	262969
4	7	10	262969	263430
4	7	11	263430	263803
4	7	12	263803	263910
4	7	13	263911	263994
4	46	14	263995	264496
4	46	15	264497	264733
4	46	16	264734	264967
4	46	17	264967	265621
4	46	18	265620	265708
4	46	19	265707	265810
4	10	20	265811	265812
4	10	21	265813	266294
4	10	22	266294	266295
4	15	48	274474	274638
4	15	49	274639	275832
4	15	50	275833	276172
4	15	51	276175	276226
4	15	52	276226	276789
4	3	53	276789	277303
4	3	54	277305	277530
4	3	55	277531	277819
4	3	56	277821	278354
4	3	57	278354	278849
4	3	58	278850	278893
4	10	59	278893	278895
4	10	60	278896	279375
4	10	61	279377	280227
4	10	62	280227	280276
4	10	63	280276	280805
4	10	64	280804	280870
4	20	65	280870	282043
4	20	66	282043	282114
4	20	67	282114	282725
4	20	68	282725	283864
4	21	69	283865	284365
4	21	70	284364	284856
4	21	71	284859	285377
4	21	72	285379	285517
4	21	73	285518	285869
4	27	74	285873	285909
4	27	75	285909	286365
4	27	76	286365	286506
4	27	77	286507	287087
4	27	78	287089	287905
4	27	79	287905	288437
4	27	80	288439	289493
4	27	81	289493	290039
4	13	82	290039	290151
4	13	83	290153	290814
4	13	84	290814	291113
4	13	85	291113	291679
4	13	86	291683	292467
4	46	87	292469	293221
4	46	88	293221	293817
4	46	89	293817	294571
4	27	90	294571	294617
4	27	91	294617	295200
4	27	92	295202	295993
4	27	93	295992	296660
4	44	94	296660	297056
4	44	95	297058	297331
4	44	96	297331	297638
4	44	97	297639	298074
4	44	98	298076	298912
4	44	99	298913	298946
4	47	100	298946	299474
4	47	101	299473	299666
4	47	102	299667	300012
4	47	103	300013	300050
4	47	104	300052	300499
4	27	105	300501	301165
4	27	106	301165	301768
4	27	107	301768	301831
4	27	108	301833	302435
4	27	109	302437	302476
4	33	116	304091	304231
4	3	119	304530	304602
4	3	120	304602	304841
4	3	121	304842	305846
4	3	122	305846	305921
4	3	123	305923	306096
4	3	124	306098	306451
4	3	125	306453	306580
5	47	1	306580	306843
5	47	2	306843	307015
5	47	3	307015	307333
5	47	4	307333	307617
5	47	5	307616	307628
5	47	6	307628	307700
5	47	7	307699	307764
5	47	8	307764	307794
5	47	9	307794	307796
5	47	10	307795	307927
5	3	11	307926	308275
5	3	12	308274	308560
5	3	13	308559	308697
5	3	14	308696	308873
5	3	15	308873	309235
5	3	16	309235	309293
5	3	17	309292	309600
5	3	18	309599	309857
5	3	19	309856	309956
5	3	20	309956	310097
5	3	21	310097	310434
5	6	22	310434	310686
5	6	23	310688	310946
5	6	24	310945	310946
5	6	25	310947	311181
5	6	26	311180	311226
5	6	27	311226	311593
5	31	28	311594	311999
5	31	29	311999	312230
5	31	30	312232	313026
5	6	31	313025	313026
5	6	32	313026	313336
5	6	33	313335	313609
5	6	34	313608	313864
5	6	35	313864	313905
5	6	36	313905	314226
5	45	37	314225	314258
5	45	38	314262	314570
5	29	39	314576	314580
5	29	40	314582	314588
5	29	41	314590	314755
5	29	42	314754	314755
5	29	43	314756	314902
5	29	44	314903	314972
5	29	45	314972	315173
5	29	46	315173	315330
5	29	47	315332	315492
5	48	48	315491	315891
5	48	49	315890	316020
5	48	50	316019	316275
5	48	51	316274	316434
5	48	52	316433	316545
5	48	53	316546	316690
5	23	54	316689	316787
5	23	55	316787	316805
5	23	56	316804	317076
5	23	57	317075	317408
5	23	58	317407	317457
5	23	59	317459	317577
5	23	60	317576	317658
5	23	61	317660	317943
5	23	62	317945	318085
5	2	63	318086	319017
5	2	64	319016	319264
5	2	65	319267	319655
5	45	66	319654	319655
5	45	67	319656	320482
5	45	68	320481	321149
5	45	69	321149	321155
5	45	70	321155	321191
5	46	71	321190	321793
5	46	72	321793	323497
5	12	73	323496	324053
5	12	74	324053	324113
5	12	75	324112	324673
5	12	76	324672	325253
5	12	77	325253	325311
5	12	78	325311	325337
5	4	79	325338	325917
5	4	80	325916	326861
5	4	81	326860	327002
5	49	82	327003	327004
5	49	83	327005	327181
5	49	84	327182	327348
5	49	85	327347	327701
5	49	86	327700	327740
5	49	87	327739	328033
5	49	88	328032	328279
5	38	89	328278	328279
5	38	90	328280	328362
5	38	91	328362	328589
5	38	92	328589	328645
5	38	93	328644	329137
5	3	94	329136	329380
5	3	95	329379	330012
5	3	96	330011	330389
5	3	97	330388	330423
5	10	98	330422	330565
5	10	99	330565	330743
5	10	100	330742	330968
5	10	101	330967	331009
5	10	102	331008	331531
5	14	103	331530	331531
5	14	104	331532	331927
5	14	105	331926	331927
5	14	106	331927	332279
5	14	107	332279	332893
5	14	108	332895	333527
5	49	109	333526	333527
5	49	110	333530	333592
5	49	111	333591	333725
5	49	112	333724	333890
5	49	113	333889	334187
5	49	114	334186	334353
5	49	115	334352	334646
5	49	116	334645	334859
5	49	117	334858	334859
5	49	118	334860	335220
5	49	119	335219	335375
5	49	120	335374	335615
5	49	121	335614	335794
5	49	122	335800	336095
5	49	123	336094	336122
5	49	124	336121	336287
5	5	125	336286	336348
5	5	126	336347	336511
5	5	127	336510	336722
5	5	128	336723	336825
5	5	129	336826	336984
5	5	130	336985	337249
5	39	131	337248	337791
5	39	132	337791	338007
5	39	133	338006	338060
5	39	134	338060	338355
5	39	135	338354	338702
5	48	141	340742	340991
5	48	142	340999	341321
5	48	143	341323	341759
5	48	144	341763	342308
5	48	145	342307	342423
5	48	146	342425	342537
5	48	147	342536	342868
5	48	148	342867	343064
5	48	149	343063	343458
5	48	150	343457	343665
5	48	151	343664	343901
5	4	152	343900	344052
5	4	153	344054	344389
5	4	154	344388	344506
5	4	155	344505	344819
5	4	156	344819	344844
5	4	157	344843	344945
5	41	185	347828	347910
5	41	186	347909	348262
5	41	187	348263	348317
5	41	188	348316	348687
5	41	189	348686	348925
5	41	190	348925	349102
5	24	191	349101	349616
5	24	192	349615	349791
5	24	193	349790	349952
5	24	194	349951	350143
5	24	195	350142	350669
5	24	196	350669	350697
5	24	197	350699	350707
5	24	198	350707	350711
5	24	199	350711	350749
5	24	200	350751	350757
5	24	201	350761	350795
5	22	202	350798	350806
5	22	203	350805	351167
5	22	204	351166	351452
5	22	205	351451	351664
5	22	206	351663	352034
5	35	214	353013	353070
5	35	215	353070	353447
5	35	216	353449	353477
5	19	217	353476	353852
5	19	218	353851	354307
5	19	219	354306	354736
5	19	220	354736	354810
5	19	221	354810	355062
5	40	235	357236	357237
5	40	236	357238	357582
5	40	237	357581	357974
5	40	238	357973	358639
6	45	1	361571	361762
6	45	2	361761	361953
6	45	3	361954	362028
6	45	4	362028	362174
6	45	5	362174	362375
6	50	6	362375	362487
6	50	7	362489	362633
6	50	8	362632	362810
6	50	9	362809	362885
6	50	10	362887	363256
6	45	11	363257	363561
6	45	12	363561	363808
6	45	13	363807	363873
6	45	14	363873	364101
6	45	15	364101	364163
6	45	16	364162	364224
6	45	17	364226	364254
6	51	18	364253	364629
6	51	19	364631	364951
6	51	20	364951	365030
6	51	21	365035	365339
6	51	22	365343	365585
6	51	23	365587	365715
6	29	24	365714	365717
6	29	25	365718	365876
6	29	26	365876	366510
6	29	27	366510	367217
6	31	28	367216	367905
6	31	29	367907	367954
6	31	30	367955	368037
6	31	31	368037	368501
6	31	32	368502	368714
6	35	33	368713	368728
6	35	34	368728	369060
6	35	35	369059	369403
6	35	36	369402	369427
6	35	37	369427	369830
6	35	38	369829	370333
6	35	39	370334	370364
6	35	40	370366	370414
6	35	41	370415	370900
6	3	42	370900	371210
6	3	43	371209	371670
6	3	44	371669	371811
6	3	45	371810	371946
6	3	46	371947	372075
6	29	47	372074	372365
6	29	48	372365	372435
6	29	49	372434	372752
6	29	50	372751	372807
6	29	51	372806	372981
6	29	52	372980	373062
6	29	53	373062	373209
6	31	54	373208	373752
6	31	55	373751	374247
6	31	56	374248	374294
6	31	57	374295	374469
6	31	58	374470	374939
6	49	59	374938	375535
6	49	60	375534	376366
6	49	61	376365	376899
6	49	62	376901	376993
6	31	63	376994	377392
6	31	64	377393	377797
6	31	65	377798	378196
6	31	66	378197	378299
6	35	67	378298	379267
6	35	68	379272	379912
6	51	69	379911	380994
6	51	70	380998	381056
6	51	71	381058	381076
6	51	72	381080	382112
6	51	73	382113	382791
6	51	74	382790	383318
6	51	75	383317	383359
6	51	76	383359	383383
6	51	77	383382	383642
6	51	78	383642	383643
6	51	79	383643	383990
6	51	80	383994	384679
6	8	81	384678	384993
6	8	82	384996	385377
6	8	83	385377	385647
6	8	84	385650	386079
6	8	85	386079	386095
6	8	86	386094	386129
6	11	87	386128	386218
6	11	88	386219	386425
6	11	89	386424	386692
6	11	90	386692	386788
6	23	91	386789	387095
6	23	92	387096	387353
6	23	93	387352	388071
6	29	94	388070	388071
6	29	95	388072	388384
6	29	96	388385	388667
6	29	97	388668	388809
6	29	98	388810	388929
6	29	99	388932	389186
6	29	100	389186	389224
6	38	101	389223	389872
6	38	102	389871	389935
6	38	103	389936	390174
6	38	104	390174	390401
6	38	105	390400	390673
6	38	106	390672	391118
6	38	107	391117	391357
6	38	108	391358	391373
6	38	109	391372	391406
6	38	110	391406	391434
6	38	111	391434	391450
6	30	112	391449	391953
6	30	113	391955	392322
6	30	114	392322	392595
6	30	115	392595	392697
6	3	116	392698	392699
6	3	117	392699	393025
6	3	118	393024	393326
6	3	119	393325	393523
6	3	120	393523	393529
6	3	121	393528	393739
6	3	122	393738	394180
6	11	123	394181	394183
6	11	124	394184	394712
6	11	125	394711	394712
6	11	126	394715	395208
6	11	127	395209	395437
6	11	128	395436	395530
6	11	129	395531	395836
6	11	130	395836	395842
6	11	131	395846	395892
6	52	132	395891	396075
6	52	133	396078	396373
6	52	134	396372	396721
6	52	135	396722	397047
6	52	136	397046	397202
6	52	137	397202	397336
6	24	138	397337	397624
6	24	139	397623	398188
6	24	140	398187	398387
6	24	141	398394	398838
6	24	142	398838	398907
6	24	143	398906	399086
6	18	144	399085	399086
6	18	145	399087	399491
6	18	146	399490	399613
6	18	147	399613	399835
6	18	148	399834	399942
6	18	149	399946	400138
6	18	150	400138	400164
6	23	151	400163	400341
6	23	152	400340	400536
6	23	153	400535	400729
6	23	154	400729	400741
6	23	155	400742	401003
6	23	156	401004	401126
6	23	157	401127	401211
6	23	158	401210	401360
6	23	159	401362	401370
6	23	160	401372	401448
6	11	161	401447	401922
6	11	162	401921	402095
6	11	163	402094	402395
6	11	164	402394	402669
6	11	165	402668	402986
6	12	166	402985	402987
6	12	167	402988	403148
6	12	168	403149	403239
6	12	169	403238	403368
6	12	170	403369	403464
6	12	171	403463	403821
6	12	172	403822	403850
6	12	173	403849	403974
6	40	174	403973	404292
6	40	175	404291	404453
6	40	176	404452	404540
6	40	177	404539	404675
6	40	178	404674	404913
6	40	179	404912	405062
6	32	180	405061	405144
6	32	181	405146	405251
6	32	182	405250	405370
6	32	183	405369	405497
6	32	184	405496	405620
6	32	185	405619	405766
6	32	186	405765	405989
6	32	187	405988	406084
6	53	188	406083	406203
6	53	189	406202	406702
6	53	190	406701	406789
6	53	191	406788	406923
6	53	192	406927	406975
6	53	193	406976	407222
6	42	194	407225	407466
6	42	195	407465	407692
6	42	196	407691	407739
6	42	197	407740	408004
6	42	198	408003	408171
6	42	199	408171	408173
6	42	200	408173	408215
6	12	206	409619	409720
6	12	207	409721	409897
6	12	208	409902	409986
6	12	209	409987	410163
6	12	210	410164	410290
6	12	211	410291	410517
6	12	212	410516	410572
6	12	213	410571	410757
6	12	214	410757	410817
6	52	215	410816	411107
6	52	216	411106	411412
6	52	217	411413	411595
6	52	218	411598	412125
6	52	219	412127	412153
6	12	220	412152	412273
6	12	221	412272	412470
6	12	222	412471	412761
6	12	223	412762	412858
6	12	224	412857	413187
6	12	225	413186	413211
6	12	226	413211	413233
6	12	227	413233	413273
6	37	228	413272	413557
6	37	229	413556	413618
6	37	230	413619	413839
6	37	231	413838	413930
6	37	232	413931	414135
6	37	233	414136	414212
6	37	234	414212	414240
6	37	235	414240	414250
6	37	236	414252	414494
6	16	237	414493	414982
6	16	238	414981	415300
6	16	239	415299	415470
6	30	240	415469	415918
6	30	241	415917	416255
6	30	242	416255	416286
6	30	243	416287	416373
6	30	244	416375	416673
6	30	245	416674	416818
6	54	246	416821	417293
6	54	247	417292	417695
6	54	248	417694	417822
6	54	249	417822	417974
6	29	250	417977	418121
6	29	251	418122	418310
6	29	252	418311	418565
6	29	253	418564	418654
6	29	254	418653	418851
6	29	255	418851	418887
6	3	256	418886	419317
6	3	257	419316	419464
6	3	258	419463	419689
6	3	259	419690	419748
6	3	260	419747	420256
6	55	261	420255	420899
6	55	262	420898	421461
6	55	263	421460	421534
6	55	264	421533	421703
6	55	265	421702	421936
6	55	266	421936	422018
6	19	272	423121	423284
6	19	273	423286	423964
6	19	274	423963	424359
6	23	279	425994	426695
6	23	280	426694	426731
6	23	281	426734	427120
6	23	282	427120	427126
6	19	283	427125	427126
6	19	284	427127	427193
6	19	285	427194	427442
6	19	286	427441	427508
6	19	287	427507	427813
6	19	288	427812	427878
6	19	289	427877	427952
7	23	1	427952	427993
7	23	2	427995	428389
7	23	3	428392	428625
7	23	4	428629	428689
7	23	5	428691	428743
7	23	6	428745	429058
7	23	7	429059	429282
7	36	8	429281	429379
7	36	9	429381	429868
7	36	10	429867	429969
7	36	11	429969	430538
7	51	12	430537	430938
7	51	13	430940	431314
7	51	14	431313	431689
7	51	15	431691	431733
7	51	16	431737	432085
7	13	17	432086	432087
7	13	18	432088	432418
7	13	19	432417	432418
7	13	20	432419	432548
7	13	21	432550	432746
7	13	22	432747	432841
7	13	23	432843	433139
7	52	24	433140	433570
7	52	25	433570	434098
7	52	26	434099	434137
7	52	27	434139	434235
7	52	28	434235	434743
7	23	29	434746	434842
7	23	30	434853	435266
7	23	31	435265	435453
7	23	32	435454	435759
7	23	33	435761	436109
7	23	34	436112	436210
7	26	35	436209	436564
7	26	36	436563	436646
7	26	37	436647	436897
7	26	38	436896	437196
7	26	39	437195	437291
7	50	40	437290	437336
7	50	41	437337	437690
7	50	42	437689	437936
7	49	43	437935	438012
7	49	44	438014	438276
7	49	45	438275	438690
7	49	46	438691	438913
7	49	47	438912	438930
7	49	48	438932	438962
7	24	55	439830	440916
7	24	56	440915	441009
7	24	57	441010	441328
7	24	58	441327	441537
7	8	59	441538	442028
7	8	60	442027	442308
7	8	61	442307	442601
7	20	75	448988	448989
7	20	76	448992	449334
7	20	77	449335	449371
7	20	78	449373	449714
7	20	79	449718	450337
7	8	80	450338	450340
7	8	81	450341	451012
7	8	82	451013	451389
7	8	83	451392	451520
7	8	84	451525	451939
7	40	85	451940	452018
7	40	86	452018	452200
7	40	87	452201	452524
7	40	88	452526	452741
7	40	89	452741	452881
7	40	90	452881	452907
7	8	99	455261	455262
7	8	100	455263	455803
7	8	101	455802	456148
7	8	102	456150	456306
7	8	103	456310	456464
7	19	132	463448	463769
7	19	133	463773	464004
7	19	134	464005	464516
7	28	135	464515	464976
7	28	136	464975	465105
7	28	137	465104	465258
7	28	138	465257	465592
7	56	153	468433	468611
7	56	154	468610	468913
7	56	155	468912	469036
7	56	156	469037	469163
7	56	157	469162	469306
7	56	158	469307	469675
7	52	159	469674	470092
7	52	160	470092	470463
7	52	161	470462	470596
7	52	162	470596	471007
7	0	164	471423	471489
7	0	165	471489	471679
7	0	166	471680	471770
7	0	167	471769	471981
7	0	168	471981	472251
7	8	169	472250	472357
7	8	170	472358	472589
7	8	171	472588	472642
7	8	172	472642	472922
7	8	173	472922	472976
8	28	1	472975	472978
8	28	2	472985	473296
8	28	3	473297	473589
8	28	4	473589	473590
8	28	5	473589	473706
8	28	6	473707	473928
8	28	7	473929	473971
8	28	8	473972	474307
8	28	9	474306	474643
8	31	10	474644	475131
8	31	11	475131	475364
8	31	12	475364	475752
8	31	13	475753	476148
8	31	14	476148	476600
8	31	15	476600	476684
8	27	16	476685	477766
8	27	17	477767	477768
8	27	18	477769	478160
8	27	19	478161	478289
8	27	20	478290	478842
8	46	21	478842	479398
8	46	22	479398	479905
8	46	23	479905	480424
8	46	24	480424	480473
8	46	25	480474	481001
8	47	26	481001	481473
8	47	27	481473	481989
8	47	28	481993	482482
8	47	29	482482	482985
8	27	30	482986	483555
8	27	31	483555	484172
8	27	32	484174	484892
8	27	33	484894	485083
8	3	34	485085	485688
8	3	35	485690	486197
8	3	36	486197	486346
8	3	37	486346	486815
8	4	38	486815	487303
8	4	39	487307	487776
8	4	40	487777	487818
8	4	41	487821	488379
8	13	42	488379	488413
8	13	43	488416	489104
8	13	44	489105	489741
8	13	45	489742	489775
8	13	46	489777	490427
8	13	47	490428	490717
8	39	48	490717	491300
8	39	49	491300	491841
8	39	50	491842	491887
8	39	51	491888	491911
8	39	52	491915	492606
8	39	53	492607	492628
8	49	54	492628	493091
8	49	55	493093	493724
8	49	56	493726	494825
8	49	57	494827	495173
8	49	58	495173	495196
8	3	59	495198	495597
8	3	60	495599	496407
8	3	61	496407	496450
8	3	62	496450	497543
8	12	63	497543	497546
8	12	64	497551	498039
8	12	65	498040	498055
8	12	66	498056	499007
8	12	67	499009	499197
8	12	68	499197	499272
8	12	69	499272	499283
8	29	70	499283	499285
8	29	71	499288	499599
8	29	72	499599	499600
8	29	73	499600	499762
8	29	74	499763	499816
8	29	75	499817	499950
8	29	76	499950	500489
8	29	77	500493	501312
8	6	78	501316	501382
8	6	79	501381	501437
8	6	80	501438	501751
8	6	81	501752	501850
8	6	82	501851	503596
8	12	83	503598	503678
8	12	84	503679	503916
8	12	85	503918	504023
8	12	86	504024	504270
8	12	87	504273	504276
8	12	88	504277	504434
8	12	89	504437	504440
8	12	90	504441	504460
8	31	91	504460	505196
8	31	92	505197	505515
8	31	93	505517	506022
8	31	94	506024	506133
8	31	95	506134	506754
8	19	96	506756	506757
8	19	97	506758	506892
8	19	98	506894	507337
8	19	99	507337	507462
8	19	100	507462	507520
8	19	101	507520	508925
8	2	102	508925	508926
8	2	103	508930	509324
8	2	104	509324	509329
8	2	105	509331	510258
8	2	106	510260	510619
8	2	107	510623	510738
8	57	108	510738	511264
8	57	109	511265	512012
8	57	110	512015	513004
8	57	111	513004	513046
8	31	112	513046	513540
8	31	113	513542	513773
8	31	114	513775	514049
8	31	115	514051	514180
8	31	116	514182	514607
8	31	117	514609	514675
8	31	118	514674	514909
8	8	119	514909	515430
8	8	120	515434	515665
8	8	121	515665	515944
8	8	122	515947	516491
8	8	123	516492	516494
8	8	124	516499	516755
8	8	125	516757	516798
8	8	126	516799	516803
8	8	127	516803	516804
8	8	128	516805	516850
8	28	129	516850	517531
8	28	130	517531	517750
8	28	131	517750	517788
8	28	132	517788	518213
8	28	133	518213	518610
8	46	134	518611	519218
8	46	135	519219	519762
8	46	136	519762	520361
8	46	137	520361	520545
8	46	138	520546	520558
8	46	139	520557	520640
8	19	140	520640	521195
8	19	141	521196	521331
8	19	142	521331	521867
8	19	143	521867	522189
8	19	144	522189	522456
8	19	145	522456	522731
8	19	146	522731	522938
8	19	147	522939	522940
8	19	148	522943	522986
8	5	149	522986	523240
8	5	150	523242	523441
8	5	151	523443	523634
8	5	152	523634	523832
8	5	153	523831	524040
8	5	154	524042	524150
8	5	155	524151	524284
8	5	156	524286	524414
8	5	157	524416	524879
8	8	158	524878	524880
8	8	159	524880	524883
8	8	160	524885	525400
8	8	161	525403	525658
8	8	162	525660	525886
8	8	163	525888	526134
8	8	164	526136	526143
8	8	165	526146	526531
8	45	166	526534	526537
8	45	167	526538	526670
8	45	168	526671	526878
8	45	169	526880	527455
8	45	170	527457	527957
8	45	171	527960	528121
8	5	172	528121	528348
8	5	173	528350	528592
8	5	174	528593	528813
8	5	175	528814	529038
8	5	176	529037	529292
8	5	177	529292	529528
8	5	178	529529	529762
8	5	179	529764	529799
8	5	180	529799	530022
8	20	181	530022	530226
8	20	182	530230	530510
8	20	183	530512	530792
8	20	184	530791	531340
8	20	185	531340	531868
8	20	186	531870	532352
8	20	187	532354	532471
8	20	188	532472	532575
8	20	189	532578	532597
8	20	190	532602	532647
8	20	191	532647	532648
8	53	192	532648	532651
8	53	193	532651	532652
8	53	194	532659	532818
8	53	195	532820	533029
8	53	196	533031	533523
8	53	197	533525	533594
8	53	198	533595	533764
8	53	199	533766	533989
8	53	200	533989	534345
8	39	201	534345	534850
8	39	202	534849	535061
8	39	203	535063	535244
8	39	204	535244	535421
8	39	205	535423	535608
8	39	206	535607	535785
8	39	207	535784	535917
8	15	208	535917	536055
8	15	209	536058	536281
8	15	210	536282	536519
8	15	211	536519	536785
8	15	212	536785	537032
8	15	213	537032	537321
8	3	214	537321	537772
8	3	215	537776	537899
8	3	216	537901	538258
8	3	217	538258	538393
8	3	218	538397	538808
8	3	219	538810	538886
8	3	220	538886	538887
8	3	221	538889	538950
8	27	222	538952	539426
8	27	223	539427	539862
8	27	224	539862	540330
8	27	225	540332	540391
8	27	226	540391	540874
8	58	227	540874	541456
8	58	228	541457	541936
8	58	229	541937	541966
8	58	230	541966	542530
8	58	231	542531	542721
8	58	232	542723	543114
8	13	236	544723	545483
8	13	237	545485	545759
8	13	238	545761	546265
8	13	239	546266	546705
8	13	240	546707	546735
8	19	241	546734	546785
8	19	242	546787	547475
8	19	243	547475	548119
8	19	244	548119	548608
8	19	245	548609	548827
8	19	246	548828	548989
8	45	247	548989	549554
8	45	248	549558	549935
8	45	249	549937	550419
8	45	250	550421	550458
8	45	251	550460	550966
8	59	252	550966	551546
8	59	253	551548	551597
8	59	254	551599	551918
8	59	255	551918	551950
8	59	256	551952	552271
8	59	257	552273	552290
8	58	258	552290	553002
8	58	259	553002	553283
8	58	260	553285	553778
8	58	261	553778	554546
8	29	262	554546	555077
8	29	263	555077	555142
8	29	264	555144	556236
8	29	265	556237	556315
8	29	266	556319	556351
8	29	267	556351	556382
8	8	268	556383	556448
8	8	269	556450	556451
8	8	270	556454	557620
8	8	271	557622	558012
8	8	272	558015	558170
8	5	273	558169	558283
8	5	274	558285	558736
8	5	275	558738	558805
8	5	276	558808	558811
8	5	277	558811	558812
8	5	278	558812	559236
8	5	279	559240	559354
8	5	280	559355	559785
8	2	281	559784	560401
8	2	282	560403	560686
8	2	283	560689	560714
8	2	284	560716	561409
8	40	290	563997	564006
8	40	291	564007	564510
8	40	292	564510	565038
9	14	1	565037	565039
9	14	2	565040	565232
9	14	3	565233	565392
9	14	4	565392	565436
9	14	5	565436	565446
9	14	6	565446	565466
9	14	7	565466	565695
9	14	8	565697	565818
9	14	9	565817	566327
9	14	10	566327	566359
9	60	11	566359	566555
9	60	12	566555	566649
9	60	13	566649	567083
9	60	14	567083	567195
9	60	15	567196	567511
9	60	16	567517	567567
9	60	17	567567	567733
9	60	18	567732	567999
9	60	19	568000	568253
9	60	20	568253	568434
9	60	21	568435	568542
9	60	22	568546	568941
9	60	23	568943	569476
9	60	24	569475	569968
9	60	25	569968	570257
9	60	26	570258	570306
9	60	27	570311	570701
9	50	28	570702	570952
9	50	29	570951	571173
9	50	30	571172	571454
9	50	31	571453	571785
9	52	32	571784	571935
9	52	33	571939	572255
9	52	34	572255	572851
9	52	35	572851	573078
9	52	36	573077	573455
9	60	37	573454	574149
9	60	38	574151	574197
9	60	39	574207	574498
9	37	40	574501	574502
9	37	41	574503	574979
9	37	42	574978	575357
9	37	43	575357	575411
9	37	44	575412	575914
9	37	45	575920	576036
9	26	46	576035	576036
9	26	47	576036	576095
9	26	48	576094	576400
9	26	49	576399	576767
9	26	50	576766	577234
9	11	51	577233	577249
9	11	52	577249	577815
9	11	53	577816	579105
9	52	54	579104	579105
9	52	55	579105	579676
9	52	56	579675	580087
9	52	57	580091	580748
9	52	58	580747	580927
9	52	59	580927	581015
9	49	60	581014	581016
9	49	61	581017	582058
9	49	62	582059	582091
9	49	63	582092	582637
9	49	64	582636	582898
9	10	65	582899	582900
9	10	66	582901	583982
9	10	67	583983	584757
9	52	68	584756	585249
9	52	69	585250	585844
9	52	70	585846	586589
9	52	71	586591	586741
9	52	72	586741	586815
9	19	73	586816	586817
9	19	74	586818	587202
9	19	75	587201	587517
9	19	76	587516	587854
9	19	77	587853	588245
9	14	78	588246	588247
9	14	79	588247	588550
9	14	80	588550	589512
9	14	81	589513	589682
9	14	82	589684	590078
9	11	83	590077	590180
9	11	84	590180	590522
9	11	85	590523	590976
9	11	86	590978	591347
9	11	87	591349	591709
9	11	88	591709	591733
9	49	89	591734	592175
9	49	90	592174	592358
9	49	91	592359	592533
9	49	92	592535	592644
9	49	93	592645	592679
9	49	94	592680	592888
9	49	95	592887	592983
9	52	96	592984	593366
9	52	97	593367	593845
9	52	98	593846	594212
9	52	99	594214	594270
9	52	100	594272	594348
9	52	101	594350	594937
9	11	102	594938	594939
9	11	103	594940	595262
9	11	104	595263	595656
9	11	105	595655	595745
9	11	106	595745	596048
9	11	107	596048	596310
9	11	108	596312	596362
9	55	109	596366	596804
9	55	110	596803	597155
9	55	111	597154	597568
9	55	112	597567	598131
9	61	113	598134	598135
9	61	114	598136	598416
9	61	115	598416	598549
9	61	116	598549	598707
9	61	117	598706	599024
9	61	118	599023	599261
9	61	119	599262	599360
9	61	120	599360	599409
9	2	121	599408	599495
9	2	122	599498	599612
9	2	123	599611	599909
9	14	124	599910	599911
9	14	125	599912	600042
9	14	126	600044	600286
9	14	127	600285	601201
9	12	128	601204	601224
9	12	129	601224	601416
9	12	130	601419	601531
9	12	131	601531	601651
9	12	132	601652	601758
9	12	133	601757	601865
9	12	134	601868	601924
9	12	135	601923	601991
9	12	136	601992	602062
9	12	137	602061	602326
9	61	138	602325	602488
9	61	139	602491	602627
9	61	140	602628	602752
9	61	141	602751	602867
9	61	142	602866	603080
9	61	143	603079	603187
9	61	144	603186	603318
9	61	145	603317	603487
9	53	146	603486	603488
9	53	147	603489	603511
9	53	148	603511	603880
9	53	149	603879	603908
9	53	150	603907	604144
9	53	151	604143	604756
9	46	152	604755	604910
9	46	153	604909	605480
9	46	154	605479	605639
9	46	155	605638	605789
9	0	156	605788	605890
9	0	157	605893	605983
9	18	158	605982	605983
9	18	159	605984	606323
9	18	160	606322	606498
9	18	161	606497	606645
9	18	162	606644	606645
9	18	163	606645	606746
9	18	164	606745	606982
9	18	165	606981	607017
9	62	166	607018	607412
9	62	167	607413	607597
9	62	168	607596	607742
9	62	169	607741	607941
9	62	170	607940	608100
9	62	171	608099	608127
9	62	172	608127	608137
9	62	173	608136	608246
9	45	174	608245	608247
9	45	175	608247	608363
9	45	176	608364	608915
9	45	177	608916	609083
9	30	178	609084	609368
9	30	179	609368	609642
9	30	180	609641	610100
9	30	181	610099	610413
9	30	182	610413	610415
9	30	183	610415	610694
9	29	184	610695	610696
9	29	185	610697	610955
9	29	186	610954	611272
9	29	187	611273	611325
9	29	188	611325	611585
9	29	189	611585	611847
9	29	190	611847	611927
9	48	191	611928	612340
9	48	192	612339	612663
9	48	193	612664	612703
9	48	194	612704	613110
9	48	195	613109	613263
9	48	196	613262	613586
9	14	197	613589	613661
9	14	198	613662	613977
9	14	199	613980	614812
9	14	200	614813	615019
9	14	201	615023	615155
9	14	202	615154	615156
9	14	203	615157	615341
9	14	204	615341	615417
9	14	205	615417	615947
9	14	206	615947	616249
9	14	207	616251	616364
9	14	208	616363	616599
9	55	209	616598	617100
9	55	210	617099	617587
9	55	211	617586	617970
9	55	212	617969	618400
9	55	213	618399	618767
9	55	214	618766	619064
9	55	215	619063	619424
9	55	216	619423	619475
9	55	217	619474	619858
9	2	218	619857	620109
9	2	219	620108	620160
9	2	220	620161	620464
9	2	221	620467	621019
9	55	222	621018	621019
9	55	223	621020	621700
9	55	224	621699	622217
9	55	225	622217	622269
9	55	226	622271	622445
9	55	227	622447	623135
9	63	228	623134	623136
9	63	229	623137	623199
9	63	230	623198	623206
9	63	231	623205	623539
9	63	232	623540	623939
9	63	233	623940	624132
9	63	234	624131	624345
9	24	235	624344	624602
9	24	236	624603	625221
9	24	237	625222	625451
9	24	238	625450	625696
9	24	239	625697	625967
9	8	240	625971	626314
9	8	241	626316	626442
9	8	242	626441	626657
9	8	243	626660	626714
9	8	244	626713	627107
9	11	245	627109	627740
9	11	246	627742	627804
9	11	247	627806	628365
9	11	248	628366	628766
9	2	256	629866	630133
9	2	257	630132	630247
9	2	258	630248	630258
9	2	259	630258	630321
9	2	260	630324	630599
9	2	261	630598	630865
9	14	262	630864	630865
9	14	263	630866	630932
9	14	264	630932	631156
9	14	265	631156	631209
9	14	266	631213	631551
9	14	267	631551	631920
9	14	268	631922	631977
9	14	269	631976	632066
9	8	270	632067	632629
9	8	271	632628	632987
9	11	272	632988	633100
9	11	273	633100	633498
9	11	274	633497	634007
9	11	275	634008	634096
9	11	276	634096	634256
