0	0	1	0	279
0	0	2	278	452
0	0	3	456	501
0	0	4	504	626
0	0	5	630	636
0	0	6	642	650
0	0	7	650	808
0	1	8	812	969
0	1	9	970	1046
0	1	10	1048	1214
0	1	11	1214	1459
0	1	12	1462	1495
0	1	13	1496	1755
0	0	14	1755	1892
0	0	15	1892	2055
0	0	16	2055	2222
0	0	17	2224	2256
0	0	18	2255	2269
0	0	19	2270	2467
0	2	20	2467	2468
0	2	21	2468	2689
0	2	22	2689	2889
0	2	23	2889	2909
0	2	24	2909	2973
0	2	25	2974	3097
0	2	26	3097	3380
0	3	27	3380	3627
0	3	28	3626	4014
0	3	29	4014	4173
0	3	30	4173	4537
0	4	31	4539	4551
0	4	32	4550	4883
0	4	33	4883	5175
0	4	34	5178	5534
0	4	35	5537	5592
0	4	36	5595	6027
0	5	37	6027	6331
0	5	38	6331	6692
0	5	39	6693	6713
0	5	40	6713	6831
0	5	41	6831	7033
0	5	42	7033	7190
0	6	43	7189	7193
0	6	44	7194	7469
0	6	45	7471	7743
0	6	46	7744	7774
0	6	47	7776	8057
0	7	48	8060	8314
0	7	49	8316	8369
0	7	50	8369	8567
0	7	51	8567	8637
0	7	52	8640	8724
0	7	53	8724	8836
0	8	54	8838	8840
0	8	55	8840	9058
0	8	56	9063	9301
0	8	57	9302	9610
0	8	58	9611	9623
0	8	59	9625	9664
0	9	60	9666	9668
0	9	61	9668	10021
0	9	62	10025	10059
0	9	63	10060	10980
0	10	70	12312	13091
0	10	71	13093	13131
0	10	72	13132	13685
0	11	73	13684	13685
0	11	74	13685	14255
0	11	75	14256	15401
0	12	76	15404	15789
0	12	77	15789	16762
0	12	78	16765	16790
0	3	79	16790	17052
0	3	80	17052	17105
0	3	81	17104	17383
0	3	82	17383	17655
0	3	83	17655	18031
0	13	84	18031	18033
0	13	85	18033	18230
0	13	86	18230	18537
0	13	87	18537	18770
0	13	88	18773	19013
0	14	89	19012	19013
0	14	90	19013	19324
0	14	91	19323	19438
0	14	92	19441	19653
0	14	93	19653	20331
0	12	94	20332	20334
0	12	95	20336	20411
0	12	96	20414	20583
0	12	97	20584	20841
0	12	98	20842	21163
0	12	99	21166	21259
0	12	100	21260	21281
0	15	101	21283	21556
0	15	102	21557	21823
0	15	103	21824	21980
0	15	104	21981	22086
0	15	105	22087	22174
0	15	106	22175	22409
0	15	107	22412	22454
0	5	108	22455	22476
0	5	109	22478	22600
0	5	110	22601	22739
0	5	111	22740	23080
0	5	112	23081	23204
0	5	113	23205	23447
0	5	114	23448	23590
0	13	115	23590	23972
0	13	116	23971	24125
0	13	117	24125	24384
0	13	118	24384	24532
0	13	119	24531	24583
0	13	120	24584	24618
0	16	121	24619	24884
0	16	122	24885	25029
0	16	123	25030	25191
0	16	124	25191	25515
0	16	125	25515	25549
0	16	126	25548	25576
0	16	127	25576	25578
0	16	128	25577	25757
0	17	129	25757	25759
0	17	130	25759	25986
0	17	131	25991	26239
0	17	132	26240	26372
0	17	133	26373	26374
0	17	134	26377	26540
0	17	135	26541	26891
0	18	136	26892	27214
0	18	137	27213	27215
0	18	138	27215	27411
0	18	139	27413	27561
0	18	140	27562	27616
0	18	141	27616	27818
0	18	142	27827	27852
0	3	143	27852	28120
0	3	144	28121	28253
0	3	145	28253	28555
0	3	146	28556	29224
0	19	147	29226	29344
0	19	148	29344	29605
0	19	149	29604	29742
0	19	150	29741	29855
0	19	151	29854	29994
0	19	152	29996	29997
0	19	153	29997	30266
0	20	154	30265	30266
0	20	155	30266	30595
0	20	156	30594	30677
0	20	157	30677	30849
0	20	158	30849	30925
0	20	159	30924	31023
0	20	160	31024	31029
0	20	161	31032	31067
0	18	162	31067	31139
0	18	163	31142	31372
0	18	164	31372	31502
0	18	165	31502	31652
0	18	166	31652	31752
0	18	167	31755	31768
0	18	168	31769	31810
0	21	169	31813	31814
0	21	170	31814	31900
0	21	171	31901	32000
0	21	172	32000	32151
0	21	173	32152	32192
0	21	174	32191	32386
0	21	175	32388	32531
0	15	176	32532	32635
0	15	177	32638	32764
0	15	178	32764	33072
0	15	179	33072	33116
0	15	180	33118	33233
0	15	181	33233	33361
0	15	182	33361	33362
0	15	183	33362	33620
0	13	184	33626	33885
0	13	185	33884	34089
0	13	186	34088	34201
0	13	187	34201	34316
0	13	188	34316	34401
0	13	189	34402	34541
0	19	190	34542	34576
0	19	191	34575	34629
0	19	192	34628	34886
0	19	193	34885	35110
0	19	194	35109	35189
0	19	195	35188	35677
0	13	196	35676	35899
0	13	197	35899	36089
0	13	198	36089	36347
0	13	199	36348	36813
0	19	200	36813	37105
0	19	201	37105	37441
0	19	202	37440	37470
0	19	203	37469	38066
0	22	204	38065	38309
0	22	205	38309	38433
0	22	206	38432	38640
0	22	207	38639	38701
0	22	208	38702	38975
0	22	209	38974	39230
0	22	210	39229	39268
0	23	211	39267	39616
0	23	212	39617	39734
0	23	213	39734	39860
0	23	214	39863	39957
0	23	215	39962	39971
0	23	216	39974	40461
0	23	217	40462	40541
0	0	218	40542	40554
0	0	219	40554	40862
0	0	220	40863	40922
0	0	221	40922	41231
0	22	222	41233	41315
0	22	223	41318	41486
0	22	224	41485	41766
0	22	225	41766	41953
0	22	226	41956	42021
0	22	227	42022	42061
0	22	228	42061	42227
0	24	229	42227	42623
0	24	230	42626	42910
0	24	231	42911	43360
0	24	232	43361	43387
0	24	233	43390	43799
0	4	234	43802	44120
0	4	235	44123	44259
0	4	236	44259	44477
0	4	237	44477	44504
0	4	238	44507	44885
0	4	239	44886	44950
0	4	240	44949	44956
0	4	241	44957	45016
0	25	242	45018	45457
0	25	243	45460	45874
0	22	244	45878	46211
0	22	245	46212	46311
0	22	246	46313	46567
0	22	247	46570	46608
0	22	248	46608	46651
0	22	249	46654	46655
0	22	250	46656	46920
0	26	251	46920	46922
0	26	252	46922	47313
0	26	253	47313	47446
0	26	254	47445	47713
0	26	255	47713	47749
0	26	256	47749	48172
0	26	257	48171	48309
0	27	266	49344	49413
0	27	267	49413	49535
0	27	268	49535	49559
0	27	269	49560	49563
0	27	270	49564	49612
0	27	271	49611	49654
0	27	272	49657	50250
0	27	273	50251	50640
0	3	274	50640	51056
0	3	275	51060	51130
0	3	276	51133	51265
0	3	277	51264	51558
0	3	278	51559	51979
0	3	279	51978	52047
0	28	280	52049	52050
0	28	281	52050	52276
0	28	282	52275	52305
0	28	283	52305	52587
0	28	284	52587	52970
0	28	285	52972	52978
0	28	286	52978	53003
0	29	287	53006	53056
0	29	288	53057	53267
0	29	289	53270	53550
0	29	290	53553	53593
0	29	291	53594	53670
0	29	292	53671	53773
0	29	293	53776	53876
0	30	294	53877	53880
0	30	295	53880	54137
0	30	296	54136	54176
0	30	297	54179	54450
0	30	298	54449	54484
1	31	4	54744	55040
1	31	5	55041	55231
1	31	6	55230	55521
1	31	7	55524	55792
1	31	8	55792	55856
1	31	9	55855	56087
1	27	10	56087	56486
1	27	11	56485	56837
1	27	12	56840	56934
1	27	13	56937	57478
1	27	14	57477	57595
1	30	15	57595	57596
1	30	16	57596	57781
1	30	17	57782	57998
1	30	18	57998	58030
1	30	19	58031	58214
1	30	20	58214	58452
1	29	31	60103	60583
1	29	32	60583	60673
1	29	33	60674	60804
1	29	34	60805	60915
1	29	35	60915	61107
1	29	36	61108	61170
1	3	37	61170	61171
1	3	38	61171	61356
1	3	39	61356	61453
1	3	40	61454	61574
1	3	41	61574	61592
1	3	42	61593	61860
1	32	43	61860	62038
1	32	44	62039	62103
1	32	45	62104	62222
1	32	46	62222	62331
1	32	47	62332	62404
1	32	48	62404	62416
1	32	49	62417	62431
1	29	53	63177	63262
1	10	59	64081	64423
1	10	60	64425	65153
1	33	73	67859	68407
1	33	74	68408	68554
1	33	75	68555	68800
1	33	76	68800	68802
1	33	77	68802	69093
1	33	78	69097	69856
1	17	79	69855	69995
2	2	1	69996	70150
2	2	2	70150	70351
2	2	3	70351	70502
2	2	4	70504	70700
2	2	5	70701	70805
2	2	6	70806	71030
2	2	7	71031	71223
2	2	8	71224	71262
2	2	9	71263	71318
2	2	10	71319	71462
2	2	11	71462	71627
2	2	12	71628	71730
2	34	13	71730	72056
2	34	14	72059	72096
2	34	15	72097	72488
2	34	16	72489	72645
2	34	17	72651	72826
2	34	18	72827	73063
2	34	19	73064	73205
2	34	20	73207	73551
2	34	21	73551	73880
2	34	22	73881	74053
2	34	23	74053	74054
2	34	24	74056	74253
2	34	25	74254	74660
2	34	26	74660	74971
2	34	27	74972	75316
2	34	28	75317	75347
2	34	29	75350	75669
2	34	30	75669	76137
2	35	31	76137	76412
2	35	32	76416	76881
2	35	33	76882	76914
2	35	34	76915	76938
2	35	35	76939	77163
2	36	36	77163	77220
2	36	37	77221	77355
2	36	38	77358	77647
2	36	39	77650	77683
2	36	40	77684	77762
2	36	41	77765	78008
2	8	42	78009	78010
2	8	43	78010	78289
2	8	44	78291	78636
2	8	45	78638	79046
2	5	46	79048	79108
2	5	47	79109	79335
2	5	48	79335	79637
2	5	49	79638	79774
2	5	50	79775	79817
2	10	51	79817	80006
2	10	52	80006	80007
2	10	53	80007	80249
2	10	54	80249	80555
2	5	55	80554	80616
2	5	56	80617	80874
2	5	57	80876	81082
2	5	58	81081	81699
2	5	59	81699	81738
2	2	60	81738	82426
2	2	61	82427	82491
2	2	62	82500	82738
2	14	63	82738	82739
2	30	64	82739	82741
2	30	65	82741	82997
2	30	66	83000	83341
2	30	67	83341	83525
2	30	68	83529	83768
2	2	69	83770	83824
2	2	70	83823	83827
2	2	71	83828	84194
2	2	72	84195	84877
2	2	73	84878	85055
2	2	74	85055	85313
2	2	75	85312	85504
2	2	76	85504	85615
2	2	77	85616	85654
2	2	78	85655	85796
2	2	79	85797	85950
2	2	80	85950	85954
2	2	81	85955	85999
2	19	82	85999	86260
2	19	83	86259	86335
2	19	84	86336	86596
2	19	85	86595	86881
2	19	86	86880	87160
2	37	87	87165	87486
2	37	88	87488	87634
2	37	89	87635	87877
2	37	90	87879	88197
2	37	91	88198	88292
2	37	92	88293	88700
2	31	93	88700	88953
2	31	94	88954	89066
2	5	95	89067	89383
2	5	96	89386	89567
2	5	97	89566	89573
2	5	98	89575	89611
2	28	99	89611	89782
2	28	100	89782	89958
2	28	101	89958	90190
2	27	102	90191	90224
2	27	103	90223	90414
2	27	104	90415	90820
2	27	105	90821	90946
2	27	106	90947	91222
2	19	107	91224	91668
2	19	108	91668	91836
2	19	109	91835	92167
2	19	110	92166	92194
2	19	111	92193	92486
2	8	112	92485	92823
2	8	113	92822	92943
2	8	114	92947	93505
2	8	115	93508	93746
2	8	116	93749	93857
2	8	117	93857	94238
2	8	118	94238	94303
2	8	119	94307	94580
2	8	120	94582	94726
2	8	121	94728	94852
2	8	122	94852	94985
2	8	123	94985	95168
2	38	124	95169	95511
2	38	125	95511	95754
2	38	126	95754	96082
2	38	127	96083	96190
2	38	128	96189	96245
2	39	129	96245	96707
2	39	130	96706	97014
2	39	131	97014	97188
2	39	132	97189	97318
2	39	133	97318	97418
2	40	134	97421	97427
2	40	135	97427	97621
2	40	136	97624	97752
2	40	137	97752	97857
2	40	138	97856	97989
2	40	139	97988	98128
2	40	140	98129	98240
2	40	141	98239	98315
2	40	142	98315	98351
2	41	143	98351	98410
2	41	144	98409	98528
2	41	145	98529	98690
2	41	146	98691	98825
2	41	147	98828	98916
2	41	148	98917	99041
2	41	149	99042	99162
2	41	150	99163	99183
2	41	151	99186	99264
2	17	152	99266	99368
2	17	153	99367	99388
2	39	154	99401	99672
2	39	155	99673	99674
2	39	156	99676	99903
2	39	157	99904	99905
2	39	158	99905	100075
2	39	159	100075	100264
2	39	160	100265	100399
2	5	165	101717	101718
2	5	166	101718	102007
2	5	167	102007	102121
2	5	168	102120	102235
2	5	169	102234	102352
2	5	170	102352	102472
2	5	171	102472	102586
2	5	172	102586	102746
2	42	181	103965	104131
2	42	182	104132	104168
2	42	183	104169	104342
2	42	184	104342	104585
2	42	185	104586	104822
2	22	186	104822	105080
2	22	187	105083	105307
2	22	188	105308	105390
2	22	189	105391	105697
2	22	190	105697	105859
2	43	204	108378	108700
2	43	205	108703	108879
2	43	206	108882	109286
2	43	207	109287	109317
3	38	1	112200	112201
3	38	2	112202	112419
3	38	3	112419	112589
3	38	4	112590	112750
3	38	5	112751	112793
3	38	6	112794	112829
3	38	7	112832	112917
3	26	8	112918	113124
3	26	9	113124	113214
3	26	10	113215	113406
3	26	11	113406	113558
3	26	12	113558	113716
3	36	13	113716	113746
3	36	14	113747	113904
3	36	15	113905	114072
3	36	16	114071	114255
3	36	17	114254	114384
3	36	18	114384	114494
3	37	19	114494	114607
3	37	20	114608	114740
3	37	21	114741	114964
3	37	22	114964	115037
3	37	23	115038	115559
3	37	24	115560	115914
3	37	25	115915	116125
3	37	26	116126	116717
3	36	27	116717	116783
3	36	28	116784	116969
3	36	29	116969	117169
3	36	30	117170	117398
3	36	31	117401	117417
3	36	32	117417	117685
3	10	33	117685	117686
3	10	34	117688	117897
3	10	35	117898	117926
3	10	36	117929	118141
3	10	37	118141	118149
3	39	38	118149	118322
3	39	39	118322	118564
3	39	40	118565	118598
3	39	41	118601	118841
3	39	42	118842	118861
3	44	43	118861	119553
3	44	44	119556	119595
3	36	45	119597	119650
3	36	46	119651	119793
3	36	47	119796	120073
3	36	48	120072	120325
3	45	49	120326	120973
3	45	50	120974	121488
3	38	51	121488	121753
3	38	52	121754	122035
3	38	53	122036	122066
3	38	54	122069	122591
3	29	55	122591	123165
3	29	56	123164	123191
3	29	57	123194	123486
3	38	58	123486	124056
3	38	59	124057	124389
3	38	60	124392	124398
3	38	61	124402	124445
3	30	62	124446	124600
3	30	63	124601	124742
3	30	64	124742	124914
3	30	65	124917	124990
3	30	66	124993	124994
3	45	67	124994	124995
3	45	68	124995	125016
3	45	69	125016	125140
3	45	70	125141	125241
3	45	71	125244	125435
3	45	72	125436	125460
3	45	73	125461	125636
3	11	74	125636	125637
3	11	75	125637	125692
3	11	76	125697	125893
3	11	77	125897	126011
3	11	78	126016	126258
3	11	79	126259	126264
3	11	80	126265	126398
3	11	81	126401	126414
3	11	82	126417	126448
3	26	83	126449	126749
3	26	84	126749	126855
3	26	85	126855	126987
3	26	86	126987	127277
3	26	87	127277	127566
3	26	88	127568	127591
3	29	89	127591	127637
3	29	90	127638	127782
3	29	91	127786	128033
3	29	92	128033	128165
3	29	93	128166	128320
3	37	94	128325	128597
3	37	95	128598	128760
3	37	96	128763	128973
3	37	97	128976	129283
3	37	98	129286	129608
3	30	99	129609	129797
3	30	100	129798	130044
3	30	101	130044	130311
3	30	102	130314	130526
3	44	103	130526	130760
3	44	104	130760	131119
3	44	105	131120	131444
3	44	106	131447	131474
3	37	107	131474	131831
3	37	108	131832	131972
3	37	109	131973	131995
3	37	110	131996	132220
3	37	111	132220	132486
3	44	112	132486	132823
3	44	113	132826	133194
3	44	114	133196	133357
3	2	115	133357	133459
3	2	116	133460	133622
3	2	117	133623	133770
3	2	118	133770	133808
3	2	119	133811	133851
3	2	120	133852	133890
3	2	121	133893	133938
3	2	122	133939	134003
3	2	123	134003	134010
3	2	124	134010	134051
3	41	125	134051	134162
3	41	126	134163	134201
3	20	127	134201	134202
3	20	128	134202	134425
3	20	129	134424	134435
3	20	130	134434	134651
3	20	131	134651	134755
3	20	132	134754	134865
3	20	133	134865	135231
3	44	134	135231	135331
3	44	135	135331	135419
3	44	136	135419	135567
3	44	137	135568	135637
3	44	138	135640	135770
3	44	139	135771	135929
3	19	140	135931	136146
3	19	141	136145	136330
3	19	142	136329	136463
3	19	143	136465	136547
3	19	144	136550	136579
3	19	145	136578	136689
3	19	146	136691	136752
3	29	147	136754	136810
3	29	148	136813	136832
3	29	149	136834	137007
3	29	150	137008	137139
3	29	151	137140	137208
3	29	152	137209	137338
3	29	153	137339	137422
3	35	154	137424	137645
3	35	155	137647	137930
3	35	156	137930	138020
3	35	157	138023	138368
3	41	158	138368	138370
3	41	159	138370	138545
3	41	160	138545	138634
3	41	161	138635	138715
3	41	162	138718	138812
3	41	163	138815	138915
3	41	164	138918	138992
3	41	165	138993	139012
3	41	166	139013	139026
3	41	167	139029	139081
3	38	168	139081	139082
3	38	169	139082	139137
3	38	170	139136	139432
3	38	171	139432	139587
3	38	172	139588	139650
3	38	173	139653	139708
3	35	174	139709	139847
3	35	175	139848	140026
3	35	176	140027	140302
3	35	177	140305	140387
3	35	178	140388	140570
3	45	179	140570	140596
3	45	180	140595	141088
3	45	181	141091	141288
3	45	182	141290	141295
3	45	183	141298	141592
3	21	184	141594	141740
3	21	185	141740	141916
3	21	186	141921	142132
3	21	187	142133	142245
3	21	188	142245	142277
3	35	189	142277	142914
3	35	190	142917	142980
3	35	191	142980	143076
3	35	192	143079	143242
3	16	193	143242	143489
3	16	194	143489	143719
3	16	195	143719	144048
3	16	196	144047	144190
3	35	197	144190	144329
3	35	198	144332	144496
3	35	199	144497	144620
3	35	200	144620	144692
3	35	201	144693	144761
3	35	202	144762	144936
3	19	203	144936	145091
3	19	204	145093	145099
3	19	205	145102	145212
3	19	206	145213	145324
3	19	207	145327	145733
3	19	208	145732	146060
3	30	209	146059	146261
3	30	210	146264	146424
3	30	211	146425	146426
3	30	212	146426	146662
3	30	213	146663	146683
3	30	214	146683	146920
3	36	215	146921	146961
3	36	216	146961	146984
3	36	217	146985	147180
3	36	218	147180	147417
3	36	219	147420	147525
3	40	220	147525	147564
3	40	221	147563	147717
3	40	222	147717	147925
3	40	223	147925	148159
3	17	224	148159	148293
3	17	225	148296	148391
3	17	226	148393	148483
3	17	227	148484	148722
3	17	228	148723	148833
3	17	229	148834	148923
3	32	230	148922	149082
3	32	231	149081	149114
3	32	232	149113	149166
3	32	233	149173	149174
3	32	234	149173	149245
3	32	235	149246	149416
3	32	236	149416	149434
3	32	237	149434	149783
3	23	238	149783	150335
3	23	239	150338	150418
3	23	240	150419	150754
3	37	245	151241	151507
3	37	246	151508	151790
3	37	247	151791	152019
3	37	248	152022	152135
3	37	249	152138	152165
3	37	250	152164	152237
3	35	251	152239	152672
3	35	252	152672	152769
3	35	253	152771	152973
3	19	254	152973	153216
3	19	255	153215	153256
3	19	256	153256	153492
3	19	257	153491	153825
3	17	258	153824	153852
3	17	259	153853	154027
3	17	260	154028	154288
3	17	261	154289	154343
3	17	262	154344	154430
3	17	263	154430	154517
3	17	264	154520	154598
3	41	265	154598	154664
3	41	266	154663	154776
3	41	267	154779	154910
3	41	268	154909	155109
3	41	269	155108	155146
3	41	270	155148	155230
4	0	1	155230	155438
4	0	2	155440	155633
4	0	3	155633	155860
4	0	4	155860	155895
4	0	5	155898	156176
4	7	6	156179	156285
4	7	7	156286	156442
4	7	8	156442	156704
4	7	9	156704	156798
4	7	10	156798	157000
4	7	11	157000	157136
4	7	12	157136	157176
4	7	13	157175	157222
4	46	14	157225	157526
4	46	15	157526	157670
4	46	16	157671	157822
4	46	17	157822	158243
4	46	18	158242	158306
4	46	19	158305	158362
4	10	20	158363	158364
4	10	21	158364	158569
4	10	22	158569	158570
4	15	48	162073	162155
4	15	49	162156	162725
4	15	50	162728	162889
4	15	51	162892	162923
4	15	52	162923	163185
4	3	53	163185	163552
4	3	54	163555	163707
4	3	55	163706	163916
4	3	56	163919	164275
4	3	57	164275	164624
4	3	58	164627	164679
4	10	59	164680	164682
4	10	60	164682	164877
4	10	61	164878	165309
4	10	62	165308	165346
4	10	63	165346	165614
4	10	64	165613	165654
4	20	65	165653	166193
4	20	66	166193	166225
4	20	67	166225	166519
4	20	68	166519	167111
4	21	69	167110	167363
4	21	70	167362	167671
4	21	71	167674	167987
4	21	72	167988	168051
4	21	73	168051	168269
4	27	74	168272	168301
4	27	75	168301	168529
4	27	76	168529	168589
4	27	77	168589	168934
4	27	78	168935	169413
4	27	79	169413	169674
4	27	80	169674	170242
4	27	81	170242	170559
4	13	82	170559	170618
4	13	83	170619	170893
4	13	84	170893	171029
4	13	85	171029	171251
4	13	86	171252	171620
4	46	87	171620	172228
4	46	88	172229	172742
4	46	89	172742	173339
4	27	90	173339	173358
4	27	91	173358	173611
4	27	92	173612	173941
4	27	93	173940	174289
4	44	94	174289	174452
4	44	95	174452	174567
4	44	96	174567	174679
4	44	97	174680	174956
4	44	98	174957	175373
4	44	99	175376	175399
4	47	100	175399	175686
4	47	101	175685	175799
4	47	102	175800	175999
4	47	103	176000	176029
4	47	104	176031	176328
4	27	105	176328	176725
4	27	106	176725	177033
4	27	107	177033	177089
4	27	108	177090	177421
4	27	109	177424	177456
4	33	116	178368	178442
4	3	119	178577	178649
4	3	120	178649	178841
4	3	121	178844	179507
4	3	122	179507	179550
4	3	123	179552	179662
4	3	124	179665	179889
4	3	125	179892	179996
5	47	1	179996	180107
5	47	2	180110	180174
5	47	3	180174	180315
5	47	4	180316	180433
5	47	5	180433	180446
5	47	6	180449	180486
5	47	7	180486	180540
5	47	8	180541	180562
5	47	9	180561	180564
5	47	10	180567	180645
5	3	11	180645	180860
5	3	12	180860	181009
5	3	13	181008	181098
5	3	14	181098	181211
5	3	15	181212	181460
5	3	16	181460	181499
5	3	17	181499	181707
5	3	18	181708	181905
5	3	19	181904	181983
5	3	20	181985	182091
5	3	21	182092	182282
5	6	22	182283	182509
5	6	23	182509	182732
5	6	24	182732	182733
5	6	25	182736	182895
5	6	26	182895	182928
5	6	27	182929	183170
5	31	28	183170	183445
5	31	29	183446	183612
5	31	30	183613	184100
5	6	31	184100	184101
5	6	32	184102	184317
5	6	33	184316	184522
5	6	34	184522	184747
5	6	35	184748	184782
5	6	36	184784	185079
5	45	37	185078	185099
5	45	38	185102	185341
5	29	39	185350	185351
5	29	40	185352	185353
5	29	41	185354	185470
5	29	42	185470	185471
5	29	43	185474	185565
5	29	44	185566	185622
5	29	45	185625	185786
5	29	46	185786	185906
5	29	47	185909	186062
5	48	48	186065	186201
5	48	49	186202	186266
5	48	50	186267	186369
5	48	51	186370	186420
5	48	52	186421	186463
5	48	53	186466	186524
5	23	54	186527	186585
5	23	55	186586	186594
5	23	56	186594	186789
5	23	57	186788	187035
5	23	58	187035	187067
5	23	59	187068	187132
5	23	60	187131	187172
5	23	61	187173	187349
5	23	62	187350	187447
5	2	63	187448	187981
5	2	64	187982	188128
5	2	65	188129	188304
5	45	66	188303	188304
5	45	67	188304	188815
5	45	68	188816	189296
5	45	69	189297	189303
5	45	70	189305	189330
5	46	71	189330	189782
5	46	72	189784	191067
5	12	73	191069	191462
5	12	74	191461	191496
5	12	75	191496	191876
5	12	76	191876	192286
5	12	77	192289	192314
5	12	78	192315	192344
5	4	79	192347	192794
5	4	80	192793	193688
5	4	81	193689	193833
5	49	82	193836	193837
5	49	83	193837	193938
5	49	84	193939	194051
5	49	85	194054	194290
5	49	86	194293	194318
5	49	87	194320	194524
5	49	88	194525	194689
5	38	89	194689	194690
5	38	90	194690	194737
5	38	91	194738	194918
5	38	92	194921	194966
5	38	93	194966	195322
5	3	94	195322	195448
5	3	95	195448	195808
5	3	96	195808	196076
5	3	97	196077	196096
5	10	98	196096	196175
5	10	99	196174	196327
5	10	100	196326	196556
5	10	101	196556	196586
5	10	102	196587	196968
5	14	103	196968	196969
5	14	104	196969	197246
5	14	105	197245	197246
5	14	106	197250	197473
5	14	107	197474	197881
5	14	108	197882	198277
5	49	109	198278	198279
5	49	110	198279	198304
5	49	111	198304	198389
5	49	112	198390	198494
5	49	113	198495	198680
5	49	114	198682	198781
5	49	115	198782	198992
5	49	116	198995	199121
5	49	117	199122	199123
5	49	118	199123	199369
5	49	119	199369	199467
5	49	120	199468	199635
5	49	121	199638	199748
5	49	122	199751	199925
5	49	123	199928	199953
5	49	124	199953	200080
5	5	125	200082	200116
5	5	126	200117	200293
5	5	127	200294	200494
5	5	128	200495	200609
5	5	129	200610	200738
5	5	130	200739	200939
5	39	131	200939	201251
5	39	132	201252	201379
5	39	133	201382	201410
5	39	134	201411	201612
5	39	135	201612	201803
5	48	141	203104	203224
5	48	142	203229	203387
5	48	143	203389	203666
5	48	144	203669	204021
5	48	145	204022	204096
5	48	146	204097	204172
5	48	147	204172	204367
5	48	148	204368	204490
5	48	149	204492	204775
5	48	150	204775	204906
5	48	151	204908	205095
5	4	152	205095	205195
5	4	153	205197	205416
5	4	154	205415	205479
5	4	155	205479	205706
5	4	156	205709	205727
5	4	157	205726	205800
5	41	185	208235	208277
5	41	186	208278	208572
5	41	187	208575	208596
5	41	188	208597	208837
5	41	189	208839	209016
5	41	190	209017	209131
5	24	191	209131	209374
5	24	192	209375	209455
5	24	193	209456	209551
5	24	194	209550	209652
5	24	195	209652	209907
5	24	196	209907	209932
5	24	197	209933	209944
5	24	198	209943	209950
5	24	199	209949	209976
5	24	200	209977	209986
5	24	201	209989	210014
5	22	202	210021	210027
5	22	203	210028	210328
5	22	204	210328	210610
5	22	205	210611	210858
5	22	206	210858	211104
5	35	214	211761	211806
5	35	215	211808	212104
5	35	216	212104	212117
5	19	217	212119	212443
5	19	218	212442	212794
5	19	219	212795	213169
5	19	220	213170	213215
5	19	221	213216	213399
5	40	235	214874	214875
5	40	236	214875	215109
5	40	237	215109	215329
5	40	238	215335	215771
6	45	1	217801	217901
6	45	2	217901	218017
6	45	3	218019	218049
6	45	4	218050	218129
6	45	5	218130	218219
6	50	6	218219	218275
6	50	7	218276	218351
6	50	8	218351	218482
6	50	9	218481	218525
6	50	10	218528	218812
6	45	11	218815	218965
6	45	12	218966	219112
6	45	13	219112	219146
6	45	14	219149	219262
6	45	15	219263	219299
6	45	16	219298	219319
6	45	17	219324	219341
6	51	18	219341	219514
6	51	19	219515	219648
6	51	20	219649	219680
6	51	21	219681	219841
6	51	22	219841	219950
6	51	23	219951	220004
6	29	24	220004	220007
6	29	25	220007	220116
6	29	26	220117	220514
6	29	27	220515	220977
6	31	28	220977	221483
6	31	29	221484	221512
6	31	30	221513	221563
6	31	31	221566	221901
6	31	32	221902	222032
6	35	33	222031	222040
6	35	34	222041	222201
6	35	35	222201	222336
6	35	36	222336	222346
6	35	37	222347	222596
6	35	38	222596	222837
6	35	39	222837	222850
6	35	40	222854	222867
6	35	41	222868	223163
6	3	42	223163	223375
6	3	43	223374	223682
6	3	44	223682	223783
6	3	45	223782	223844
6	3	46	223847	223929
6	29	47	223929	224124
6	29	48	224128	224176
6	29	49	224179	224377
6	29	50	224377	224419
6	29	51	224419	224553
6	29	52	224553	224597
6	29	53	224598	224696
6	31	54	224696	224987
6	31	55	224988	225283
6	31	56	225284	225316
6	31	57	225317	225411
6	31	58	225412	225719
6	49	59	225719	226175
6	49	60	226177	226767
6	49	61	226768	227070
6	49	62	227071	227134
6	31	63	227135	227341
6	31	64	227342	227564
6	31	65	227565	227839
6	31	66	227840	227934
6	35	67	227934	228483
6	35	68	228484	228952
6	51	69	228952	229435
6	51	70	229436	229459
6	51	71	229460	229475
6	51	72	229478	229999
6	51	73	230001	230393
6	51	74	230394	230664
6	51	75	230663	230697
6	51	76	230696	230724
6	51	77	230723	230869
6	51	78	230869	230870
6	51	79	230871	231033
6	51	80	231034	231340
6	8	81	231340	231550
6	8	82	231555	231803
6	8	83	231806	232052
6	8	84	232053	232341
6	8	85	232344	232351
6	8	86	232351	232369
6	11	87	232369	232424
6	11	88	232424	232580
6	11	89	232583	232750
6	11	90	232751	232815
6	23	91	232816	233042
6	23	92	233043	233229
6	23	93	233231	233699
6	29	94	233698	233699
6	29	95	233699	233890
6	29	96	233891	234089
6	29	97	234090	234181
6	29	98	234182	234276
6	29	99	234279	234426
6	29	100	234429	234456
6	38	101	234456	234879
6	38	102	234879	234909
6	38	103	234910	235078
6	38	104	235079	235256
6	38	105	235257	235445
6	38	106	235445	235801
6	38	107	235804	235996
6	38	108	235997	236003
6	38	109	236002	236031
6	38	110	236034	236045
6	38	111	236046	236053
6	30	112	236054	236433
6	30	113	236434	236690
6	30	114	236691	236883
6	30	115	236886	236945
6	3	116	236947	236948
6	3	117	236948	237124
6	3	118	237124	237291
6	3	119	237291	237399
6	3	120	237402	237405
6	3	121	237408	237549
6	3	122	237549	237809
6	11	123	237811	237813
6	11	124	237813	238138
6	11	125	238139	238140
6	11	126	238140	238409
6	11	127	238411	238558
6	11	128	238562	238616
6	11	129	238617	238836
6	11	130	238837	238842
6	11	131	238849	238872
6	52	132	238872	238973
6	52	133	238973	239181
6	52	134	239181	239381
6	52	135	239381	239581
6	52	136	239581	239675
6	52	137	239674	239754
6	24	138	239755	239866
6	24	139	239867	240192
6	24	140	240195	240293
6	24	141	240300	240570
6	24	142	240573	240601
6	24	143	240604	240694
6	18	144	240696	240697
6	18	145	240697	240918
6	18	146	240918	240974
6	18	147	240974	241078
6	18	148	241078	241140
6	18	149	241141	241232
6	18	150	241235	241262
6	23	151	241262	241372
6	23	152	241373	241506
6	23	153	241506	241631
6	23	154	241631	241644
6	23	155	241645	241853
6	23	156	241853	241941
6	23	157	241942	241994
6	23	158	241997	242096
6	23	159	242096	242105
6	23	160	242108	242168
6	11	161	242169	242470
6	11	162	242473	242563
6	11	163	242564	242707
6	11	164	242708	242869
6	11	165	242872	243088
6	12	166	243088	243090
6	12	167	243090	243198
6	12	168	243200	243272
6	12	169	243272	243360
6	12	170	243363	243450
6	12	171	243450	243737
6	12	172	243740	243766
6	12	173	243768	243860
6	40	174	243860	244109
6	40	175	244109	244226
6	40	176	244226	244312
6	40	177	244312	244398
6	40	178	244398	244575
6	40	179	244574	244691
6	32	180	244692	244749
6	32	181	244750	244828
6	32	182	244828	244910
6	32	183	244910	245002
6	32	184	245002	245113
6	32	185	245113	245224
6	32	186	245227	245394
6	32	187	245393	245454
6	53	188	245454	245528
6	53	189	245531	245892
6	53	190	245894	245964
6	53	191	245967	246100
6	53	192	246105	246136
6	53	193	246137	246357
6	42	194	246359	246551
6	42	195	246550	246697
6	42	196	246697	246731
6	42	197	246732	246936
6	42	198	246936	247124
6	42	199	247129	247133
6	42	200	247133	247162
6	12	206	248153	248214
6	12	207	248215	248339
6	12	208	248342	248410
6	12	209	248411	248525
6	12	210	248525	248589
6	12	211	248590	248750
6	12	212	248751	248785
6	12	213	248788	248906
6	12	214	248907	248932
6	52	215	248932	249077
6	52	216	249081	249269
6	52	217	249269	249329
6	52	218	249330	249561
6	52	219	249564	249578
6	12	220	249577	249652
6	12	221	249655	249797
6	12	222	249799	249990
6	12	223	249991	250067
6	12	224	250068	250288
6	12	225	250288	250302
6	12	226	250305	250316
6	12	227	250319	250348
6	37	228	250348	250596
6	37	229	250596	250635
6	37	230	250639	250857
6	37	231	250858	250912
6	37	232	250915	251138
6	37	233	251140	251200
6	37	234	251201	251218
6	37	235	251217	251222
6	37	236	251224	251422
6	16	237	251422	251874
6	16	238	251874	252146
6	16	239	252145	252254
6	30	240	252254	252563
6	30	241	252562	252810
6	30	242	252811	252831
6	30	243	252833	252900
6	30	244	252905	253076
6	30	245	253078	253175
6	54	246	253180	253474
6	54	247	253474	253704
6	54	248	253704	253776
6	54	249	253775	253846
6	29	250	253851	253933
6	29	251	253936	254028
6	29	252	254029	254211
6	29	253	254212	254286
6	29	254	254287	254437
6	29	255	254440	254459
6	3	256	254459	254671
6	3	257	254672	254752
6	3	258	254752	254905
6	3	259	254906	254944
6	3	260	254945	255180
6	55	261	255180	255454
6	55	262	255454	255671
6	55	263	255671	255699
6	55	264	255700	255764
6	55	265	255767	255847
6	55	266	255850	255895
6	19	272	256832	256946
6	19	273	256947	257363
6	19	274	257366	257605
6	23	279	258571	259092
6	23	280	259092	259114
6	23	281	259117	259367
6	23	282	259366	259369
6	19	283	259369	259370
6	19	284	259370	259403
6	19	285	259404	259576
6	19	286	259575	259622
6	19	287	259621	259851
6	19	288	259850	259881
6	19	289	259881	259960
7	23	1	259960	260001
7	23	2	260001	260256
7	23	3	260259	260421
7	23	4	260423	260452
7	23	5	260453	260490
7	23	6	260491	260708
7	23	7	260709	260867
7	36	8	260868	260914
7	36	9	260917	261200
7	36	10	261199	261243
7	36	11	261246	261626
7	51	12	261626	261783
7	51	13	261786	261963
7	51	14	261963	262160
7	51	15	262161	262176
7	51	16	262177	262354
7	13	17	262355	262356
7	13	18	262356	262561
7	13	19	262561	262562
7	13	20	262563	262685
7	13	21	262686	262818
7	13	22	262819	262864
7	13	23	262865	263060
7	52	24	263062	263317
7	52	25	263320	263688
7	52	26	263691	263720
7	52	27	263723	263771
7	52	28	263771	264082
7	23	29	264083	264164
7	23	30	264168	264482
7	23	31	264484	264615
7	23	32	264617	264850
7	23	33	264851	265057
7	23	34	265058	265112
7	26	35	265111	265286
7	26	36	265286	265334
7	26	37	265334	265509
7	26	38	265510	265669
7	26	39	265673	265741
7	50	40	265741	265790
7	50	41	265792	266011
7	50	42	266010	266126
7	49	43	266125	266179
7	49	44	266181	266352
7	49	45	266355	266679
7	49	46	266685	266851
7	49	47	266854	266866
7	49	48	266867	266901
7	24	55	267592	268458
7	24	56	268459	268515
7	24	57	268516	268826
7	24	58	268826	269008
7	8	59	269007	269312
7	8	60	269311	269506
7	8	61	269506	269820
7	20	75	274082	274083
7	20	76	274083	274285
7	20	77	274286	274301
7	20	78	274302	274454
7	20	79	274457	274801
7	8	80	274803	274805
7	8	81	274805	275269
7	8	82	275272	275499
7	8	83	275503	275578
7	8	84	275582	275842
7	40	85	275842	275890
7	40	86	275893	276044
7	40	87	276045	276322
7	40	88	276323	276493
7	40	89	276496	276609
7	40	90	276612	276637
7	8	99	277793	277794
7	8	100	277798	278080
7	8	101	278080	278249
7	8	102	278250	278333
7	8	103	278336	278403
7	19	132	283174	283461
7	19	133	283465	283698
7	19	134	283699	284194
7	28	135	284195	284407
7	28	136	284407	284471
7	28	137	284471	284543
7	28	138	284543	284721
7	56	153	286313	286423
7	56	154	286424	286611
7	56	155	286614	286698
7	56	156	286699	286771
7	56	157	286771	286851
7	56	158	286852	287108
7	52	159	287109	287393
7	52	160	287394	287710
7	52	161	287710	287818
7	52	162	287819	288156
7	0	164	288397	288438
7	0	165	288441	288550
7	0	166	288551	288599
7	0	167	288599	288702
7	0	168	288703	288848
7	8	169	288847	288900
7	8	170	288901	289056
7	8	171	289059	289110
7	8	172	289113	289295
7	8	173	289297	289321
8	28	1	289320	289324
8	28	2	289329	289461
8	28	3	289461	289611
8	28	4	289611	289612
8	28	5	289612	289692
8	28	6	289692	289821
8	28	7	289822	289842
8	28	8	289843	289998
8	28	9	289997	290165
8	31	10	290166	290415
8	31	11	290415	290512
8	31	12	290512	290697
8	31	13	290698	290865
8	31	14	290865	291059
8	31	15	291059	291134
8	27	16	291136	291649
8	27	17	291651	291652
8	27	18	291654	291831
8	27	19	291832	291896
8	27	20	291897	292207
8	46	21	292207	292553
8	46	22	292553	292846
8	46	23	292846	293121
8	46	24	293121	293160
8	46	25	293161	293476
8	47	26	293476	293640
8	47	27	293640	293890
8	47	28	293892	294163
8	47	29	294163	294456
8	27	30	294457	294762
8	27	31	294762	295122
8	27	32	295123	295501
8	27	33	295502	295602
8	3	34	295603	295982
8	3	35	295985	296263
8	3	36	296263	296355
8	3	37	296355	296631
8	4	38	296633	296958
8	4	39	296963	297317
8	4	40	297320	297365
8	4	41	297368	297766
8	13	42	297766	297779
8	13	43	297782	298102
8	13	44	298103	298275
8	13	45	298278	298297
8	13	46	298298	298471
8	13	47	298474	298609
8	39	48	298609	298963
8	39	49	298963	299313
8	39	50	299316	299355
8	39	51	299356	299375
8	39	52	299376	299808
8	39	53	299811	299836
8	49	54	299836	300130
8	49	55	300141	300485
8	49	56	300486	301226
8	49	57	301227	301442
8	49	58	301444	301471
8	3	59	301472	301688
8	3	60	301689	302208
8	3	61	302208	302240
8	3	62	302240	302920
8	12	63	302922	302925
8	12	64	302925	303337
8	12	65	303338	303365
8	12	66	303366	304207
8	12	67	304208	304387
8	12	68	304387	304444
8	12	69	304444	304481
8	29	70	304481	304483
8	29	71	304483	304672
8	29	72	304672	304673
8	29	73	304673	304760
8	29	74	304761	304818
8	29	75	304819	304939
8	29	76	304938	305259
8	29	77	305264	305860
8	6	78	305861	305923
8	6	79	305922	305955
8	6	80	305956	306151
8	6	81	306152	306250
8	6	82	306250	307256
8	12	83	307257	307319
8	12	84	307323	307480
8	12	85	307481	307561
8	12	86	307562	307772
8	12	87	307777	307783
8	12	88	307785	307924
8	12	89	307925	307934
8	12	90	307935	307978
8	31	91	307978	308337
8	31	92	308337	308554
8	31	93	308555	308780
8	31	94	308780	308844
8	31	95	308844	309157
8	19	96	309158	309159
8	19	97	309159	309237
8	19	98	309237	309464
8	19	99	309463	309539
8	19	100	309538	309577
8	19	101	309577	310283
8	2	102	310282	310283
8	2	103	310288	310475
8	2	104	310475	310476
8	2	105	310477	310929
8	2	106	310930	311132
8	2	107	311133	311213
8	57	108	311213	311463
8	57	109	311463	311838
8	57	110	311841	312290
8	57	111	312290	312338
8	31	112	312338	312631
8	31	113	312634	312762
8	31	114	312763	312944
8	31	115	312945	313017
8	31	116	313018	313188
8	31	117	313189	313234
8	31	118	313233	313354
8	8	119	313354	313605
8	8	120	313609	313717
8	8	121	313717	313866
8	8	122	313870	314163
8	8	123	314164	314168
8	8	124	314169	314340
8	8	125	314342	314368
8	8	126	314369	314372
8	8	127	314373	314376
8	8	128	314377	314418
8	28	129	314418	314748
8	28	130	314748	314894
8	28	131	314894	314925
8	28	132	314925	315089
8	28	133	315089	315265
8	46	134	315266	315654
8	46	135	315657	316021
8	46	136	316021	316399
8	46	137	316399	316536
8	46	138	316536	316548
8	46	139	316547	316593
8	19	140	316599	316849
8	19	141	316848	316927
8	19	142	316926	317203
8	19	143	317202	317361
8	19	144	317360	317514
8	19	145	317513	317661
8	19	146	317660	317792
8	19	147	317793	317800
8	19	148	317801	317830
8	5	149	317829	317999
8	5	150	318000	318126
8	5	151	318127	318259
8	5	152	318259	318388
8	5	153	318387	318521
8	5	154	318522	318585
8	5	155	318585	318677
8	5	156	318678	318763
8	5	157	318764	319096
8	8	158	319095	319097
8	8	159	319097	319100
8	8	160	319104	319357
8	8	161	319359	319457
8	8	162	319459	319599
8	8	163	319601	319755
8	8	164	319757	319765
8	8	165	319764	320027
8	45	166	320030	320032
8	45	167	320032	320095
8	45	168	320095	320212
8	45	169	320215	320649
8	45	170	320650	320965
8	45	171	320966	321088
8	5	172	321093	321249
8	5	173	321250	321425
8	5	174	321425	321598
8	5	175	321598	321771
8	5	176	321770	321932
8	5	177	321931	322094
8	5	178	322095	322267
8	5	179	322268	322292
8	5	180	322293	322457
8	20	181	322457	322535
8	20	182	322538	322617
8	20	183	322616	322705
8	20	184	322704	322838
8	20	185	322838	323048
8	20	186	323047	323214
8	20	187	323215	323282
8	20	188	323285	323340
8	20	189	323343	323356
8	20	190	323361	323378
8	20	191	323377	323378
8	53	192	323379	323386
8	53	193	323387	323388
8	53	194	323388	323515
8	53	195	323516	323664
8	53	196	323665	323974
8	53	197	323975	324017
8	53	198	324018	324113
8	53	199	324114	324252
8	53	200	324252	324477
8	39	201	324477	324771
8	39	202	324770	324934
8	39	203	324937	325069
8	39	204	325071	325173
8	39	205	325176	325272
8	39	206	325271	325384
8	39	207	325383	325535
8	15	208	325535	325598
8	15	209	325599	325725
8	15	210	325725	325835
8	15	211	325834	325955
8	15	212	325954	326072
8	15	213	326072	326220
8	3	214	326220	326517
8	3	215	326517	326623
8	3	216	326624	326882
8	3	217	326882	326974
8	3	218	326975	327262
8	3	219	327264	327338
8	3	220	327337	327343
8	3	221	327345	327421
8	27	222	327423	327666
8	27	223	327667	327880
8	27	224	327880	328179
8	27	225	328182	328218
8	27	226	328218	328508
8	58	227	328508	328785
8	58	228	328785	329100
8	58	229	329103	329128
8	58	230	329127	329468
8	58	231	329467	329573
8	58	232	329574	329858
8	13	236	330822	331073
8	13	237	331076	331232
8	13	238	331233	331438
8	13	239	331438	331614
8	13	240	331615	331654
8	19	241	331653	331685
8	19	242	331686	331945
8	19	243	331944	332299
8	19	244	332298	332569
8	19	245	332569	332666
8	19	246	332666	332757
8	45	247	332756	333046
8	45	248	333049	333291
8	45	249	333294	333647
8	45	250	333648	333682
8	45	251	333685	334012
8	59	252	334013	334440
8	59	253	334441	334465
8	59	254	334466	334628
8	59	255	334628	334687
8	59	256	334690	334870
8	59	257	334871	334903
8	58	258	334903	335360
8	58	259	335360	335534
8	58	260	335535	335895
8	58	261	335895	336423
8	29	262	336423	336721
8	29	263	336721	336769
8	29	264	336770	337347
8	29	265	337348	337412
8	29	266	337416	337444
8	29	267	337446	337477
8	8	268	337478	337558
8	8	269	337560	337561
8	8	270	337561	338257
8	8	271	338260	338549
8	8	272	338552	338625
8	5	273	338624	338701
8	5	274	338704	339068
8	5	275	339069	339127
8	5	276	339130	339141
8	5	277	339142	339145
8	5	278	339146	339486
8	5	279	339489	339578
8	5	280	339578	339948
8	2	281	339948	340262
8	2	282	340263	340415
8	2	283	340416	340437
8	2	284	340438	340872
8	40	290	342051	342057
8	40	291	342056	342347
8	40	292	342347	342645
9	14	1	342644	342646
9	14	2	342646	342767
9	14	3	342768	342879
9	14	4	342880	342903
9	14	5	342906	342914
9	14	6	342918	342927
9	14	7	342928	343088
9	14	8	343089	343150
9	14	9	343149	343486
9	14	10	343487	343504
9	60	11	343507	343655
9	60	12	343655	343730
9	60	13	343731	344106
9	60	14	344109	344169
9	60	15	344169	344441
9	60	16	344443	344482
9	60	17	344483	344633
9	60	18	344632	344839
9	60	19	344840	345071
9	60	20	345073	345210
9	60	21	345210	345294
9	60	22	345294	345642
9	60	23	345645	346093
9	60	24	346093	346513
9	60	25	346513	346764
9	60	26	346763	346785
9	60	27	346786	347069
9	50	28	347072	347216
9	50	29	347216	347391
9	50	30	347390	347561
9	50	31	347560	347808
9	52	32	347808	347894
9	52	33	347894	348068
9	52	34	348070	348448
9	52	35	348448	348609
9	52	36	348612	348806
9	60	37	348806	349377
9	60	38	349377	349403
9	60	39	349407	349657
9	37	40	349660	349661
9	37	41	349661	349980
9	37	42	349981	350248
9	37	43	350251	350288
9	37	44	350289	350619
9	37	45	350618	350665
9	26	46	350665	350666
9	26	47	350666	350707
9	26	48	350710	350912
9	26	49	350912	351139
9	26	50	351138	351441
9	11	51	351440	351448
9	11	52	351447	351798
9	11	53	351799	352562
9	52	54	352562	352563
9	52	55	352563	352983
9	52	56	352985	353249
9	52	57	353250	353676
9	52	58	353679	353796
9	52	59	353798	353847
9	49	60	353847	353849
9	49	61	353849	354601
9	49	62	354604	354628
9	49	63	354629	355012
9	49	64	355013	355161
9	10	65	355162	355163
9	10	66	355163	356003
9	10	67	356004	356538
9	52	68	356537	356885
9	52	69	356885	357184
9	52	70	357188	357623
9	52	71	357627	357719
9	52	72	357721	357763
9	19	73	357762	357763
9	19	74	357763	358052
9	19	75	358051	358269
9	19	76	358268	358512
9	19	77	358511	358817
9	14	78	358819	358820
9	14	79	358820	359001
9	14	80	359004	359653
9	14	81	359656	359761
9	14	82	359764	360033
9	11	83	360033	360097
9	11	84	360098	360360
9	11	85	360360	360649
9	11	86	360650	360906
9	11	87	360907	361112
9	11	88	361115	361136
9	49	89	361138	361447
9	49	90	361448	361560
9	49	91	361561	361699
9	49	92	361702	361778
9	49	93	361779	361805
9	49	94	361806	361965
9	49	95	361965	362017
9	52	96	362020	362247
9	52	97	362249	362543
9	52	98	362543	362809
9	52	99	362811	362847
9	52	100	362847	362888
9	52	101	362889	363295
9	11	102	363297	363298
9	11	103	363298	363525
9	11	104	363526	363785
9	11	105	363786	363834
9	11	106	363837	364043
9	11	107	364044	364223
9	11	108	364224	364255
9	55	109	364259	364432
9	55	110	364432	364574
9	55	111	364574	364770
9	55	112	364770	365038
9	61	113	365041	365042
9	61	114	365042	365275
9	61	115	365278	365368
9	61	116	365369	365505
9	61	117	365505	365789
9	61	118	365788	365952
9	61	119	365953	366055
9	61	120	366058	366092
9	2	121	366092	366157
9	2	122	366158	366224
9	2	123	366225	366413
9	14	124	366415	366416
9	14	125	366416	366480
9	14	126	366480	366611
9	14	127	366610	367160
9	12	128	367163	367175
9	12	129	367174	367314
9	12	130	367316	367412
9	12	131	367412	367506
9	12	132	367507	367623
9	12	133	367623	367705
9	12	134	367707	367753
9	12	135	367754	367800
9	12	136	367801	367855
9	12	137	367856	368057
9	61	138	368058	368177
9	61	139	368180	368290
9	61	140	368293	368413
9	61	141	368412	368497
9	61	142	368496	368709
9	61	143	368710	368804
9	61	144	368804	368920
9	61	145	368919	369037
9	53	146	369037	369039
9	53	147	369039	369044
9	53	148	369043	369387
9	53	149	369388	369418
9	53	150	369419	369647
9	53	151	369648	370083
9	46	152	370084	370177
9	46	153	370179	370683
9	46	154	370682	370820
9	46	155	370820	370963
9	0	156	370963	371017
9	0	157	371020	371072
9	18	158	371072	371073
9	18	159	371073	371296
9	18	160	371296	371394
9	18	161	371394	371492
9	18	162	371492	371493
9	18	163	371493	371570
9	18	164	371570	371714
9	18	165	371715	371739
9	62	166	371741	371901
9	62	167	371901	371965
9	62	168	371965	372041
9	62	169	372041	372139
9	62	170	372139	372199
9	62	171	372199	372221
9	62	172	372222	372233
9	62	173	372234	372276
9	45	174	372276	372278
9	45	175	372279	372377
9	45	176	372378	372797
9	45	177	372798	372947
9	30	178	372950	373114
9	30	179	373116	373326
9	30	180	373326	373681
9	30	181	373681	373823
9	30	182	373822	373825
9	30	183	373828	373986
9	29	184	373987	373988
9	29	185	373988	374197
9	29	186	374197	374397
9	29	187	374398	374424
9	29	188	374423	374608
9	29	189	374608	374786
9	29	190	374787	374814
9	48	191	374815	374988
9	48	192	374989	375161
9	48	193	375162	375185
9	48	194	375186	375400
9	48	195	375401	375452
9	48	196	375453	375625
9	14	197	375628	375684
9	14	198	375685	375863
9	14	199	375864	376378
9	14	200	376381	376518
9	14	201	376518	376559
9	14	202	376561	376563
9	14	203	376563	376672
9	14	204	376675	376722
9	14	205	376725	377024
9	14	206	377025	377236
9	14	207	377237	377322
9	14	208	377321	377444
9	55	209	377444	377646
9	55	210	377646	377828
9	55	211	377828	377958
9	55	212	377959	378114
9	55	213	378114	378298
9	55	214	378298	378384
9	55	215	378385	378524
9	55	216	378524	378556
9	55	217	378557	378687
9	2	218	378688	378874
9	2	219	378875	378909
9	2	220	378910	379090
9	2	221	379092	379408
9	55	222	379408	379409
9	55	223	379409	379712
9	55	224	379713	379979
9	55	225	379980	379994
9	55	226	379994	380067
9	55	227	380068	380331
9	63	228	380331	380333
9	63	229	380333	380356
9	63	230	380356	380360
9	63	231	380360	380580
9	63	232	380582	380864
9	63	233	380864	380970
9	63	234	380969	381119
9	24	235	381119	381249
9	24	236	381250	381620
9	24	237	381621	381724
9	24	238	381725	381851
9	24	239	381852	382006
9	8	240	382009	382233
9	8	241	382235	382315
9	8	242	382318	382454
9	8	243	382454	382485
9	8	244	382488	382770
9	11	245	382772	383119
9	11	246	383120	383168
9	11	247	383168	383489
9	11	248	383489	383744
9	2	256	384530	384693
9	2	257	384694	384742
9	2	258	384743	384746
9	2	259	384747	384767
9	2	260	384768	384901
9	2	261	384902	385081
9	14	262	385083	385084
9	14	263	385084	385119
9	14	264	385122	385309
9	14	265	385310	385342
9	14	266	385343	385576
9	14	267	385577	385835
9	14	268	385836	385863
9	14	269	385862	385917
9	8	270	385918	386452
9	8	271	386452	386736
9	11	272	386737	386804
9	11	273	386804	387061
9	11	274	387062	387392
9	11	275	387393	387439
9	11	276	387440	387537
