0	0	1	-1	9
0	0	2	8	18
0	0	3	20	21
0	0	4	22	26
0	0	5	30	32
0	0	6	34	38
0	0	7	38	40
0	1	8	44	46
0	1	9	47	49
0	1	10	49	51
0	1	11	51	52
0	1	12	53	54
0	1	13	55	58
0	0	14	58	63
0	0	15	63	66
0	0	16	66	69
0	0	17	69	71
0	0	18	70	72
0	0	19	73	74
0	2	20	74	75
0	2	21	75	76
0	2	22	76	78
0	2	23	78	80
0	2	24	81	82
0	2	25	83	84
0	2	26	84	91
0	3	27	91	98
0	3	28	97	105
0	3	29	105	108
0	3	30	108	116
0	4	31	118	120
0	4	32	119	120
0	4	33	120	122
0	4	34	123	125
0	4	35	126	127
0	4	36	128	130
0	5	37	130	132
0	5	38	132	137
0	5	39	138	140
0	5	40	139	142
0	5	41	142	146
0	5	42	146	149
0	6	43	148	152
0	6	44	153	160
0	6	45	160	162
0	6	46	163	165
0	6	47	165	170
0	7	48	173	178
0	7	49	178	180
0	7	50	181	182
0	7	51	182	184
0	7	52	187	189
0	7	53	189	191
0	8	54	193	195
0	8	55	195	199
0	8	56	202	206
0	8	57	207	211
0	8	58	212	218
0	8	59	218	221
0	9	60	223	225
0	9	61	225	230
0	9	62	232	234
0	9	63	235	239
0	10	70	259	266
0	10	71	266	268
0	10	72	269	272
0	11	73	271	272
0	11	74	272	273
0	11	75	273	282
0	12	76	285	290
0	12	77	290	295
0	12	78	296	297
0	3	79	297	299
0	3	80	299	302
0	3	81	301	304
0	3	82	304	306
0	3	83	306	308
0	13	84	308	310
0	13	85	310	311
0	13	86	311	322
0	13	87	322	325
0	13	88	326	330
0	14	89	329	330
0	14	90	330	335
0	14	91	334	337
0	14	92	338	340
0	14	93	340	346
0	12	94	347	349
0	12	95	351	352
0	12	96	353	354
0	12	97	355	360
0	12	98	361	368
0	12	99	369	376
0	12	100	377	378
0	15	101	380	387
0	15	102	388	392
0	15	103	393	395
0	15	104	396	397
0	15	105	398	405
0	15	106	406	412
0	15	107	415	419
0	5	108	420	423
0	5	109	423	425
0	5	110	426	430
0	5	111	431	435
0	5	112	436	439
0	5	113	440	442
0	5	114	445	447
0	13	115	447	453
0	13	116	452	454
0	13	117	454	457
0	13	118	457	459
0	13	119	458	464
0	13	120	465	467
0	16	121	468	474
0	16	122	474	476
0	16	123	477	478
0	16	124	478	484
0	16	125	484	486
0	16	126	485	487
0	16	127	487	489
0	16	128	488	490
0	17	129	490	492
0	17	130	492	493
0	17	131	496	502
0	17	132	503	505
0	17	133	506	507
0	17	134	510	517
0	17	135	518	524
0	18	136	525	531
0	18	137	530	532
0	18	138	532	536
0	18	139	538	542
0	18	140	543	545
0	18	141	545	551
0	18	142	556	557
0	3	143	557	563
0	3	144	564	568
0	3	145	568	571
0	3	146	571	585
0	19	147	587	589
0	19	148	589	592
0	19	149	591	593
0	19	150	592	594
0	19	151	593	595
0	19	152	597	598
0	19	153	598	601
0	20	154	600	601
0	20	155	601	602
0	20	156	601	602
0	20	157	602	604
0	20	158	604	608
0	20	159	607	608
0	20	160	609	610
0	20	161	611	612
0	18	162	612	616
0	18	163	618	623
0	18	164	623	625
0	18	165	625	627
0	18	166	627	631
0	18	167	634	637
0	18	168	638	639
0	21	169	642	643
0	21	170	643	645
0	21	171	646	651
0	21	172	651	656
0	21	173	657	659
0	21	174	658	665
0	21	175	667	670
0	15	176	671	674
0	15	177	676	677
0	15	178	677	682
0	15	179	681	684
0	15	180	685	686
0	15	181	686	688
0	15	182	688	689
0	15	183	689	691
0	13	184	697	704
0	13	185	703	708
0	13	186	707	710
0	13	187	710	713
0	13	188	713	714
0	13	189	715	722
0	19	190	723	727
0	19	191	726	728
0	19	192	727	733
0	19	193	732	735
0	19	194	734	736
0	19	195	735	742
0	13	196	741	744
0	13	197	744	746
0	13	198	746	752
0	13	199	753	756
0	19	200	756	759
0	19	201	758	760
0	19	202	759	761
0	19	203	760	763
0	22	204	762	764
0	22	205	764	766
0	22	206	765	767
0	22	207	766	768
0	22	208	769	772
0	22	209	771	775
0	22	210	774	777
0	23	211	776	785
0	23	212	786	789
0	23	213	789	792
0	23	214	792	794
0	23	215	797	798
0	23	216	799	804
0	23	217	805	808
0	0	218	809	813
0	0	219	813	817
0	0	220	818	820
0	0	221	821	838
0	22	222	839	842
0	22	223	845	847
0	22	224	846	849
0	22	225	849	856
0	22	226	857	858
0	22	227	859	864
0	22	228	864	868
0	24	229	868	874
0	24	230	877	879
0	24	231	880	883
0	24	232	885	886
0	24	233	887	892
0	4	234	895	897
0	4	235	898	900
0	4	236	900	904
0	4	237	904	905
0	4	238	906	908
0	4	239	909	913
0	4	240	912	913
0	4	241	914	915
0	25	242	917	920
0	25	243	921	925
0	22	244	929	932
0	22	245	933	935
0	22	246	936	940
0	22	247	941	943
0	22	248	943	946
0	22	249	947	948
0	22	250	949	951
0	26	251	951	953
0	26	252	953	954
0	26	253	954	957
0	26	254	956	958
0	26	255	958	960
0	26	256	960	963
0	26	257	962	976
0	27	266	1008	1009
0	27	267	1009	1012
0	27	268	1012	1014
0	27	269	1015	1016
0	27	270	1017	1021
0	27	271	1020	1021
0	27	272	1022	1027
0	27	273	1028	1035
0	3	274	1035	1039
0	3	275	1041	1043
0	3	276	1046	1048
0	3	277	1047	1051
0	3	278	1052	1058
0	3	279	1057	1058
0	28	280	1060	1061
0	28	281	1061	1067
0	28	282	1066	1068
0	28	283	1068	1072
0	28	284	1072	1077
0	28	285	1077	1079
0	28	286	1079	1080
0	29	287	1083	1085
0	29	288	1086	1088
0	29	289	1089	1091
0	29	290	1092	1094
0	29	291	1095	1097
0	29	292	1098	1102
0	29	293	1103	1105
0	30	294	1106	1109
0	30	295	1109	1114
0	30	296	1113	1115
0	30	297	1116	1117
0	30	298	1116	1118
1	31	4	1135	1139
1	31	5	1140	1142
1	31	6	1141	1146
1	31	7	1147	1149
1	31	8	1149	1151
1	31	9	1150	1154
1	27	10	1154	1157
1	27	11	1156	1158
1	27	12	1159	1161
1	27	13	1162	1167
1	27	14	1166	1168
1	30	15	1168	1169
1	30	16	1169	1170
1	30	17	1171	1173
1	30	18	1173	1175
1	30	19	1176	1177
1	30	20	1177	1179
1	29	31	1208	1214
1	29	32	1214	1218
1	29	33	1219	1221
1	29	34	1222	1224
1	29	35	1224	1228
1	29	36	1229	1231
1	3	37	1231	1232
1	3	38	1232	1233
1	3	39	1233	1238
1	3	40	1239	1241
1	3	41	1241	1243
1	3	42	1244	1249
1	32	43	1249	1251
1	32	44	1252	1254
1	32	45	1255	1257
1	32	46	1257	1260
1	32	47	1261	1265
1	32	48	1265	1267
1	32	49	1268	1272
1	29	53	1286	1287
1	10	59	1310	1316
1	10	60	1316	1320
1	33	73	1368	1374
1	33	74	1375	1377
1	33	75	1378	1383
1	33	76	1383	1385
1	33	77	1385	1388
1	33	78	1390	1391
1	17	79	1390	1394
2	2	1	1395	1397
2	2	2	1397	1400
2	2	3	1400	1402
2	2	4	1403	1407
2	2	5	1408	1410
2	2	6	1411	1415
2	2	7	1416	1418
2	2	8	1419	1421
2	2	9	1422	1423
2	2	10	1424	1425
2	2	11	1425	1428
2	2	12	1429	1431
2	34	13	1431	1433
2	34	14	1434	1435
2	34	15	1436	1439
2	34	16	1440	1441
2	34	17	1446	1447
2	34	18	1448	1454
2	34	19	1455	1456
2	34	20	1458	1462
2	34	21	1462	1465
2	34	22	1466	1470
2	34	23	1470	1471
2	34	24	1471	1472
2	34	25	1473	1475
2	34	26	1475	1477
2	34	27	1477	1479
2	34	28	1480	1482
2	34	29	1485	1486
2	34	30	1486	1488
2	35	31	1488	1497
2	35	32	1499	1504
2	35	33	1505	1507
2	35	34	1508	1509
2	35	35	1510	1512
2	36	36	1512	1515
2	36	37	1518	1520
2	36	38	1521	1526
2	36	39	1527	1528
2	36	40	1529	1531
2	36	41	1532	1539
2	8	42	1540	1541
2	8	43	1541	1544
2	8	44	1546	1549
2	8	45	1551	1557
2	5	46	1559	1561
2	5	47	1562	1564
2	5	48	1564	1568
2	5	49	1569	1571
2	5	50	1572	1578
2	10	51	1578	1583
2	10	52	1583	1584
2	10	53	1584	1586
2	10	54	1586	1588
2	5	55	1587	1589
2	5	56	1591	1592
2	5	57	1593	1595
2	5	58	1594	1598
2	5	59	1598	1601
2	2	60	1601	1607
2	2	61	1608	1610
2	2	62	1621	1623
2	14	63	1623	1624
2	30	64	1624	1626
2	30	65	1626	1628
2	30	66	1629	1630
2	30	67	1630	1634
2	30	68	1636	1645
2	2	69	1647	1653
2	2	70	1652	1654
2	2	71	1655	1657
2	2	72	1658	1660
2	2	73	1661	1666
2	2	74	1666	1669
2	2	75	1669	1671
2	2	76	1671	1674
2	2	77	1675	1677
2	2	78	1679	1681
2	2	79	1682	1689
2	2	80	1689	1691
2	2	81	1692	1694
2	19	82	1694	1697
2	19	83	1696	1698
2	19	84	1699	1701
2	19	85	1700	1702
2	19	86	1701	1703
2	37	87	1706	1708
2	37	88	1709	1715
2	37	89	1716	1721
2	37	90	1722	1724
2	37	91	1725	1731
2	37	92	1732	1737
2	31	93	1737	1740
2	31	94	1741	1743
2	5	95	1744	1746
2	5	96	1747	1750
2	5	97	1749	1752
2	5	98	1752	1754
2	28	99	1754	1757
2	28	100	1757	1759
2	28	101	1759	1761
2	27	102	1762	1771
2	27	103	1770	1771
2	27	104	1772	1777
2	27	105	1778	1783
2	27	106	1784	1789
2	19	107	1791	1797
2	19	108	1797	1799
2	19	109	1798	1800
2	19	110	1799	1801
2	19	111	1800	1803
2	8	112	1802	1810
2	8	113	1809	1812
2	8	114	1813	1820
2	8	115	1822	1823
2	8	116	1824	1826
2	8	117	1826	1836
2	8	118	1837	1838
2	8	119	1840	1843
2	8	120	1845	1847
2	8	121	1849	1851
2	8	122	1851	1852
2	8	123	1852	1857
2	38	124	1858	1868
2	38	125	1868	1871
2	38	126	1872	1875
2	38	127	1876	1881
2	38	128	1881	1882
2	39	129	1882	1890
2	39	130	1889	1895
2	39	131	1895	1905
2	39	132	1906	1907
2	39	133	1907	1909
2	40	134	1912	1918
2	40	135	1918	1920
2	40	136	1921	1923
2	40	137	1923	1926
2	40	138	1925	1928
2	40	139	1927	1930
2	40	140	1930	1933
2	40	141	1932	1934
2	40	142	1934	1936
2	41	143	1936	1939
2	41	144	1938	1941
2	41	145	1942	1947
2	41	146	1948	1950
2	41	147	1951	1953
2	41	148	1954	1956
2	41	149	1957	1961
2	41	150	1962	1964
2	41	151	1967	1969
2	17	152	1971	1973
2	17	153	1972	1973
2	39	154	1986	1997
2	39	155	1998	1999
2	39	156	2001	2010
2	39	157	2011	2012
2	39	158	2012	2014
2	39	159	2014	2021
2	39	160	2022	2026
2	5	165	2064	2065
2	5	166	2065	2070
2	5	167	2070	2076
2	5	168	2075	2078
2	5	169	2077	2079
2	5	170	2079	2081
2	5	171	2081	2084
2	5	172	2083	2085
2	42	181	2112	2114
2	42	182	2115	2117
2	42	183	2118	2121
2	42	184	2121	2126
2	42	185	2127	2139
2	22	186	2139	2143
2	22	187	2144	2146
2	22	188	2147	2151
2	22	189	2152	2162
2	22	190	2162	2164
2	43	204	2197	2207
2	43	205	2208	2212
2	43	206	2213	2217
2	43	207	2218	2220
3	38	1	2271	2272
3	38	2	2273	2284
3	38	3	2284	2298
3	38	4	2299	2305
3	38	5	2306	2310
3	38	6	2311	2312
3	38	7	2315	2316
3	26	8	2317	2321
3	26	9	2321	2323
3	26	10	2324	2329
3	26	11	2329	2331
3	26	12	2331	2333
3	36	13	2333	2335
3	36	14	2336	2337
3	36	15	2338	2341
3	36	16	2340	2344
3	36	17	2343	2347
3	36	18	2347	2349
3	37	19	2349	2354
3	37	20	2355	2357
3	37	21	2358	2359
3	37	22	2359	2362
3	37	23	2363	2375
3	37	24	2375	2381
3	37	25	2382	2386
3	37	26	2387	2394
3	36	27	2394	2396
3	36	28	2397	2400
3	36	29	2400	2402
3	36	30	2403	2407
3	36	31	2408	2410
3	36	32	2410	2418
3	10	33	2418	2419
3	10	34	2421	2423
3	10	35	2423	2425
3	10	36	2426	2428
3	10	37	2428	2430
3	39	38	2430	2433
3	39	39	2433	2435
3	39	40	2436	2437
3	39	41	2438	2440
3	39	42	2441	2442
3	44	43	2442	2456
3	44	44	2457	2458
3	36	45	2460	2463
3	36	46	2464	2466
3	36	47	2467	2472
3	36	48	2471	2476
3	45	49	2477	2480
3	45	50	2481	2483
3	38	51	2483	2486
3	38	52	2487	2488
3	38	53	2489	2491
3	38	54	2492	2498
3	29	55	2498	2508
3	29	56	2507	2508
3	29	57	2511	2515
3	38	58	2515	2521
3	38	59	2522	2528
3	38	60	2529	2530
3	38	61	2531	2532
3	30	62	2533	2537
3	30	63	2538	2539
3	30	64	2539	2543
3	30	65	2546	2549
3	30	66	2550	2551
3	45	67	2551	2552
3	45	68	2552	2553
3	45	69	2553	2555
3	45	70	2556	2558
3	45	71	2559	2564
3	45	72	2565	2567
3	45	73	2568	2569
3	11	74	2569	2570
3	11	75	2570	2571
3	11	76	2576	2577
3	11	77	2578	2582
3	11	78	2585	2589
3	11	79	2590	2591
3	11	80	2592	2593
3	11	81	2596	2597
3	11	82	2598	2601
3	26	83	2602	2604
3	26	84	2604	2606
3	26	85	2606	2608
3	26	86	2608	2610
3	26	87	2610	2619
3	26	88	2619	2620
3	29	89	2620	2622
3	29	90	2623	2625
3	29	91	2627	2632
3	29	92	2632	2636
3	29	93	2637	2639
3	37	94	2644	2646
3	37	95	2647	2649
3	37	96	2650	2652
3	37	97	2653	2660
3	37	98	2661	2668
3	30	99	2668	2675
3	30	100	2675	2677
3	30	101	2677	2682
3	30	102	2683	2687
3	44	103	2687	2691
3	44	104	2691	2698
3	44	105	2699	2703
3	44	106	2704	2705
3	37	107	2706	2716
3	37	108	2717	2719
3	37	109	2720	2722
3	37	110	2723	2725
3	37	111	2725	2727
3	44	112	2727	2732
3	44	113	2733	2737
3	44	114	2737	2740
3	2	115	2740	2742
3	2	116	2743	2751
3	2	117	2752	2759
3	2	118	2759	2767
3	2	119	2768	2770
3	2	120	2771	2773
3	2	121	2774	2779
3	2	122	2780	2782
3	2	123	2783	2785
3	2	124	2785	2787
3	41	125	2787	2792
3	41	126	2793	2795
3	20	127	2795	2796
3	20	128	2796	2803
3	20	129	2802	2803
3	20	130	2802	2803
3	20	131	2803	2805
3	20	132	2804	2805
3	20	133	2805	2811
3	44	134	2811	2815
3	44	135	2815	2817
3	44	136	2816	2825
3	44	137	2826	2829
3	44	138	2830	2832
3	44	139	2833	2835
3	19	140	2837	2846
3	19	141	2845	2850
3	19	142	2849	2851
3	19	143	2853	2857
3	19	144	2858	2859
3	19	145	2858	2862
3	19	146	2863	2866
3	29	147	2868	2870
3	29	148	2873	2876
3	29	149	2878	2883
3	29	150	2884	2889
3	29	151	2890	2892
3	29	152	2893	2900
3	29	153	2901	2904
3	35	154	2906	2910
3	35	155	2911	2916
3	35	156	2916	2918
3	35	157	2919	2930
3	41	158	2930	2932
3	41	159	2932	2937
3	41	160	2937	2938
3	41	161	2939	2941
3	41	162	2942	2944
3	41	163	2945	2947
3	41	164	2948	2950
3	41	165	2951	2952
3	41	166	2953	2954
3	41	167	2955	2957
3	38	168	2957	2958
3	38	169	2958	2959
3	38	170	2958	2978
3	38	171	2978	2987
3	38	172	2988	2990
3	38	173	2991	2998
3	35	174	2999	3001
3	35	175	3002	3006
3	35	176	3007	3010
3	35	177	3013	3015
3	35	178	3016	3018
3	45	179	3018	3022
3	45	180	3021	3030
3	45	181	3031	3033
3	45	182	3034	3035
3	45	183	3036	3041
3	21	184	3042	3044
3	21	185	3044	3046
3	21	186	3051	3060
3	21	187	3061	3065
3	21	188	3065	3067
3	35	189	3067	3076
3	35	190	3077	3082
3	35	191	3082	3084
3	35	192	3085	3088
3	16	193	3088	3091
3	16	194	3091	3093
3	16	195	3093	3098
3	16	196	3097	3100
3	35	197	3100	3103
3	35	198	3104	3106
3	35	199	3107	3109
3	35	200	3110	3112
3	35	201	3113	3115
3	35	202	3116	3118
3	19	203	3118	3121
3	19	204	3123	3125
3	19	205	3126	3128
3	19	206	3129	3132
3	19	207	3133	3139
3	19	208	3138	3146
3	30	209	3145	3149
3	30	210	3150	3152
3	30	211	3153	3154
3	30	212	3154	3156
3	30	213	3157	3159
3	30	214	3159	3168
3	36	215	3169	3173
3	36	216	3173	3174
3	36	217	3175	3176
3	36	218	3176	3181
3	36	219	3182	3185
3	40	220	3185	3188
3	40	221	3187	3189
3	40	222	3189	3193
3	40	223	3194	3195
3	17	224	3199	3201
3	17	225	3204	3206
3	17	226	3207	3209
3	17	227	3210	3214
3	17	228	3215	3217
3	17	229	3218	3223
3	32	230	3222	3226
3	32	231	3225	3230
3	32	232	3229	3232
3	32	233	3235	3236
3	32	234	3235	3237
3	32	235	3238	3240
3	32	236	3240	3242
3	32	237	3242	3247
3	23	238	3247	3255
3	23	239	3256	3258
3	23	240	3259	3264
3	37	245	3279	3281
3	37	246	3282	3286
3	37	247	3287	3289
3	37	248	3290	3293
3	37	249	3294	3295
3	37	250	3294	3299
3	35	251	3301	3308
3	35	252	3308	3310
3	35	253	3311	3321
3	19	254	3321	3328
3	19	255	3327	3329
3	19	256	3328	3332
3	19	257	3331	3333
3	17	258	3332	3334
3	17	259	3335	3337
3	17	260	3338	3340
3	17	261	3341	3343
3	17	262	3344	3346
3	17	263	3346	3353
3	17	264	3354	3358
3	41	265	3358	3360
3	41	266	3359	3360
3	41	267	3361	3364
3	41	268	3363	3365
3	41	269	3365	3366
3	41	270	3368	3370
4	0	1	3370	3376
4	0	2	3378	3381
4	0	3	3381	3384
4	0	4	3384	3387
4	0	5	3388	3389
4	7	6	3391	3393
4	7	7	3394	3396
4	7	8	3396	3398
4	7	9	3398	3400
4	7	10	3400	3402
4	7	11	3402	3404
4	7	12	3404	3406
4	7	13	3405	3406
4	46	14	3409	3412
4	46	15	3412	3414
4	46	16	3415	3416
4	46	17	3416	3419
4	46	18	3418	3420
4	46	19	3419	3420
4	10	20	3421	3422
4	10	21	3422	3423
4	10	22	3423	3424
4	15	48	3503	3505
4	15	49	3506	3515
4	15	50	3516	3517
4	15	51	3518	3519
4	15	52	3519	3521
4	3	53	3521	3526
4	3	54	3527	3529
4	3	55	3528	3534
4	3	56	3535	3537
4	3	57	3537	3540
4	3	58	3541	3544
4	10	59	3544	3546
4	10	60	3546	3547
4	10	61	3548	3551
4	10	62	3550	3552
4	10	63	3552	3556
4	10	64	3555	3556
4	20	65	3555	3563
4	20	66	3563	3565
4	20	67	3565	3567
4	20	68	3567	3573
4	21	69	3572	3575
4	21	70	3574	3577
4	21	71	3580	3585
4	21	72	3586	3589
4	21	73	3589	3591
4	27	74	3594	3597
4	27	75	3597	3601
4	27	76	3601	3607
4	27	77	3607	3612
4	27	78	3613	3617
4	27	79	3617	3621
4	27	80	3622	3632
4	27	81	3632	3639
4	13	82	3639	3642
4	13	83	3643	3647
4	13	84	3647	3649
4	13	85	3649	3653
4	13	86	3655	3658
4	46	87	3658	3663
4	46	88	3664	3668
4	46	89	3668	3677
4	27	90	3677	3680
4	27	91	3680	3683
4	27	92	3684	3689
4	27	93	3688	3693
4	44	94	3693	3696
4	44	95	3696	3697
4	44	96	3697	3699
4	44	97	3700	3702
4	44	98	3703	3709
4	44	99	3710	3711
4	47	100	3711	3714
4	47	101	3713	3715
4	47	102	3716	3717
4	47	103	3718	3721
4	47	104	3723	3726
4	27	105	3726	3731
4	27	106	3731	3733
4	27	107	3733	3737
4	27	108	3738	3743
4	27	109	3744	3746
4	33	116	3764	3768
4	3	119	3773	3779
4	3	120	3779	3783
4	3	121	3784	3789
4	3	122	3789	3791
4	3	123	3792	3794
4	3	124	3795	3799
4	3	125	3800	3802
5	47	1	3802	3807
5	47	2	3808	3810
5	47	3	3810	3815
5	47	4	3816	3819
5	47	5	3819	3822
5	47	6	3823	3824
5	47	7	3824	3830
5	47	8	3831	3832
5	47	9	3831	3832
5	47	10	3833	3837
5	3	11	3837	3840
5	3	12	3840	3843
5	3	13	3842	3844
5	3	14	3844	3847
5	3	15	3848	3856
5	3	16	3856	3857
5	3	17	3857	3859
5	3	18	3860	3863
5	3	19	3862	3866
5	3	20	3867	3869
5	3	21	3870	3882
5	6	22	3883	3887
5	6	23	3887	3888
5	6	24	3888	3889
5	6	25	3890	3891
5	6	26	3891	3894
5	6	27	3895	3900
5	31	28	3900	3905
5	31	29	3906	3910
5	31	30	3911	3920
5	6	31	3920	3921
5	6	32	3922	3927
5	6	33	3926	3928
5	6	34	3928	3931
5	6	35	3932	3934
5	6	36	3934	3939
5	45	37	3938	3943
5	45	38	3946	3949
5	29	39	3956	3957
5	29	40	3958	3959
5	29	41	3960	3966
5	29	42	3966	3967
5	29	43	3970	3971
5	29	44	3972	3974
5	29	45	3977	3980
5	29	46	3980	3982
5	29	47	3985	3988
5	48	48	3991	3993
5	48	49	3994	3996
5	48	50	3997	3999
5	48	51	4000	4002
5	48	52	4003	4005
5	48	53	4008	4010
5	23	54	4013	4015
5	23	55	4016	4018
5	23	56	4018	4021
5	23	57	4020	4027
5	23	58	4027	4029
5	23	59	4030	4034
5	23	60	4033	4034
5	23	61	4035	4037
5	23	62	4038	4039
5	2	63	4040	4043
5	2	64	4044	4046
5	2	65	4047	4050
5	45	66	4049	4050
5	45	67	4050	4051
5	45	68	4052	4054
5	45	69	4055	4056
5	45	70	4057	4058
5	46	71	4058	4062
5	46	72	4063	4071
5	12	73	4073	4076
5	12	74	4075	4076
5	12	75	4076	4080
5	12	76	4080	4086
5	12	77	4087	4088
5	12	78	4089	4094
5	4	79	4096	4104
5	4	80	4103	4108
5	4	81	4109	4113
5	49	82	4116	4117
5	49	83	4117	4118
5	49	84	4119	4121
5	49	85	4122	4124
5	49	86	4125	4128
5	49	87	4128	4130
5	49	88	4131	4137
5	38	89	4137	4138
5	38	90	4138	4139
5	38	91	4140	4142
5	38	92	4143	4144
5	38	93	4144	4148
5	3	94	4148	4150
5	3	95	4150	4156
5	3	96	4156	4162
5	3	97	4163	4164
5	10	98	4165	4167
5	10	99	4166	4167
5	10	100	4166	4168
5	10	101	4168	4170
5	10	102	4171	4174
5	14	103	4174	4175
5	14	104	4175	4184
5	14	105	4183	4184
5	14	106	4186	4191
5	14	107	4192	4197
5	14	108	4198	4199
5	49	109	4200	4201
5	49	110	4201	4202
5	49	111	4202	4205
5	49	112	4206	4208
5	49	113	4209	4211
5	49	114	4212	4217
5	49	115	4218	4220
5	49	116	4221	4223
5	49	117	4224	4225
5	49	118	4225	4227
5	49	119	4227	4229
5	49	120	4230	4235
5	49	121	4236	4240
5	49	122	4241	4243
5	49	123	4244	4247
5	49	124	4247	4249
5	5	125	4250	4252
5	5	126	4253	4255
5	5	127	4256	4258
5	5	128	4259	4263
5	5	129	4264	4266
5	5	130	4267	4269
5	39	131	4269	4273
5	39	132	4274	4276
5	39	133	4276	4278
5	39	134	4278	4280
5	39	135	4280	4282
5	48	141	4302	4304
5	48	142	4311	4312
5	48	143	4313	4318
5	48	144	4321	4331
5	48	145	4332	4334
5	48	146	4335	4338
5	48	147	4338	4347
5	48	148	4348	4353
5	48	149	4354	4359
5	48	150	4359	4365
5	48	151	4366	4375
5	4	152	4375	4379
5	4	153	4381	4390
5	4	154	4389	4391
5	4	155	4391	4398
5	4	156	4399	4403
5	4	157	4402	4404
5	41	185	4499	4501
5	41	186	4502	4512
5	41	187	4513	4518
5	41	188	4519	4525
5	41	189	4525	4534
5	41	190	4535	4539
5	24	191	4539	4544
5	24	192	4545	4547
5	24	193	4547	4549
5	24	194	4548	4550
5	24	195	4550	4557
5	24	196	4557	4558
5	24	197	4559	4560
5	24	198	4559	4560
5	24	199	4559	4564
5	24	200	4565	4566
5	24	201	4569	4576
5	22	202	4583	4585
5	22	203	4586	4592
5	22	204	4592	4606
5	22	205	4607	4610
5	22	206	4610	4617
5	35	214	4639	4641
5	35	215	4642	4646
5	35	216	4646	4647
5	19	217	4649	4651
5	19	218	4650	4652
5	19	219	4654	4655
5	19	220	4656	4657
5	19	221	4658	4659
5	40	235	4706	4707
5	40	236	4707	4709
5	40	237	4709	4715
5	40	238	4717	4725
6	45	1	4850	4852
6	45	2	4852	4854
6	45	3	4856	4858
6	45	4	4859	4862
6	45	5	4863	4868
6	50	6	4868	4870
6	50	7	4871	4872
6	50	8	4872	4875
6	50	9	4874	4876
6	50	10	4877	4883
6	45	11	4884	4890
6	45	12	4891	4895
6	45	13	4895	4897
6	45	14	4898	4899
6	45	15	4900	4902
6	45	16	4901	4904
6	45	17	4907	4908
6	51	18	4908	4911
6	51	19	4912	4913
6	51	20	4914	4915
6	51	21	4918	4920
6	51	22	4922	4923
6	51	23	4926	4927
6	29	24	4927	4930
6	29	25	4930	4931
6	29	26	4932	4937
6	29	27	4938	4942
6	31	28	4942	4956
6	31	29	4957	4961
6	31	30	4962	4964
6	31	31	4965	4970
6	31	32	4971	4973
6	35	33	4972	4975
6	35	34	4976	4978
6	35	35	4978	4981
6	35	36	4981	4983
6	35	37	4984	4987
6	35	38	4987	4994
6	35	39	4994	4997
6	35	40	4999	5002
6	35	41	5003	5008
6	3	42	5008	5014
6	3	43	5013	5019
6	3	44	5019	5024
6	3	45	5024	5025
6	3	46	5028	5030
6	29	47	5030	5033
6	29	48	5035	5037
6	29	49	5040	5042
6	29	50	5042	5044
6	29	51	5045	5047
6	29	52	5047	5049
6	29	53	5050	5056
6	31	54	5056	5060
6	31	55	5060	5063
6	31	56	5064	5066
6	31	57	5067	5069
6	31	58	5070	5075
6	49	59	5075	5081
6	49	60	5081	5083
6	49	61	5084	5086
6	49	62	5087	5090
6	31	63	5091	5093
6	31	64	5094	5096
6	31	65	5097	5099
6	31	66	5100	5104
6	35	67	5104	5107
6	35	68	5108	5110
6	51	69	5110	5113
6	51	70	5116	5117
6	51	71	5118	5119
6	51	72	5122	5123
6	51	73	5125	5127
6	51	74	5128	5130
6	51	75	5129	5131
6	51	76	5130	5132
6	51	77	5131	5133
6	51	78	5133	5134
6	51	79	5135	5141
6	51	80	5144	5150
6	8	81	5150	5160
6	8	82	5163	5169
6	8	83	5170	5172
6	8	84	5173	5175
6	8	85	5176	5181
6	8	86	5181	5183
6	11	87	5183	5188
6	11	88	5188	5190
6	11	89	5191	5193
6	11	90	5193	5195
6	23	91	5196	5198
6	23	92	5199	5207
6	23	93	5207	5213
6	29	94	5212	5213
6	29	95	5213	5214
6	29	96	5215	5217
6	29	97	5218	5223
6	29	98	5224	5228
6	29	99	5229	5230
6	29	100	5231	5234
6	38	101	5234	5243
6	38	102	5243	5245
6	38	103	5246	5248
6	38	104	5249	5251
6	38	105	5251	5255
6	38	106	5255	5265
6	38	107	5266	5268
6	38	108	5269	5271
6	38	109	5270	5271
6	38	110	5272	5273
6	38	111	5274	5275
6	30	112	5275	5283
6	30	113	5284	5288
6	30	114	5289	5293
6	30	115	5294	5297
6	3	116	5299	5300
6	3	117	5300	5302
6	3	118	5302	5305
6	3	119	5305	5309
6	3	120	5310	5311
6	3	121	5312	5317
6	3	122	5317	5319
6	11	123	5321	5323
6	11	124	5323	5326
6	11	125	5327	5328
6	11	126	5328	5332
6	11	127	5333	5335
6	11	128	5336	5338
6	11	129	5339	5344
6	11	130	5345	5346
6	11	131	5351	5352
6	52	132	5352	5355
6	52	133	5355	5361
6	52	134	5362	5367
6	52	135	5367	5375
6	52	136	5375	5377
6	52	137	5376	5378
6	24	138	5379	5382
6	24	139	5383	5396
6	24	140	5397	5403
6	24	141	5410	5418
6	24	142	5419	5421
6	24	143	5422	5424
6	18	144	5426	5427
6	18	145	5427	5432
6	18	146	5432	5434
6	18	147	5434	5438
6	18	148	5438	5440
6	18	149	5441	5442
6	18	150	5443	5444
6	23	151	5444	5446
6	23	152	5447	5450
6	23	153	5450	5455
6	23	154	5455	5456
6	23	155	5457	5463
6	23	156	5463	5465
6	23	157	5466	5468
6	23	158	5469	5472
6	23	159	5472	5473
6	23	160	5474	5476
6	11	161	5477	5480
6	11	162	5481	5483
6	11	163	5484	5489
6	11	164	5490	5495
6	11	165	5496	5498
6	12	166	5499	5500
6	12	167	5500	5501
6	12	168	5502	5504
6	12	169	5504	5506
6	12	170	5509	5516
6	12	171	5516	5524
6	12	172	5527	5529
6	12	173	5531	5533
6	40	174	5533	5540
6	40	175	5540	5545
6	40	176	5545	5547
6	40	177	5547	5549
6	40	178	5549	5554
6	40	179	5553	5557
6	32	180	5557	5560
6	32	181	5561	5563
6	32	182	5563	5565
6	32	183	5565	5567
6	32	184	5567	5570
6	32	185	5570	5573
6	32	186	5574	5579
6	32	187	5578	5579
6	53	188	5579	5581
6	53	189	5582	5591
6	53	190	5591	5593
6	53	191	5594	5595
6	53	192	5598	5601
6	53	193	5602	5604
6	42	194	5606	5610
6	42	195	5609	5614
6	42	196	5614	5616
6	42	197	5617	5619
6	42	198	5619	5621
6	42	199	5624	5626
6	42	200	5626	5627
6	12	206	5634	5637
6	12	207	5638	5640
6	12	208	5643	5645
6	12	209	5646	5648
6	12	210	5649	5653
6	12	211	5654	5656
6	12	212	5657	5659
6	12	213	5660	5662
6	12	214	5663	5664
6	52	215	5664	5669
6	52	216	5670	5675
6	52	217	5675	5677
6	52	218	5678	5683
6	52	219	5686	5688
6	12	220	5687	5690
6	12	221	5691	5693
6	12	222	5694	5696
6	12	223	5697	5699
6	12	224	5700	5702
6	12	225	5702	5704
6	12	226	5707	5708
6	12	227	5709	5710
6	37	228	5710	5716
6	37	229	5716	5718
6	37	230	5721	5723
6	37	231	5724	5726
6	37	232	5729	5731
6	37	233	5732	5734
6	37	234	5735	5738
6	37	235	5737	5738
6	37	236	5740	5742
6	16	237	5742	5746
6	16	238	5746	5750
6	16	239	5749	5752
6	30	240	5752	5755
6	30	241	5754	5756
6	30	242	5757	5759
6	30	243	5760	5764
6	30	244	5767	5768
6	30	245	5770	5771
6	54	246	5776	5788
6	54	247	5788	5792
6	54	248	5792	5794
6	54	249	5793	5794
6	29	250	5799	5801
6	29	251	5804	5806
6	29	252	5807	5809
6	29	253	5810	5812
6	29	254	5813	5817
6	29	255	5818	5819
6	3	256	5819	5822
6	3	257	5822	5824
6	3	258	5824	5827
6	3	259	5828	5830
6	3	260	5831	5836
6	55	261	5836	5838
6	55	262	5838	5843
6	55	263	5843	5845
6	55	264	5846	5848
6	55	265	5849	5851
6	55	266	5852	5853
6	19	272	5866	5868
6	19	273	5869	5875
6	19	274	5876	5878
6	23	279	5895	5906
6	23	280	5906	5908
6	23	281	5911	5913
6	23	282	5912	5913
6	19	283	5913	5914
6	19	284	5914	5915
6	19	285	5916	5918
6	19	286	5917	5920
6	19	287	5919	5921
6	19	288	5920	5922
6	19	289	5921	5924
7	23	1	5924	5927
7	23	2	5927	5932
7	23	3	5935	5949
7	23	4	5951	5952
7	23	5	5953	5954
7	23	6	5955	5962
7	23	7	5965	5969
7	36	8	5970	5972
7	36	9	5973	5978
7	36	10	5977	5979
7	36	11	5980	5986
7	51	12	5986	5989
7	51	13	5992	5993
7	51	14	5993	5998
7	51	15	5999	6000
7	51	16	6003	6004
7	13	17	6005	6006
7	13	18	6006	6007
7	13	19	6007	6008
7	13	20	6009	6011
7	13	21	6012	6014
7	13	22	6015	6016
7	13	23	6017	6020
7	52	24	6022	6025
7	52	25	6026	6030
7	52	26	6031	6032
7	52	27	6033	6035
7	52	28	6035	6036
7	23	29	6037	6040
7	23	30	6046	6052
7	23	31	6052	6054
7	23	32	6055	6060
7	23	33	6061	6071
7	23	34	6072	6078
7	26	35	6077	6080
7	26	36	6080	6084
7	26	37	6084	6086
7	26	38	6086	6088
7	26	39	6089	6091
7	50	40	6091	6094
7	50	41	6094	6099
7	50	42	6098	6102
7	49	43	6101	6104
7	49	44	6105	6108
7	49	45	6109	6112
7	49	46	6115	6117
7	49	47	6118	6120
7	49	48	6121	6122
7	24	55	6138	6144
7	24	56	6145	6147
7	24	57	6148	6150
7	24	58	6150	6152
7	8	59	6151	6154
7	8	60	6154	6156
7	8	61	6156	6158
7	20	75	6194	6195
7	20	76	6195	6197
7	20	77	6198	6199
7	20	78	6200	6204
7	20	79	6207	6213
7	8	80	6215	6217
7	8	81	6217	6223
7	8	82	6226	6229
7	8	83	6235	6238
7	8	84	6244	6250
7	40	85	6250	6252
7	40	86	6253	6254
7	40	87	6255	6262
7	40	88	6263	6267
7	40	89	6268	6269
7	40	90	6270	6271
7	8	99	6307	6308
7	8	100	6310	6326
7	8	101	6326	6331
7	8	102	6332	6333
7	8	103	6336	6337
7	19	132	6443	6450
7	19	133	6454	6457
7	19	134	6458	6465
7	28	135	6465	6468
7	28	136	6468	6470
7	28	137	6470	6472
7	28	138	6472	6478
7	56	153	6534	6536
7	56	154	6537	6542
7	56	155	6543	6545
7	56	156	6546	6548
7	56	157	6548	6550
7	56	158	6551	6561
7	52	159	6562	6570
7	52	160	6571	6579
7	52	161	6579	6581
7	52	162	6582	6589
7	0	164	6594	6597
7	0	165	6598	6599
7	0	166	6600	6602
7	0	167	6602	6607
7	0	168	6608	6609
7	8	169	6608	6611
7	8	170	6612	6615
7	8	171	6616	6619
7	8	172	6620	6622
7	8	173	6624	6626
8	28	1	6625	6629
8	28	2	6633	6635
8	28	3	6635	6637
8	28	4	6637	6638
8	28	5	6637	6642
8	28	6	6642	6645
8	28	7	6646	6648
8	28	8	6649	6652
8	28	9	6651	6655
8	31	10	6656	6659
8	31	11	6659	6662
8	31	12	6662	6665
8	31	13	6666	6669
8	31	14	6669	6671
8	31	15	6671	6677
8	27	16	6678	6687
8	27	17	6689	6690
8	27	18	6692	6693
8	27	19	6694	6696
8	27	20	6697	6699
8	46	21	6699	6701
8	46	22	6701	6704
8	46	23	6704	6707
8	46	24	6707	6710
8	46	25	6711	6720
8	47	26	6720	6722
8	47	27	6722	6728
8	47	28	6730	6731
8	47	29	6731	6734
8	27	30	6737	6740
8	27	31	6740	6746
8	27	32	6747	6751
8	27	33	6752	6754
8	3	34	6755	6764
8	3	35	6765	6767
8	3	36	6767	6771
8	3	37	6771	6773
8	4	38	6775	6784
8	4	39	6787	6789
8	4	40	6790	6791
8	4	41	6792	6796
8	13	42	6796	6799
8	13	43	6804	6806
8	13	44	6807	6809
8	13	45	6810	6811
8	13	46	6812	6815
8	13	47	6816	6817
8	39	48	6817	6819
8	39	49	6819	6823
8	39	50	6824	6825
8	39	51	6826	6827
8	39	52	6828	6832
8	39	53	6833	6834
8	49	54	6834	6836
8	49	55	6847	6849
8	49	56	6850	6852
8	49	57	6853	6858
8	49	58	6858	6859
8	3	59	6860	6862
8	3	60	6863	6868
8	3	61	6868	6870
8	3	62	6870	6880
8	12	63	6882	6885
8	12	64	6885	6887
8	12	65	6888	6889
8	12	66	6890	6895
8	12	67	6896	6898
8	12	68	6897	6900
8	12	69	6900	6903
8	29	70	6903	6905
8	29	71	6905	6908
8	29	72	6908	6909
8	29	73	6909	6912
8	29	74	6913	6916
8	29	75	6917	6921
8	29	76	6920	6921
8	29	77	6924	6930
8	6	78	6931	6935
8	6	79	6934	6935
8	6	80	6936	6937
8	6	81	6938	6942
8	6	82	6942	6946
8	12	83	6947	6950
8	12	84	6951	6952
8	12	85	6953	6957
8	12	86	6958	6962
8	12	87	6965	6966
8	12	88	6967	6968
8	12	89	6969	6970
8	12	90	6971	6974
8	31	91	6974	6983
8	31	92	6983	6988
8	31	93	6989	6992
8	31	94	6992	6998
8	31	95	6998	7003
8	19	96	7004	7005
8	19	97	7005	7007
8	19	98	7007	7008
8	19	99	7007	7009
8	19	100	7008	7011
8	19	101	7011	7019
8	2	102	7018	7019
8	2	103	7024	7027
8	2	104	7027	7028
8	2	105	7029	7037
8	2	106	7038	7040
8	2	107	7041	7043
8	57	108	7043	7047
8	57	109	7047	7054
8	57	110	7055	7064
8	57	111	7064	7068
8	31	112	7068	7071
8	31	113	7072	7074
8	31	114	7075	7080
8	31	115	7081	7083
8	31	116	7084	7086
8	31	117	7087	7092
8	31	118	7091	7096
8	8	119	7096	7101
8	8	120	7103	7105
8	8	121	7105	7108
8	8	122	7110	7112
8	8	123	7112	7114
8	8	124	7115	7116
8	8	125	7118	7120
8	8	126	7121	7122
8	8	127	7123	7124
8	8	128	7125	7126
8	28	129	7126	7132
8	28	130	7132	7134
8	28	131	7134	7137
8	28	132	7137	7139
8	28	133	7139	7141
8	46	134	7142	7148
8	46	135	7149	7151
8	46	136	7151	7153
8	46	137	7153	7158
8	46	138	7158	7160
8	46	139	7159	7163
8	19	140	7169	7175
8	19	141	7174	7175
8	19	142	7174	7177
8	19	143	7176	7179
8	19	144	7178	7180
8	19	145	7179	7181
8	19	146	7180	7182
8	19	147	7183	7184
8	19	148	7185	7186
8	5	149	7185	7189
8	5	150	7190	7192
8	5	151	7193	7195
8	5	152	7195	7198
8	5	153	7197	7199
8	5	154	7200	7203
8	5	155	7203	7205
8	5	156	7206	7209
8	5	157	7210	7216
8	8	158	7215	7217
8	8	159	7217	7220
8	8	160	7222	7227
8	8	161	7229	7233
8	8	162	7235	7237
8	8	163	7239	7241
8	8	164	7243	7245
8	8	165	7244	7253
8	45	166	7256	7258
8	45	167	7258	7261
8	45	168	7261	7262
8	45	169	7263	7269
8	45	170	7270	7277
8	45	171	7278	7280
8	5	172	7285	7287
8	5	173	7288	7291
8	5	174	7291	7294
8	5	175	7294	7297
8	5	176	7296	7300
8	5	177	7299	7304
8	5	178	7305	7307
8	5	179	7308	7310
8	5	180	7311	7313
8	20	181	7313	7315
8	20	182	7316	7317
8	20	183	7316	7319
8	20	184	7318	7320
8	20	185	7320	7322
8	20	186	7321	7322
8	20	187	7323	7324
8	20	188	7325	7326
8	20	189	7327	7328
8	20	190	7331	7332
8	20	191	7331	7332
8	53	192	7333	7334
8	53	193	7336	7337
8	53	194	7336	7337
8	53	195	7338	7340
8	53	196	7341	7346
8	53	197	7347	7349
8	53	198	7350	7351
8	53	199	7352	7354
8	53	200	7354	7361
8	39	201	7361	7369
8	39	202	7368	7372
8	39	203	7374	7375
8	39	204	7377	7379
8	39	205	7380	7382
8	39	206	7381	7383
8	39	207	7383	7393
8	15	208	7393	7396
8	15	209	7397	7399
8	15	210	7399	7402
8	15	211	7401	7404
8	15	212	7403	7405
8	15	213	7405	7409
8	3	214	7409	7412
8	3	215	7412	7414
8	3	216	7415	7417
8	3	217	7417	7419
8	3	218	7420	7423
8	3	219	7423	7431
8	3	220	7430	7431
8	3	221	7432	7436
8	27	222	7438	7441
8	27	223	7442	7445
8	27	224	7445	7448
8	27	225	7451	7453
8	27	226	7453	7455
8	58	227	7455	7458
8	58	228	7458	7461
8	58	229	7462	7463
8	58	230	7462	7465
8	58	231	7464	7468
8	58	232	7469	7471
8	13	236	7483	7492
8	13	237	7493	7497
8	13	238	7498	7501
8	13	239	7501	7505
8	13	240	7506	7511
8	19	241	7510	7512
8	19	242	7513	7516
8	19	243	7515	7518
8	19	244	7517	7526
8	19	245	7526	7527
8	19	246	7527	7530
8	45	247	7529	7535
8	45	248	7538	7540
8	45	249	7541	7544
8	45	250	7545	7547
8	45	251	7548	7555
8	59	252	7556	7561
8	59	253	7562	7564
8	59	254	7565	7567
8	59	255	7567	7572
8	59	256	7575	7577
8	59	257	7578	7580
8	58	258	7580	7583
8	58	259	7584	7585
8	58	260	7586	7588
8	58	261	7588	7592
8	29	262	7592	7596
8	29	263	7596	7600
8	29	264	7601	7604
8	29	265	7605	7606
8	29	266	7611	7615
8	29	267	7615	7616
8	8	268	7617	7619
8	8	269	7621	7622
8	8	270	7622	7632
8	8	271	7633	7638
8	8	272	7639	7642
8	5	273	7641	7644
8	5	274	7645	7647
8	5	275	7648	7650
8	5	276	7651	7652
8	5	277	7653	7654
8	5	278	7655	7657
8	5	279	7660	7662
8	5	280	7663	7666
8	2	281	7665	7671
8	2	282	7672	7674
8	2	283	7675	7676
8	2	284	7677	7687
8	40	290	7698	7700
8	40	291	7699	7700
8	40	292	7700	7704
9	14	1	7703	7705
9	14	2	7705	7710
9	14	3	7711	7712
9	14	4	7713	7714
9	14	5	7715	7716
9	14	6	7719	7720
9	14	7	7721	7727
9	14	8	7730	7731
9	14	9	7730	7739
9	14	10	7740	7741
9	60	11	7744	7746
9	60	12	7746	7747
9	60	13	7748	7753
9	60	14	7754	7756
9	60	15	7756	7760
9	60	16	7762	7763
9	60	17	7764	7766
9	60	18	7765	7768
9	60	19	7769	7772
9	60	20	7774	7777
9	60	21	7777	7779
9	60	22	7779	7783
9	60	23	7784	7790
9	60	24	7790	7796
9	60	25	7796	7801
9	60	26	7800	7802
9	60	27	7803	7806
9	50	28	7807	7809
9	50	29	7809	7812
9	50	30	7811	7814
9	50	31	7813	7815
9	52	32	7816	7821
9	52	33	7821	7825
9	52	34	7825	7831
9	52	35	7831	7838
9	52	36	7839	7841
9	60	37	7841	7851
9	60	38	7851	7853
9	60	39	7857	7861
9	37	40	7862	7863
9	37	41	7863	7864
9	37	42	7865	7870
9	37	43	7871	7872
9	37	44	7873	7885
9	37	45	7884	7885
9	26	46	7885	7886
9	26	47	7886	7887
9	26	48	7888	7890
9	26	49	7890	7893
9	26	50	7892	7895
9	11	51	7894	7896
9	11	52	7895	7898
9	11	53	7899	7904
9	52	54	7904	7905
9	52	55	7905	7907
9	52	56	7907	7909
9	52	57	7910	7914
9	52	58	7915	7918
9	52	59	7920	7921
9	49	60	7921	7923
9	49	61	7923	7935
9	49	62	7936	7938
9	49	63	7939	7944
9	49	64	7945	7947
9	10	65	7948	7949
9	10	66	7949	7951
9	10	67	7952	7958
9	52	68	7957	7961
9	52	69	7961	7963
9	52	70	7964	7967
9	52	71	7969	7971
9	52	72	7971	7977
9	19	73	7978	7979
9	19	74	7979	7980
9	19	75	7979	7981
9	19	76	7980	7982
9	19	77	7981	7991
9	14	78	7993	7994
9	14	79	7994	7995
9	14	80	7996	8007
9	14	81	8010	8011
9	14	82	8012	8015
9	11	83	8015	8019
9	11	84	8020	8024
9	11	85	8024	8029
9	11	86	8030	8034
9	11	87	8035	8040
9	11	88	8041	8042
9	49	89	8044	8047
9	49	90	8048	8050
9	49	91	8051	8057
9	49	92	8058	8062
9	49	93	8063	8065
9	49	94	8066	8071
9	49	95	8071	8073
9	52	96	8076	8079
9	52	97	8079	8083
9	52	98	8083	8087
9	52	99	8087	8089
9	52	100	8089	8090
9	52	101	8091	8097
9	11	102	8099	8100
9	11	103	8100	8101
9	11	104	8102	8107
9	11	105	8108	8110
9	11	106	8111	8113
9	11	107	8114	8115
9	11	108	8116	8119
9	55	109	8123	8128
9	55	110	8128	8130
9	55	111	8130	8132
9	55	112	8132	8134
9	61	113	8137	8138
9	61	114	8138	8139
9	61	115	8140	8142
9	61	116	8143	8145
9	61	117	8145	8149
9	61	118	8148	8150
9	61	119	8151	8153
9	61	120	8154	8156
9	2	121	8156	8159
9	2	122	8160	8162
9	2	123	8163	8165
9	14	124	8167	8168
9	14	125	8168	8170
9	14	126	8170	8171
9	14	127	8170	8174
9	12	128	8177	8183
9	12	129	8182	8187
9	12	130	8188	8190
9	12	131	8190	8192
9	12	132	8193	8195
9	12	133	8195	8197
9	12	134	8199	8201
9	12	135	8202	8204
9	12	136	8205	8207
9	12	137	8208	8212
9	61	138	8212	8215
9	61	139	8218	8220
9	61	140	8222	8223
9	61	141	8222	8225
9	61	142	8224	8228
9	61	143	8228	8230
9	61	144	8230	8232
9	61	145	8231	8233
9	53	146	8233	8235
9	53	147	8235	8236
9	53	148	8235	8247
9	53	149	8248	8249
9	53	150	8249	8257
9	53	151	8258	8269
9	46	152	8270	8273
9	46	153	8274	8285
9	46	154	8284	8286
9	46	155	8286	8289
9	0	156	8289	8291
9	0	157	8294	8300
9	18	158	8300	8301
9	18	159	8301	8304
9	18	160	8304	8306
9	18	161	8306	8308
9	18	162	8308	8309
9	18	163	8309	8310
9	18	164	8310	8324
9	18	165	8325	8327
9	62	166	8329	8335
9	62	167	8335	8337
9	62	168	8337	8339
9	62	169	8339	8341
9	62	170	8341	8343
9	62	171	8343	8345
9	62	172	8346	8347
9	62	173	8348	8350
9	45	174	8350	8352
9	45	175	8353	8355
9	45	176	8356	8367
9	45	177	8368	8373
9	30	178	8376	8382
9	30	179	8384	8386
9	30	180	8386	8391
9	30	181	8391	8393
9	30	182	8392	8393
9	30	183	8396	8402
9	29	184	8403	8404
9	29	185	8404	8405
9	29	186	8405	8407
9	29	187	8408	8410
9	29	188	8409	8410
9	29	189	8410	8412
9	29	190	8413	8414
9	48	191	8415	8417
9	48	192	8417	8419
9	48	193	8420	8421
9	48	194	8422	8424
9	48	195	8425	8427
9	48	196	8427	8429
9	14	197	8432	8434
9	14	198	8435	8439
9	14	199	8440	8448
9	14	200	8451	8454
9	14	201	8454	8455
9	14	202	8457	8459
9	14	203	8459	8460
9	14	204	8461	8462
9	14	205	8463	8464
9	14	206	8465	8466
9	14	207	8467	8468
9	14	208	8467	8468
9	55	209	8468	8470
9	55	210	8470	8472
9	55	211	8472	8476
9	55	212	8477	8484
9	55	213	8484	8486
9	55	214	8486	8488
9	55	215	8489	8494
9	55	216	8494	8496
9	55	217	8497	8499
9	2	218	8500	8502
9	2	219	8503	8513
9	2	220	8514	8520
9	2	221	8522	8532
9	55	222	8532	8533
9	55	223	8533	8534
9	55	224	8535	8537
9	55	225	8538	8540
9	55	226	8540	8543
9	55	227	8544	8545
9	63	228	8545	8547
9	63	229	8547	8548
9	63	230	8548	8550
9	63	231	8550	8552
9	63	232	8554	8558
9	63	233	8558	8560
9	63	234	8559	8561
9	24	235	8561	8565
9	24	236	8566	8570
9	24	237	8571	8576
9	24	238	8577	8579
9	24	239	8581	8582
9	8	240	8585	8587
9	8	241	8589	8591
9	8	242	8592	8594
9	8	243	8594	8595
9	8	244	8596	8598
9	11	245	8600	8607
9	11	246	8608	8610
9	11	247	8610	8619
9	11	248	8619	8621
9	2	256	8650	8653
9	2	257	8654	8656
9	2	258	8657	8658
9	2	259	8659	8663
9	2	260	8664	8669
9	2	261	8671	8679
9	14	262	8681	8682
9	14	263	8682	8683
9	14	264	8684	8685
9	14	265	8686	8688
9	14	266	8691	8692
9	14	267	8693	8695
9	14	268	8696	8697
9	14	269	8696	8697
9	8	270	8698	8706
9	8	271	8706	8714
9	11	272	8715	8718
9	11	273	8718	8719
9	11	274	8720	8722
9	11	275	8723	8725
9	11	276	8726	8727
