0	0	1	0	38191
0	0	2	38268	59966
0	0	3	61709	63664
0	0	4	63912	74436
0	0	5	75807	75948
0	0	6	76737	77893
0	0	7	80475	98161
0	1	8	98669	122423
0	1	9	122701	127751
0	1	10	128251	153574
0	1	11	153861	181856
0	1	12	182237	184390
0	1	13	184747	213370
0	0	14	213595	242233
0	0	15	242656	271247
0	0	16	272909	298357
0	0	17	298703	300773
0	0	18	300927	302040
0	0	19	302445	328674
0	2	20	329015	329016
0	2	21	330981	357834
0	2	22	357985	384534
0	2	23	384660	386277
0	2	24	386632	394121
0	2	25	394602	415600
0	2	26	415720	446411
0	3	27	446655	474130
0	3	28	474159	513392
0	3	29	513619	530318
0	3	30	530387	563836
0	4	31	563996	564971
0	4	32	567180	595381
0	4	33	595485	622515
0	4	34	622798	649294
0	4	35	649569	651117
0	4	36	651271	679363
0	5	37	679430	713068
0	5	38	713150	743537
0	5	39	744539	745292
0	5	40	745387	754880
0	5	41	755141	777120
0	5	42	777183	787863
0	6	43	787929	788468
0	6	44	788581	820191
0	6	45	820885	852897
0	6	46	853293	854663
0	6	47	854886	891798
0	7	48	892796	927309
0	7	49	927385	934936
0	7	50	934990	960843
0	7	51	960853	968347
0	7	52	968760	986144
0	7	53	986208	994966
0	8	54	995921	995957
0	8	55	997958	1031671
0	8	56	1033520	1066821
0	8	57	1067451	1103878
0	8	58	1104867	1105400
0	8	59	1105762	1107517
0	9	60	1107807	1107844
0	9	61	1109403	1138280
0	9	62	1138736	1141245
0	9	63	1141586	1220073
0	10	70	1344664	1415048
0	10	71	1415257	1416952
0	10	72	1417275	1463481
0	11	73	1463540	1463541
0	11	74	1465131	1501308
0	11	75	1501513	1581746
0	12	76	1582033	1612583
0	12	77	1612969	1691814
0	12	78	1692274	1694694
0	3	79	1694884	1723948
0	3	80	1724199	1728600
0	3	81	1728604	1753857
0	3	82	1753905	1780295
0	3	83	1780333	1810493
0	13	84	1810762	1810798
0	13	85	1814766	1841952
0	13	86	1842032	1873681
0	13	87	1873835	1902376
0	13	88	1902924	1930929
0	14	89	1930928	1930929
0	14	90	1933537	1961246
0	14	91	1962752	1973437
0	14	92	1973991	1991492
0	14	93	1991807	2034866
0	12	94	2035249	2035285
0	12	95	2037633	2042607
0	12	96	2043006	2066577
0	12	97	2067097	2100347
0	12	98	2100840	2133759
0	12	99	2134146	2142910
0	12	100	2143378	2145159
0	15	101	2145629	2171565
0	15	102	2171781	2199745
0	15	103	2199888	2214476
0	15	104	2214815	2223215
0	15	105	2223685	2228985
0	15	106	2229066	2245440
0	15	107	2245759	2247799
0	5	108	2248048	2249932
0	5	109	2250089	2262107
0	5	110	2262347	2276031
0	5	111	2276207	2297819
0	5	112	2298311	2306179
0	5	113	2306357	2331528
0	5	114	2331775	2342178
0	13	115	2342260	2384490
0	13	116	2384591	2399540
0	13	117	2399595	2430227
0	13	118	2430300	2441201
0	13	119	2441232	2444701
0	13	120	2444989	2446366
0	16	121	2446957	2474241
0	16	122	2474262	2487213
0	16	123	2487468	2502320
0	16	124	2502385	2530495
0	16	125	2530557	2533074
0	16	126	2533137	2534176
0	16	127	2534259	2534265
0	16	128	2536011	2551620
0	17	129	2551660	2551678
0	17	130	2553583	2581863
0	17	131	2582552	2608374
0	17	132	2608620	2629857
0	17	133	2630167	2630219
0	17	134	2630663	2641385
0	17	135	2641628	2674080
0	18	136	2675884	2704830
0	18	137	2704849	2705041
0	18	138	2707991	2734665
0	18	139	2734943	2748305
0	18	140	2748619	2752596
0	18	141	2752704	2774757
0	18	142	2775790	2777090
0	3	143	2777286	2802059
0	3	144	2802195	2815674
0	3	145	2816218	2840428
0	3	146	2840516	2893303
0	19	147	2893833	2907742
0	19	148	2907773	2932292
0	19	149	2932354	2946285
0	19	150	2946335	2958447
0	19	151	2958500	2971508
0	19	152	2972025	2972026
0	19	153	2975400	2999466
0	20	154	2999531	2999532
0	20	155	3003766	3045263
0	20	156	3047823	3060496
0	20	157	3060633	3086808
0	20	158	3087024	3099988
0	20	159	3101877	3114560
0	20	160	3115010	3115144
0	20	161	3117686	3119481
0	18	162	3119568	3131514
0	18	163	3131908	3170051
0	18	164	3170248	3193082
0	18	165	3193282	3217230
0	18	166	3217409	3230919
0	18	167	3232614	3234547
0	18	168	3234963	3236580
0	21	169	3236977	3236978
0	21	170	3237828	3251134
0	21	171	3251456	3263984
0	21	172	3264294	3286396
0	21	173	3286988	3292778
0	21	174	3292934	3318998
0	21	175	3320128	3338682
0	15	176	3338781	3354976
0	15	177	3355303	3367686
0	15	178	3367907	3393097
0	15	179	3393192	3396528
0	15	180	3396959	3406577
0	15	181	3406747	3419375
0	15	182	3419484	3419485
0	15	183	3421165	3446380
0	13	184	3447036	3482899
0	13	185	3482972	3506822
0	13	186	3506909	3518967
0	13	187	3521991	3533549
0	13	188	3535648	3545648
0	13	189	3546001	3560341
0	19	190	3560675	3565809
0	19	191	3565877	3575822
0	19	192	3575908	3599967
0	19	193	3599988	3619348
0	19	194	3619379	3626681
0	19	195	3626725	3675068
0	13	196	3675103	3701802
0	13	197	3701932	3726840
0	13	198	3727023	3753737
0	13	199	3754109	3793610
0	19	200	3793859	3822480
0	19	201	3822505	3849848
0	19	202	3849894	3851370
0	19	203	3851415	3903921
0	22	204	3903979	3931936
0	22	205	3932038	3941863
0	22	206	3942012	3958529
0	22	207	3958602	3960888
0	22	208	3960960	3987622
0	22	209	3987698	4012835
0	22	210	4012923	4014335
0	23	211	4014389	4042695
0	23	212	4042984	4053910
0	23	213	4054170	4069068
0	23	214	4069411	4077189
0	23	215	4077903	4078189
0	23	216	4078510	4120503
0	23	217	4120676	4126717
0	0	218	4126796	4128304
0	0	219	4128610	4182811
0	0	220	4183084	4191172
0	0	221	4191563	4227036
0	22	222	4227418	4239640
0	22	223	4240122	4256318
0	22	224	4256626	4282232
0	22	225	4282873	4293948
0	22	226	4294262	4296176
0	22	227	4296606	4298303
0	22	228	4298826	4308151
0	24	229	4308221	4340271
0	24	230	4340795	4361758
0	24	231	4362137	4390962
0	24	232	4391315	4393595
0	24	233	4394263	4423385
0	4	234	4423973	4448658
0	4	235	4449676	4460305
0	4	236	4460589	4475117
0	4	237	4475328	4476546
0	4	238	4476720	4502502
0	4	239	4502783	4507526
0	4	240	4509530	4509775
0	4	241	4512717	4514925
0	25	242	4515073	4551870
0	25	243	4552189	4595536
0	22	244	4596143	4634261
0	22	245	4634683	4643035
0	22	246	4643418	4673765
0	22	247	4674060	4675569
0	22	248	4675767	4677157
0	22	249	4677598	4677669
0	22	250	4678048	4706045
0	26	251	4706252	4706871
0	26	252	4708397	4743399
0	26	253	4743419	4752317
0	26	254	4752378	4777449
0	26	255	4777496	4779026
0	26	256	4779093	4814054
0	26	257	4814070	4824171
0	27	266	4920169	4927961
0	27	267	4928178	4941436
0	27	268	4941771	4942405
0	27	269	4946652	4947436
0	27	270	4949226	4953922
0	27	271	4955981	4958331
0	27	272	4958690	5016542
0	27	273	5017022	5053126
0	3	274	5053400	5088706
0	3	275	5091732	5095014
0	3	276	5095249	5105149
0	3	277	5106850	5130533
0	3	278	5130776	5165902
0	3	279	5168005	5170733
0	28	280	5171611	5171612
0	28	281	5171646	5206671
0	28	282	5206707	5210224
0	28	283	5210253	5242994
0	28	284	5243078	5280319
0	28	285	5280540	5280596
0	28	286	5280894	5282156
0	29	287	5282583	5286994
0	29	288	5287230	5318175
0	29	289	5318534	5352481
0	29	290	5352947	5356661
0	29	291	5356887	5364538
0	29	292	5364902	5378361
0	29	293	5378790	5392290
0	30	294	5392666	5393033
0	30	295	5394545	5430187
0	30	296	5430234	5433464
0	30	297	5433739	5469077
0	30	298	5469120	5472957
1	31	4	5496382	5518470
1	31	5	5519032	5533285
1	31	6	5533342	5554170
1	31	7	5554429	5574541
1	31	8	5574665	5580008
1	31	9	5581620	5596341
1	27	10	5596540	5623709
1	27	11	5623837	5650330
1	27	12	5650691	5655624
1	27	13	5655961	5700548
1	27	14	5700904	5707174
1	30	15	5707278	5707279
1	30	16	5708963	5735123
1	30	17	5735234	5763789
1	30	18	5763993	5765829
1	30	19	5766213	5792325
1	30	20	5792486	5817004
1	29	31	6041979	6098074
1	29	32	6098169	6106224
1	29	33	6106433	6120944
1	29	34	6121240	6130038
1	29	35	6130133	6152283
1	29	36	6152734	6157725
1	3	37	6157963	6157964
1	3	38	6159934	6193148
1	3	39	6193257	6207631
1	3	40	6207910	6227780
1	3	41	6227957	6231420
1	3	42	6232263	6270158
1	32	43	6270336	6303682
1	32	44	6303977	6315003
1	32	45	6315331	6336748
1	32	46	6337207	6361050
1	32	47	6361386	6369897
1	32	48	6369960	6371213
1	32	49	6371588	6372896
1	29	53	6479668	6488299
1	10	59	6602145	6639151
1	10	60	6640653	6718554
1	33	73	6953164	7031366
1	33	74	7031667	7052556
1	33	75	7052944	7079302
1	33	76	7079520	7079556
1	33	77	7081969	7117203
1	33	78	7117557	7197270
1	17	79	7197459	7214373
2	2	1	7214818	7233976
2	2	2	7234118	7252365
2	2	3	7252568	7270000
2	2	4	7270178	7288114
2	2	5	7288150	7298530
2	2	6	7298801	7326987
2	2	7	7327180	7352959
2	2	8	7353091	7356048
2	2	9	7356323	7363686
2	2	10	7364765	7381342
2	2	11	7381494	7407989
2	2	12	7408209	7416523
2	34	13	7416850	7444581
2	34	14	7444965	7446270
2	34	15	7446331	7473011
2	34	16	7473418	7484535
2	34	17	7485196	7501323
2	34	18	7501380	7521944
2	34	19	7522376	7529512
2	34	20	7530042	7559083
2	34	21	7559185	7586578
2	34	22	7586640	7598671
2	34	23	7598907	7598913
2	34	24	7600851	7617617
2	34	25	7617684	7646967
2	34	26	7647064	7674682
2	34	27	7674768	7700999
2	34	28	7701171	7702670
2	34	29	7703258	7729954
2	34	30	7730063	7759369
2	35	31	7759504	7789292
2	35	32	7789566	7843748
2	35	33	7844028	7845692
2	35	34	7846269	7847756
2	35	35	7848275	7875562
2	36	36	7875644	7887415
2	36	37	7887606	7912243
2	36	38	7912430	7947000
2	36	39	7947233	7948518
2	36	40	7948792	7960376
2	36	41	7960724	7985205
2	8	42	7985299	7985300
2	8	43	7987797	8021176
2	8	44	8023285	8055594
2	8	45	8056487	8102360
2	5	46	8102746	8110297
2	5	47	8110507	8137369
2	5	48	8137486	8181577
2	5	49	8181767	8205157
2	5	50	8205344	8207935
2	10	51	8208016	8242265
2	10	52	8242441	8242527
2	10	53	8246993	8280017
2	10	54	8280325	8316373
2	5	55	8316419	8324013
2	5	56	8324221	8352076
2	5	57	8352277	8373146
2	5	58	8374993	8430340
2	5	59	8430542	8431883
2	2	60	8431988	8516588
2	2	61	8517041	8525749
2	2	62	8526341	8554242
2	14	63	8554425	8554426
2	30	64	8554898	8555102
2	30	65	8558191	8588547
2	30	66	8588919	8623678
2	30	67	8623767	8649800
2	30	68	8650196	8675690
2	2	69	8676031	8681095
2	2	70	8681094	8681340
2	2	71	8681835	8714814
2	2	72	8715146	8781518
2	2	73	8781798	8801430
2	2	74	8801652	8829310
2	2	75	8829364	8856373
2	2	76	8856468	8872861
2	2	77	8873224	8878956
2	2	78	8879201	8893086
2	2	79	8893467	8914659
2	2	80	8914697	8914924
2	2	81	8915287	8917962
2	19	82	8918113	8948709
2	19	83	8948818	8954620
2	19	84	8954869	8978170
2	19	85	8978223	9005528
2	19	86	9005604	9032726
2	37	87	9034245	9062259
2	37	88	9062723	9076001
2	37	89	9076244	9092854
2	37	90	9093116	9120731
2	37	91	9121017	9125857
2	37	92	9126181	9152963
2	31	93	9153051	9182599
2	31	94	9182908	9195542
2	5	95	9195808	9223496
2	5	96	9223738	9240160
2	5	97	9240302	9240395
2	5	98	9240636	9242114
2	28	99	9242234	9269541
2	28	100	9269575	9296254
2	28	101	9296293	9322886
2	27	102	9322931	9329704
2	27	103	9331287	9356005
2	27	104	9356283	9404029
2	27	105	9404337	9417766
2	27	106	9417978	9446564
2	19	107	9446890	9488657
2	19	108	9488872	9503653
2	19	109	9503714	9532674
2	19	110	9532715	9534006
2	19	111	9534051	9562114
2	8	112	9562157	9593491
2	8	113	9593563	9609171
2	8	114	9609349	9653411
2	8	115	9653647	9678482
2	8	116	9679099	9685606
2	8	117	9685798	9717766
2	8	118	9718381	9724508
2	8	119	9725132	9750041
2	8	120	9750641	9763125
2	8	121	9763653	9775576
2	8	122	9777233	9789971
2	8	123	9791567	9807465
2	38	124	9807692	9847888
2	38	125	9848069	9871945
2	38	126	9872149	9908471
2	38	127	9908706	9922419
2	38	128	9922504	9925508
2	39	129	9925745	9969053
2	39	130	9969159	9993340
2	39	131	9993535	10008234
2	39	132	10008501	10019250
2	39	133	10019310	10032217
2	40	134	10032654	10033238
2	40	135	10035716	10060710
2	40	136	10060987	10073328
2	40	137	10073489	10086535
2	40	138	10086576	10098978
2	40	139	10099123	10111286
2	40	140	10111341	10123607
2	40	141	10123665	10135553
2	40	142	10135620	10137089
2	41	143	10137138	10150219
2	41	144	10150323	10162599
2	41	145	10162950	10175777
2	41	146	10175994	10187651
2	41	147	10187936	10200158
2	41	148	10200476	10213021
2	41	149	10213280	10226497
2	41	150	10226715	10227809
2	41	151	10228132	10241124
2	17	152	10241659	10252287
2	17	153	10256520	10259397
2	39	154	10260160	10284707
2	39	155	10285085	10285086
2	39	156	10287046	10312376
2	39	157	10317649	10317650
2	39	158	10319297	10331622
2	39	159	10331930	10345029
2	39	160	10345488	10358315
2	5	165	10484958	10484959
2	5	166	10487020	10522675
2	5	167	10522742	10534832
2	5	168	10534878	10546323
2	5	169	10546378	10558497
2	5	170	10558545	10570533
2	5	171	10570568	10582019
2	5	172	10582099	10597658
2	42	181	10720967	10749785
2	42	182	10750044	10755001
2	42	183	10755387	10778135
2	42	184	10778392	10806782
2	42	185	10807099	10824078
2	22	186	10824304	10853041
2	22	187	10853310	10881540
2	22	188	10881780	10889758
2	22	189	10890048	10918895
2	22	190	10918959	10931378
2	43	204	11159549	11205164
2	43	205	11205616	11218091
2	43	206	11218361	11270311
2	43	207	11270499	11271993
3	38	1	11495179	11495180
3	38	2	11495320	11528028
3	38	3	11528136	11549024
3	38	4	11549135	11568608
3	38	5	11568667	11572505
3	38	6	11572544	11575365
3	38	7	11575844	11586694
3	26	8	11586979	11614772
3	26	9	11614835	11628283
3	26	10	11628459	11648870
3	26	11	11649048	11671103
3	26	12	11671218	11696930
3	36	13	11696983	11702440
3	36	14	11702613	11725439
3	36	15	11725473	11751906
3	36	16	11751905	11778076
3	36	17	11778091	11795899
3	36	18	11795999	11805951
3	37	19	11806218	11822190
3	37	20	11822765	11837212
3	37	21	11837344	11861637
3	37	22	11861777	11867392
3	37	23	11867683	11920763
3	37	24	11920963	11961145
3	37	25	11961475	11977693
3	37	26	11978106	12030921
3	36	27	12031110	12037352
3	36	28	12037513	12061385
3	36	29	12061523	12088204
3	36	30	12088511	12118788
3	36	31	12119015	12120281
3	36	32	12120778	12150685
3	10	33	12150712	12150713
3	10	34	12151143	12184269
3	10	35	12184395	12185924
3	10	36	12186554	12222796
3	10	37	12223107	12223329
3	39	38	12223525	12259048
3	39	39	12259303	12292553
3	39	40	12292893	12294276
3	39	41	12294698	12329611
3	39	42	12329959	12331493
3	44	43	12331705	12432862
3	44	44	12433044	12434849
3	36	45	12435112	12442841
3	36	46	12443043	12470778
3	36	47	12470942	12507310
3	36	48	12507387	12548576
3	45	49	12548765	12622501
3	45	50	12622992	12679264
3	38	51	12679477	12714966
3	38	52	12715258	12743858
3	38	53	12744065	12745860
3	38	54	12746217	12799670
3	29	55	12799849	12878222
3	29	56	12879831	12881801
3	29	57	12882429	12920919
3	38	58	12921234	12994459
3	38	59	12994742	13038447
3	38	60	13038742	13038829
3	38	61	13039095	13046511
3	30	62	13047087	13082988
3	30	63	13083741	13112646
3	30	64	13112726	13150886
3	30	65	13151167	13160939
3	30	66	13161384	13161385
3	45	67	13161413	13161414
3	45	68	13163381	13168299
3	45	69	13168465	13192776
3	45	70	13193103	13220627
3	45	71	13220972	13250911
3	45	72	13251286	13252901
3	45	73	13253345	13280997
3	11	74	13281115	13281116
3	11	75	13285480	13289891
3	11	76	13290640	13314312
3	11	77	13314606	13326932
3	11	78	13327657	13354872
3	11	79	13364843	13365078
3	11	80	13366270	13383302
3	11	81	13383794	13384089
3	11	82	13384519	13386828
3	26	83	13387241	13414929
3	26	84	13415031	13427854
3	26	85	13427995	13442115
3	26	86	13442218	13469279
3	26	87	13469396	13498130
3	26	88	13498313	13499787
3	29	89	13499930	13506319
3	29	90	13506610	13530497
3	29	91	13530859	13566589
3	29	92	13566765	13589425
3	29	93	13589960	13607421
3	37	94	13609562	13637148
3	37	95	13638266	13652279
3	37	96	13652522	13666555
3	37	97	13666819	13693773
3	37	98	13694019	13722146
3	30	99	13722359	13751369
3	30	100	13751427	13778665
3	30	101	13778733	13810334
3	30	102	13810702	13840142
3	44	103	13840212	13862469
3	44	104	13862608	13900029
3	44	105	13900365	13946632
3	44	106	13947043	13950294
3	37	107	13950380	13992178
3	37	108	13992485	14007270
3	37	109	14007560	14009414
3	37	110	14009673	14037001
3	37	111	14037111	14064870
3	44	112	14065142	14109675
3	44	113	14109921	14148915
3	44	114	14149112	14174268
3	2	115	14174360	14188913
3	2	116	14189239	14215055
3	2	117	14215249	14239484
3	2	118	14239777	14244479
3	2	119	14244702	14249463
3	2	120	14251434	14255560
3	2	121	14255744	14262826
3	2	122	14265612	14276411
3	2	123	14276457	14276693
3	2	124	14276852	14279859
3	41	125	14280105	14305111
3	41	126	14305355	14306851
3	20	127	14308064	14308065
3	20	128	14309768	14330095
3	20	129	14331825	14333058
3	20	130	14335535	14357779
3	20	131	14358333	14370698
3	20	132	14372953	14386429
3	20	133	14386598	14439024
3	44	134	14439460	14452542
3	44	135	14452657	14464880
3	44	136	14464963	14491405
3	44	137	14491584	14505140
3	44	138	14505440	14523378
3	44	139	14523539	14541152
3	19	140	14541248	14577542
3	19	141	14577600	14602155
3	19	142	14602231	14613518
3	19	143	14617719	14628995
3	19	144	14630461	14632555
3	19	145	14632631	14649294
3	19	146	14651313	14654672
3	29	147	14655071	14665105
3	29	148	14667887	14670828
3	29	149	14673976	14698550
3	29	150	14698865	14723210
3	29	151	14730178	14742272
3	29	152	14742508	14755698
3	29	153	14756100	14768829
3	35	154	14769174	14809308
3	35	155	14809573	14846072
3	35	156	14846335	14857751
3	35	157	14858497	14908909
3	41	158	14909073	14909088
3	41	159	14911672	14937390
3	41	160	14939219	14950884
3	41	161	14951286	14963104
3	41	162	14963513	14976302
3	41	163	14976506	14988745
3	41	164	14988941	15001295
3	41	165	15001496	15002685
3	41	166	15005239	15005554
3	41	167	15008952	15022538
3	38	168	15023061	15023062
3	38	169	15025324	15037599
3	38	170	15037674	15098479
3	38	171	15098571	15123912
3	38	172	15124192	15135445
3	38	173	15135859	15140069
3	35	174	15140659	15167865
3	35	175	15168042	15193190
3	35	176	15193466	15220665
3	35	177	15221066	15228706
3	35	178	15230619	15257882
3	45	179	15258054	15262714
3	45	180	15264774	15321214
3	45	181	15321620	15347896
3	45	182	15348322	15348459
3	45	183	15348978	15377476
3	21	184	15377888	15406668
3	21	185	15406827	15432580
3	21	186	15434500	15461941
3	21	187	15462175	15492069
3	21	188	15492286	15494080
3	35	189	15494126	15574743
3	35	190	15575135	15581933
3	35	191	15582161	15592685
3	35	192	15592945	15613464
3	16	193	15613626	15638851
3	16	194	15638936	15662026
3	16	195	15662072	15690443
3	16	196	15690492	15708338
3	35	197	15708345	15735642
3	35	198	15735831	15761937
3	35	199	15762309	15780460
3	35	200	15780632	15790753
3	35	201	15791075	15798906
3	35	202	15799036	15819565
3	19	203	15819628	15845597
3	19	204	15845856	15847178
3	19	205	15847476	15857580
3	19	206	15859080	15875289
3	19	207	15875729	15918699
3	19	208	15918803	15946396
3	30	209	15946770	15973751
3	30	210	15974125	15998295
3	30	211	15998396	15998397
3	30	212	15998699	16023519
3	30	213	16023677	16025155
3	30	214	16025243	16053833
3	36	215	16053929	16059452
3	36	216	16059571	16062560
3	36	217	16065027	16094126
3	36	218	16094238	16128659
3	36	219	16128844	16139561
3	40	220	16139667	16143304
3	40	221	16143486	16180479
3	40	222	16180517	16219737
3	40	223	16219846	16255151
3	17	224	16255332	16277461
3	17	225	16279366	16294369
3	17	226	16295988	16304953
3	17	227	16307923	16336439
3	17	228	16347524	16360013
3	17	229	16361858	16376061
3	32	230	16376505	16390712
3	32	231	16390711	16393552
3	32	232	16395613	16397739
3	32	233	16400083	16400090
3	32	234	16403443	16410667
3	32	235	16411028	16437008
3	32	236	16437662	16438868
3	32	237	16438924	16478358
3	23	238	16478514	16547838
3	23	239	16548096	16550223
3	23	240	16550439	16571560
3	37	245	16641804	16677694
3	37	246	16677912	16712838
3	37	247	16713271	16740651
3	37	248	16741132	16752526
3	37	249	16752798	16755149
3	37	250	16757233	16761144
3	35	251	16761457	16837366
3	35	252	16837633	16848497
3	35	253	16848844	16878275
3	19	254	16878410	16914333
3	19	255	16914377	16918017
3	19	256	16918046	16950409
3	19	257	16950474	16988265
3	17	258	16988311	16992947
3	17	259	16995636	17026612
3	17	260	17026921	17060807
3	17	261	17061077	17064770
3	17	262	17065040	17072781
3	17	263	17073079	17088307
3	17	264	17088705	17102226
3	41	265	17102347	17111259
3	41	266	17112833	17124186
3	41	267	17124582	17142917
3	41	268	17142934	17179030
3	41	269	17179062	17183264
3	41	270	17183342	17190773
4	0	1	17190857	17219522
4	0	2	17219703	17245286
4	0	3	17245397	17274371
4	0	4	17274419	17275990
4	0	5	17276214	17305010
4	7	6	17305525	17320731
4	7	7	17321066	17336333
4	7	8	17336425	17362775
4	7	9	17362945	17370479
4	7	10	17370548	17391828
4	7	11	17391872	17403862
4	7	12	17403946	17407359
4	7	13	17409505	17411696
4	46	14	17412060	17445349
4	46	15	17445420	17458990
4	46	16	17459243	17476722
4	46	17	17476851	17509040
4	46	18	17509164	17512859
4	46	19	17514815	17517788
4	10	20	17518426	17518427
4	10	21	17521537	17554543
4	10	22	17554711	17554712
4	15	48	17943168	17954973
4	15	49	17956266	18011721
4	15	50	18012233	18026517
4	15	51	18026982	18028384
4	15	52	18028476	18054315
4	3	53	18054524	18082083
4	3	54	18082413	18093535
4	3	55	18096874	18112730
4	3	56	18113092	18138484
4	3	57	18138658	18164100
4	3	58	18164358	18166911
4	10	59	18167213	18167283
4	10	60	18168894	18195471
4	10	61	18195712	18246014
4	10	62	18246087	18247807
4	10	63	18248040	18278617
4	10	64	18280152	18283377
4	20	65	18283470	18337407
4	20	66	18337503	18339739
4	20	67	18339827	18365324
4	20	68	18365452	18406459
4	21	69	18406841	18433125
4	21	70	18433264	18456663
4	21	71	18460976	18487680
4	21	72	18488004	18494778
4	21	73	18495319	18513995
4	27	74	18514092	18516951
4	27	75	18517181	18542945
4	27	76	18543058	18549565
4	27	77	18549784	18581166
4	27	78	18581447	18630273
4	27	79	18630445	18660915
4	27	80	18661203	18714944
4	27	81	18715010	18745007
4	13	82	18745214	18751439
4	13	83	18751674	18785157
4	13	84	18785183	18799419
4	13	85	18799564	18828039
4	13	86	18828439	18866730
4	46	87	18866999	18904210
4	46	88	18904295	18938825
4	46	89	18938983	18977555
4	27	90	18977698	18982008
4	27	91	18982450	19019667
4	27	92	19019923	19059439
4	27	93	19059463	19097467
4	44	94	19097748	19119557
4	44	95	19120000	19134913
4	44	96	19134948	19144007
4	44	97	19144268	19172506
4	44	98	19172773	19210658
4	44	99	19211138	19212476
4	47	100	19212547	19249460
4	47	101	19249503	19258312
4	47	102	19258458	19284976
4	47	103	19285069	19286437
4	47	104	19286856	19323746
4	27	105	19323981	19365188
4	27	106	19365262	19398368
4	27	107	19398583	19400851
4	27	108	19401057	19436781
4	27	109	19437025	19438581
4	33	116	19553809	19561165
4	3	119	19573622	19577007
4	3	120	19577156	19590457
4	3	121	19590707	19647000
4	3	122	19647071	19650581
4	3	123	19650848	19658144
4	3	124	19658407	19675790
4	3	125	19676049	19683157
5	47	1	19683447	19705922
5	47	2	19706213	19720595
5	47	3	19720602	19741212
5	47	4	19741409	19761817
5	47	5	19761876	19762399
5	47	6	19762710	19765447
5	47	7	19765469	19767750
5	47	8	19768418	19769743
5	47	9	19771496	19771558
5	47	10	19772017	19782410
5	3	11	19782658	19808889
5	3	12	19809051	19835100
5	3	13	19835168	19847113
5	3	14	19847237	19861146
5	3	15	19861220	19891673
5	3	16	19891694	19894264
5	3	17	19894340	19921756
5	3	18	19922044	19948146
5	3	19	19948212	19960342
5	3	20	19960395	19975642
5	3	21	19975800	19993524
5	6	22	19993877	20020282
5	6	23	20020530	20045918
5	6	24	20046008	20046009
5	6	25	20046080	20072224
5	6	26	20072270	20073785
5	6	27	20074078	20104398
5	31	28	20104794	20144829
5	31	29	20145299	20161728
5	31	30	20162213	20217043
5	6	31	20217278	20217279
5	6	32	20217898	20248167
5	6	33	20248171	20274998
5	6	34	20275064	20300890
5	6	35	20301083	20302559
5	6	36	20302690	20330864
5	45	37	20331016	20333484
5	45	38	20337819	20373975
5	29	39	20375386	20375451
5	29	40	20378594	20378621
5	29	41	20381542	20397917
5	29	42	20398138	20398139
5	29	43	20398756	20417410
5	29	44	20417429	20428430
5	29	45	20429074	20451782
5	29	46	20451815	20471182
5	29	47	20471543	20486337
5	48	48	20487098	20520850
5	48	49	20522359	20533640
5	48	50	20534122	20555447
5	48	51	20556030	20569538
5	48	52	20569908	20580815
5	48	53	20581289	20590474
5	23	54	20591711	20599483
5	23	55	20599606	20599774
5	23	56	20599865	20625674
5	23	57	20625775	20659368
5	23	58	20659564	20661190
5	23	59	20661514	20666072
5	23	60	20668036	20671377
5	23	61	20671529	20696244
5	23	62	20698608	20706664
5	2	63	20707213	20780511
5	2	64	20780911	20801636
5	2	65	20808106	20838013
5	45	66	20838017	20838018
5	45	67	20839766	20905183
5	45	68	20905656	20957731
5	45	69	20958145	20958305
5	45	70	20958536	20959931
5	46	71	20960158	20992078
5	46	72	20993450	21079297
5	12	73	21079570	21114245
5	12	74	21115966	21118371
5	12	75	21118558	21153133
5	12	76	21153420	21189592
5	12	77	21190040	21193554
5	12	78	21193916	21195207
5	4	79	21195487	21229386
5	4	80	21229470	21299638
5	4	81	21299920	21309432
5	49	82	21310000	21310001
5	49	83	21311584	21328251
5	49	84	21330020	21341411
5	49	85	21341664	21367994
5	49	86	21368214	21369581
5	49	87	21369744	21395985
5	49	88	21396375	21409068
5	38	89	21409779	21409780
5	38	90	21412662	21416965
5	38	91	21417173	21440104
5	38	92	21440353	21442102
5	38	93	21442172	21493322
5	3	94	21493374	21508672
5	3	95	21508801	21562424
5	3	96	21562501	21590663
5	3	97	21590942	21592261
5	10	98	21592385	21600225
5	10	99	21602105	21624600
5	10	100	21624706	21650339
5	10	101	21650531	21652161
5	10	102	21652428	21708319
5	14	103	21708743	21708744
5	14	104	21710359	21737019
5	14	105	21737085	21737096
5	14	106	21737773	21760677
5	14	107	21763247	21797240
5	14	108	21797365	21830398
5	49	109	21830738	21830739
5	49	110	21832526	21834405
5	49	111	21834664	21846800
5	49	112	21847071	21860828
5	49	113	21861070	21882658
5	49	114	21882807	21890160
5	49	115	21890385	21915651
5	49	116	21915934	21926260
5	49	117	21926691	21926692
5	49	118	21929298	21955721
5	49	119	21956105	21967663
5	49	120	21967941	21983752
5	49	121	21984048	21990639
5	49	122	21991045	22013503
5	49	123	22013685	22015099
5	49	124	22015367	22023689
5	5	125	22026341	22031369
5	5	126	22031654	22053989
5	5	127	22054205	22079323
5	5	128	22081537	22092441
5	5	129	22106133	22121808
5	5	130	22124706	22144799
5	39	131	22144911	22186580
5	39	132	22186927	22201653
5	39	133	22201860	22203562
5	39	134	22203732	22230676
5	39	135	22230755	22257561
5	48	141	22371161	22384937
5	48	142	22387172	22404239
5	48	143	22404498	22432048
5	48	144	22432322	22470349
5	48	145	22470700	22479576
5	48	146	22479973	22485997
5	48	147	22486289	22510640
5	48	148	22510931	22525353
5	48	149	22528039	22552720
5	48	150	22552774	22569211
5	48	151	22569655	22598129
5	4	152	22598278	22611218
5	4	153	22613753	22650721
5	4	154	22650772	22662609
5	4	155	22662740	22696310
5	4	156	22696655	22699223
5	4	157	22699229	22711437
5	41	185	23060654	23064068
5	41	186	23064458	23098067
5	41	187	23098225	23098982
5	41	188	23099247	23135616
5	41	189	23135731	23159749
5	41	190	23160248	23173275
5	24	191	23173491	23212012
5	24	192	23212369	23224520
5	24	193	23224688	23236513
5	24	194	23236585	23248253
5	24	195	23248421	23288985
5	24	196	23290128	23291597
5	24	197	23309726	23310082
5	24	198	23314918	23315088
5	24	199	23317466	23320989
5	24	200	23324727	23324886
5	24	201	23327085	23330980
5	22	202	23332116	23333518
5	22	203	23333793	23369777
5	22	204	23369985	23396560
5	22	205	23396879	23422420
5	22	206	23422487	23444225
5	35	214	23539061	23540610
5	35	215	23540821	23555294
5	35	216	23555547	23555797
5	19	217	23556292	23580618
5	19	218	23582175	23608499
5	19	219	23608801	23631819
5	19	220	23632113	23634554
5	19	221	23635103	23648541
5	40	235	23838011	23838012
5	40	236	23839690	23864326
5	40	237	23864462	23897813
5	40	238	23898256	23945471
6	45	1	24168627	24187286
6	45	2	24187389	24205430
6	45	3	24205712	24208075
6	45	4	24208487	24218237
6	45	5	24218629	24237428
6	50	6	24237597	24253508
6	50	7	24254172	24268546
6	50	8	24268581	24294902
6	50	9	24294917	24299252
6	50	10	24299427	24349049
6	45	11	24349410	24377194
6	45	12	24377335	24405521
6	45	13	24405598	24407714
6	45	14	24408266	24435800
6	45	15	24435936	24439393
6	45	16	24441357	24443688
6	45	17	24444618	24445975
6	51	18	24446212	24475249
6	51	19	24475666	24504128
6	51	20	24504480	24506387
6	51	21	24506756	24534341
6	51	22	24534669	24556517
6	51	23	24556855	24564175
6	29	24	24564415	24564475
6	29	25	24567422	24588538
6	29	26	24589162	24644336
6	29	27	24644641	24688941
6	31	28	24689065	24745279
6	31	29	24745724	24747181
6	31	30	24747442	24753208
6	31	31	24753584	24789418
6	31	32	24789751	24804504
6	35	33	24804538	24806366
6	35	34	24807687	24844331
6	35	35	24844570	24879084
6	35	36	24879236	24880569
6	35	37	24881058	24926956
6	35	38	24926984	24998917
6	35	39	24999187	25000580
6	35	40	25000873	25002303
6	35	41	25002654	25049174
6	3	42	25049442	25082294
6	3	43	25082317	25123369
6	3	44	25123511	25138700
6	3	45	25138734	25151038
6	3	46	25151750	25161027
6	29	47	25161098	25194488
6	29	48	25195069	25202175
6	29	49	25203501	25230769
6	29	50	25230925	25234692
6	29	51	25234817	25254688
6	29	52	25255716	25259400
6	29	53	25259853	25268122
6	31	54	25268357	25306856
6	31	55	25307056	25340249
6	31	56	25340759	25342528
6	31	57	25342778	25355253
6	31	58	25355537	25388500
6	49	59	25389013	25426672
6	49	60	25426805	25476826
6	49	61	25476962	25505477
6	49	62	25509245	25512415
6	31	63	25513180	25547103
6	31	64	25547345	25582967
6	31	65	25583255	25625814
6	31	66	25626056	25633108
6	35	67	25633468	25703157
6	35	68	25703641	25754659
6	51	69	25754896	25814820
6	51	70	25815184	25816672
6	51	71	25817134	25818415
6	51	72	25818862	25870834
6	51	73	25871101	25905989
6	51	74	25906146	25931372
6	51	75	25934079	25935301
6	51	76	25938610	25939848
6	51	77	25940142	25970426
6	51	78	25970653	25970654
6	51	79	25970820	26000091
6	51	80	26000588	26058755
6	8	81	26058938	26089378
6	8	82	26090322	26118710
6	8	83	26119073	26145716
6	8	84	26145908	26175775
6	8	85	26176060	26176577
6	8	86	26176878	26178481
6	11	87	26178690	26184489
6	11	88	26184768	26209684
6	11	89	26210996	26238245
6	11	90	26240437	26245016
6	23	91	26245412	26271347
6	23	92	26271481	26293842
6	23	93	26294023	26331381
6	29	94	26331451	26331452
6	29	95	26333068	26366309
6	29	96	26366651	26388294
6	29	97	26388593	26396238
6	29	98	26396510	26403094
6	29	99	26403498	26425479
6	29	100	26425804	26427580
6	38	101	26427769	26486308
6	38	102	26486471	26488062
6	38	103	26488596	26515385
6	38	104	26515506	26541950
6	38	105	26542176	26570355
6	38	106	26570466	26623840
6	38	107	26624221	26649870
6	38	108	26650239	26651217
6	38	109	26653261	26655065
6	38	110	26655390	26656516
6	38	111	26656743	26657163
6	30	112	26657391	26713014
6	30	113	26713649	26746867
6	30	114	26747209	26774734
6	30	115	26775104	26779280
6	3	116	26779548	26779549
6	3	117	26782055	26810141
6	3	118	26810342	26835967
6	3	119	26836147	26857611
6	3	120	26857955	26857998
6	3	121	26858473	26869170
6	3	122	26869230	26901697
6	11	123	26902013	26902075
6	11	124	26903704	26932343
6	11	125	26933226	26933227
6	11	126	26935993	26962654
6	11	127	26962858	26975761
6	11	128	26976087	26980070
6	11	129	26980378	27002429
6	11	130	27002727	27002816
6	11	131	27003294	27004915
6	52	132	27005127	27018692
6	52	133	27019017	27043454
6	52	134	27043799	27065384
6	52	135	27065647	27085764
6	52	136	27085987	27102701
6	52	137	27104277	27109459
6	24	138	27109948	27124151
6	24	139	27124513	27161129
6	24	140	27161403	27173480
6	24	141	27174009	27207775
6	24	142	27208104	27210767
6	24	143	27211274	27223512
6	18	144	27223820	27223821
6	18	145	27228460	27268191
6	18	146	27268458	27281291
6	18	147	27281409	27307402
6	18	148	27307607	27320678
6	18	149	27321280	27336824
6	18	150	27337161	27339276
6	23	151	27339830	27353726
6	23	152	27353898	27366607
6	23	153	27366731	27379189
6	23	154	27379332	27379522
6	23	155	27379708	27403338
6	23	156	27403500	27415455
6	23	157	27415672	27423382
6	23	158	27423553	27432116
6	23	159	27432374	27432567
6	23	160	27433183	27435350
6	11	161	27435720	27464965
6	11	162	27465260	27477874
6	11	163	27478179	27504357
6	11	164	27504753	27529555
6	11	165	27529856	27555294
6	12	166	27555483	27555799
6	12	167	27557651	27572414
6	12	168	27572778	27584906
6	12	169	27585026	27598203
6	12	170	27600188	27613015
6	12	171	27613115	27647262
6	12	172	27648991	27651411
6	12	173	27652367	27662382
6	40	174	27662666	27700355
6	40	175	27700434	27714196
6	40	176	27714302	27725297
6	40	177	27725645	27737171
6	40	178	27737246	27761043
6	40	179	27761058	27774625
6	32	180	27774681	27787872
6	32	181	27788292	27800119
6	32	182	27800148	27812158
6	32	183	27812236	27824043
6	32	184	27824284	27836409
6	32	185	27836540	27849089
6	32	186	27849445	27875779
6	32	187	27877829	27881198
6	53	188	27881849	27894505
6	53	189	27896235	27940655
6	53	190	27940870	27952547
6	53	191	27953283	27967516
6	53	192	27967928	27969884
6	53	193	27970361	27997158
6	42	194	27997512	28025147
6	42	195	28025269	28048291
6	42	196	28048404	28050565
6	42	197	28050873	28076193
6	42	198	28076382	28101248
6	42	199	28101906	28102026
6	42	200	28102391	28103555
6	12	206	28210225	28222012
6	12	207	28222343	28239749
6	12	208	28240188	28249995
6	12	209	28250264	28267685
6	12	210	28268058	28276126
6	12	211	28276359	28299459
6	12	212	28299805	28301407
6	12	213	28301678	28312277
6	12	214	28312621	28314465
6	52	215	28314765	28344747
6	52	216	28345094	28371302
6	52	217	28371940	28380580
6	52	218	28380851	28415278
6	52	219	28416379	28417677
6	12	220	28417902	28428795
6	12	221	28429109	28445443
6	12	222	28446119	28470980
6	12	223	28471252	28479329
6	12	224	28479687	28507180
6	12	225	28507402	28507730
6	12	226	28508239	28509607
6	12	227	28509912	28511544
6	37	228	28511763	28539188
6	37	229	28539403	28541047
6	37	230	28541283	28566764
6	37	231	28566993	28568903
6	37	232	28569293	28595415
6	37	233	28595625	28599148
6	37	234	28599372	28600212
6	37	235	28602176	28602399
6	37	236	28604244	28617967
6	16	237	28618277	28662790
6	16	238	28662798	28689257
6	16	239	28689300	28707197
6	30	240	28707240	28745472
6	30	241	28745538	28780508
6	30	242	28780565	28782000
6	30	243	28782244	28787162
6	30	244	28787832	28818382
6	30	245	28819078	28824433
6	54	246	28825292	28869909
6	54	247	28870045	28909474
6	54	248	28909576	28927410
6	54	249	28930075	28948788
6	29	250	28949814	28963256
6	29	251	28963942	28986480
6	29	252	28986886	29022839
6	29	253	29023203	29033022
6	29	254	29037186	29065528
6	29	255	29066036	29067244
6	3	256	29067580	29105276
6	3	257	29105448	29114018
6	3	258	29114244	29140668
6	3	259	29140923	29142374
6	3	260	29142664	29179759
6	55	261	29180139	29215191
6	55	262	29215286	29251753
6	55	263	29251901	29255898
6	55	264	29256357	29271583
6	55	265	29271886	29291884
6	55	266	29292152	29294429
6	19	272	29406038	29420201
6	19	273	29420470	29481244
6	19	274	29481572	29515975
6	23	279	29639331	29708269
6	23	280	29708386	29709003
6	23	281	29709355	29745777
6	23	282	29748438	29748567
6	19	283	29748692	29748693
6	19	284	29751179	29758300
6	19	285	29760131	29784910
6	19	286	29784960	29789036
6	19	287	29789098	29825197
6	19	288	29825268	29828843
6	19	289	29828862	29836412
7	23	1	29836536	29840325
7	23	2	29840610	29872309
7	23	3	29872519	29893534
7	23	4	29893989	29895602
7	23	5	29895878	29897380
7	23	6	29897580	29924726
7	23	7	29925757	29939670
7	36	8	29940470	29956506
7	36	9	29956998	29997604
7	36	10	29997637	30001880
7	36	11	30002221	30051605
7	51	12	30051788	30080278
7	51	13	30080914	30109084
7	51	14	30109358	30137291
7	51	15	30137715	30138916
7	51	16	30139314	30166278
7	13	17	30166708	30166709
7	13	18	30168836	30196529
7	13	19	30196592	30196593
7	13	20	30196652	30207622
7	13	21	30207964	30224096
7	13	22	30224887	30229975
7	13	23	30230262	30254472
7	52	24	30255006	30280916
7	52	25	30281206	30309270
7	52	26	30309431	30310652
7	52	27	30311081	30314349
7	52	28	30314609	30339361
7	23	29	30339979	30346427
7	23	30	30346692	30392685
7	23	31	30392986	30413550
7	23	32	30413778	30440106
7	23	33	30440359	30455232
7	23	34	30457357	30460752
7	26	35	30460805	30494156
7	26	36	30494203	30501063
7	26	37	30501250	30527834
7	26	38	30527878	30553032
7	26	39	30553457	30561496
7	50	40	30561531	30568420
7	50	41	30568580	30629164
7	50	42	30629204	30663714
7	49	43	30663720	30672945
7	49	44	30673283	30700080
7	49	45	30701664	30745800
7	49	46	30746088	30769575
7	49	47	30769770	30770804
7	49	48	30772228	30773427
7	24	55	30847065	30919636
7	24	56	30920454	30923023
7	24	57	30923379	30949049
7	24	58	30949202	30962788
7	8	59	30962896	31005412
7	8	60	31005432	31034232
7	8	61	31034287	31077177
7	20	75	31441187	31441188
7	20	76	31442722	31471988
7	20	77	31472219	31473396
7	20	78	31473751	31502099
7	20	79	31502583	31559995
7	8	80	31560209	31560334
7	8	81	31562627	31615201
7	8	82	31615557	31640841
7	8	83	31641436	31645533
7	8	84	31645928	31669523
7	40	85	31669823	31675010
7	40	86	31676094	31701644
7	40	87	31702074	31733968
7	40	88	31734394	31763400
7	40	89	31763773	31782120
7	40	90	31782508	31784609
7	8	99	32020736	32020737
7	8	100	32021576	32083217
7	8	101	32083425	32116234
7	8	102	32116533	32133910
7	8	103	32134236	32141696
7	19	132	32682070	32721512
7	19	133	32721884	32746915
7	19	134	32747295	32801129
7	28	135	32801518	32829573
7	28	136	32829658	32842144
7	28	137	32842285	32854776
7	28	138	32854993	32883885
7	56	153	33104561	33122131
7	56	154	33123910	33149018
7	56	155	33149239	33161148
7	56	156	33161366	33173461
7	56	157	33173755	33185855
7	56	158	33186030	33213168
7	52	159	33213632	33254182
7	52	160	33254334	33290646
7	52	161	33290798	33302500
7	52	162	33302555	33339184
7	0	164	33377239	33384628
7	0	165	33385300	33413281
7	0	166	33413502	33425432
7	0	167	33425754	33449363
7	0	168	33449686	33486972
7	8	169	33487066	33496166
7	8	170	33496476	33521649
7	8	171	33521784	33525945
7	8	172	33526118	33562248
7	8	173	33562829	33566726
8	28	1	33566725	33569761
8	28	2	33571995	33588619
8	28	3	33588644	33605268
8	28	4	33605356	33605357
8	28	5	33605356	33612664
8	28	6	33612860	33623828
8	28	7	33623851	33625195
8	28	8	33625311	33643975
8	28	9	33643983	33662149
8	31	10	33662258	33691314
8	31	11	33691501	33705243
8	31	12	33705580	33725984
8	31	13	33726329	33749313
8	31	14	33749489	33775223
8	31	15	33775281	33779201
8	27	16	33779405	33836593
8	27	17	33837685	33837686
8	27	18	33837939	33858526
8	27	19	33858813	33863690
8	27	20	33863865	33894899
8	46	21	33894923	33921141
8	46	22	33921199	33946902
8	46	23	33946975	33973446
8	46	24	33973491	33974786
8	46	25	33975117	33999248
8	47	26	33999316	34026353
8	47	27	34026402	34054198
8	47	28	34054385	34081084
8	47	29	34081148	34109718
8	27	30	34109842	34143706
8	27	31	34143800	34176505
8	27	32	34176836	34218199
8	27	33	34218613	34225653
8	3	34	34226163	34264242
8	3	35	34264489	34296584
8	3	36	34296647	34304253
8	3	37	34304309	34336972
8	4	38	34337429	34372064
8	4	39	34372303	34405271
8	4	40	34405567	34406925
8	4	41	34407271	34443997
8	13	42	34444186	34446338
8	13	43	34446692	34478300
8	13	44	34478523	34510832
8	13	45	34510982	34512264
8	13	46	34512606	34546582
8	13	47	34546790	34557098
8	39	48	34557293	34589427
8	39	49	34589583	34621737
8	39	50	34621993	34623616
8	39	51	34623970	34625344
8	39	52	34627881	34664655
8	39	53	34665019	34666685
8	49	54	34666831	34691044
8	49	55	34691526	34717811
8	49	56	34717881	34766633
8	49	57	34766915	34781943
8	49	58	34782214	34783569
8	3	59	34785855	34808152
8	3	60	34808390	34849571
8	3	61	34849725	34851439
8	3	62	34851518	34906810
8	12	63	34907174	34907402
8	12	64	34909353	34941114
8	12	65	34941729	34943268
8	12	66	34943619	35006955
8	12	67	35007260	35020435
8	12	68	35022528	35026207
8	12	69	35026421	35028805
8	29	70	35029248	35029261
8	29	71	35031451	35046827
8	29	72	35047002	35047003
8	29	73	35047085	35055828
8	29	74	35055975	35059030
8	29	75	35059520	35067137
8	29	76	35068908	35093558
8	29	77	35095165	35137869
8	6	78	35138502	35143216
8	6	79	35145278	35147653
8	6	80	35147891	35162603
8	6	81	35162831	35169387
8	6	82	35169649	35254141
8	12	83	35255026	35260284
8	12	84	35260816	35284335
8	12	85	35284702	35296779
8	12	86	35297202	35324592
8	12	87	35325109	35325307
8	12	88	35326164	35343557
8	12	89	35345133	35345417
8	12	90	35345798	35348036
8	31	91	35348196	35389001
8	31	92	35389284	35405328
8	31	93	35405627	35432634
8	31	94	35433148	35437929
8	31	95	35438217	35464960
8	19	96	35465344	35465345
8	19	97	35467766	35472964
8	19	98	35473281	35494898
8	19	99	35494936	35499573
8	19	100	35499700	35501872
8	19	101	35501989	35563283
8	2	102	35563328	35563329
8	2	103	35563530	35590560
8	2	104	35590640	35590828
8	2	105	35591279	35650017
8	2	106	35650404	35676477
8	2	107	35680138	35685656
8	57	108	35685906	35714178
8	57	109	35716382	35751546
8	57	110	35752014	35804974
8	57	111	35805346	35807387
8	31	112	35807816	35839226
8	31	113	35839446	35852085
8	31	114	35852296	35868182
8	31	115	35868385	35874427
8	31	116	35874748	35898921
8	31	117	35899382	35902793
8	31	118	35902850	35912426
8	8	119	35912588	35941128
8	8	120	35941403	35954265
8	8	121	35954365	35969103
8	8	122	35969415	36000322
8	8	123	36000387	36000778
8	8	124	36001207	36013089
8	8	125	36013433	36014585
8	8	126	36014886	36014973
8	8	127	36015357	36015507
8	8	128	36015862	36017447
8	28	129	36017625	36059899
8	28	130	36059966	36074663
8	28	131	36074698	36076522
8	28	132	36076625	36103734
8	28	133	36103781	36131529
8	46	134	36131770	36160199
8	46	135	36160627	36186991
8	46	136	36187065	36213001
8	46	137	36213085	36222583
8	46	138	36223234	36224477
8	46	139	36226431	36231014
8	19	140	36231270	36262663
8	19	141	36264726	36270791
8	19	142	36270952	36295548
8	19	143	36295597	36307854
8	19	144	36307980	36319830
8	19	145	36319901	36332531
8	19	146	36332564	36344079
8	19	147	36344365	36344514
8	19	148	36345092	36346996
8	5	149	36347220	36362022
8	5	150	36362241	36373732
8	5	151	36374095	36384814
8	5	152	36384905	36395642
8	5	153	36395652	36406732
8	5	154	36407004	36412927
8	5	155	36413122	36420660
8	5	156	36420789	36427022
8	5	157	36427194	36449124
8	8	158	36449266	36449465
8	8	159	36449627	36449940
8	8	160	36450885	36476517
8	8	161	36476780	36490896
8	8	162	36491184	36503592
8	8	163	36504607	36517215
8	8	164	36518497	36519639
8	8	165	36522080	36546004
8	45	166	36546393	36546529
8	45	167	36549124	36561462
8	45	168	36564287	36577232
8	45	169	36577451	36614333
8	45	170	36614652	36646568
8	45	171	36652290	36665766
8	5	172	36666781	36680103
8	5	173	36680282	36691867
8	5	174	36692061	36703949
8	5	175	36704168	36715199
8	5	176	36715330	36727298
8	5	177	36727477	36739520
8	5	178	36739691	36751899
8	5	179	36752223	36754439
8	5	180	36754829	36765936
8	20	181	36766006	36778325
8	20	182	36778748	36791921
8	20	183	36793577	36806274
8	20	184	36806419	36832378
8	20	185	36832460	36857268
8	20	186	36859244	36884436
8	20	187	36886903	36892028
8	20	188	36892787	36898083
8	20	189	36901066	36901608
8	20	190	36931668	36933357
8	20	191	36939521	36939526
8	53	192	36956415	36956581
8	53	193	36956918	36956919
8	53	194	36958843	36974301
8	53	195	36975595	36988210
8	53	196	36988704	37014974
8	53	197	37015406	37019376
8	53	198	37019811	37029459
8	53	199	37030021	37042746
8	53	200	37042920	37072417
8	39	201	37072671	37108211
8	39	202	37108256	37122170
8	39	203	37122461	37133643
8	39	204	37133939	37145467
8	39	205	37145696	37157655
8	39	206	37157654	37168723
8	39	207	37168749	37182837
8	15	208	37183033	37195858
8	15	209	37197227	37209095
8	15	210	37209176	37221263
8	15	211	37221634	37233535
8	15	212	37233578	37245213
8	15	213	37245364	37266865
8	3	214	37267085	37294414
8	3	215	37294680	37305163
8	3	216	37305462	37322816
8	3	217	37323003	37329882
8	3	218	37330136	37352614
8	3	219	37352877	37356675
8	3	220	37358734	37358937
8	3	221	37359137	37362425
8	27	222	37362986	37390680
8	27	223	37390802	37417405
8	27	224	37417574	37445422
8	27	225	37446819	37450174
8	27	226	37450344	37480552
8	58	227	37480973	37508747
8	58	228	37508947	37533900
8	58	229	37534441	37535599
8	58	230	37535714	37561542
8	58	231	37561703	37571911
8	58	232	37572281	37588654
8	13	236	37679418	37723318
8	13	237	37723570	37736316
8	13	238	37736613	37762890
8	13	239	37763306	37788567
8	13	240	37788834	37790518
8	19	241	37790522	37794453
8	19	242	37796103	37828119
8	19	243	37828163	37858931
8	19	244	37859026	37885240
8	19	245	37888059	37897538
8	19	246	37899113	37907928
8	45	247	37908304	37940446
8	45	248	37940981	37961758
8	45	249	37962021	37990799
8	45	250	37991140	37993159
8	45	251	37993485	38022701
8	59	252	38023224	38069189
8	59	253	38069512	38074366
8	59	254	38074646	38099656
8	59	255	38099851	38102764
8	59	256	38103646	38129160
8	59	257	38129916	38131603
8	58	258	38131744	38169401
8	58	259	38169502	38179855
8	58	260	38182964	38214702
8	58	261	38214738	38255232
8	29	262	38255555	38293773
8	29	263	38293938	38296302
8	29	264	38296693	38371129
8	29	265	38371477	38375908
8	29	266	38376197	38377659
8	29	267	38377851	38379550
8	8	268	38379793	38385774
8	8	269	38386611	38386612
8	8	270	38389080	38461243
8	8	271	38461680	38484210
8	8	272	38484745	38493514
8	5	273	38493567	38500885
8	5	274	38501096	38528913
8	5	275	38529074	38532547
8	5	276	38533048	38533326
8	5	277	38537909	38538008
8	5	278	38539918	38573329
8	5	279	38573656	38578387
8	5	280	38578574	38609779
8	2	281	38609856	38657070
8	2	282	38657324	38684543
8	2	283	38684984	38686295
8	2	284	38686613	38735264
8	40	290	38852565	38853044
8	40	291	38854886	38888553
8	40	292	38888640	38923663
9	14	1	38923662	38923859
9	14	2	38925890	38950638
9	14	3	38952062	38963685
9	14	4	38965158	38966666
9	14	5	38971012	38971218
9	14	6	38975768	38976032
9	14	7	38976215	38994283
9	14	8	38994613	38998208
9	14	9	39000148	39028073
9	14	10	39028604	39029739
9	60	11	39030781	39054435
9	60	12	39054542	39059502
9	60	13	39059643	39109829
9	60	14	39110243	39112668
9	60	15	39112981	39139745
9	60	16	39141695	39145856
9	60	17	39146036	39168590
9	60	18	39168694	39195231
9	60	19	39195328	39221365
9	60	20	39221467	39243384
9	60	21	39243820	39251087
9	60	22	39252518	39302705
9	60	23	39302912	39361961
9	60	24	39362078	39416315
9	60	25	39416359	39445421
9	60	26	39445558	39446651
9	60	27	39446894	39476665
9	50	28	39477109	39505775
9	50	29	39505800	39532838
9	50	30	39532838	39560518
9	50	31	39560570	39587270
9	52	32	39587366	39600576
9	52	33	39601028	39625907
9	52	34	39626178	39660854
9	52	35	39661114	39674562
9	52	36	39674862	39697681
9	60	37	39697886	39767874
9	60	38	39768175	39769495
9	60	39	39769863	39805761
9	37	40	39806182	39806183
9	37	41	39808354	39841743
9	37	42	39842004	39876595
9	37	43	39877152	39878881
9	37	44	39879204	39920930
9	37	45	39923115	39926793
9	26	46	39927025	39927026
9	26	47	39929484	39936357
9	26	48	39936528	39963470
9	26	49	39963514	39995324
9	26	50	39995346	40030346
9	11	51	40030371	40031443
9	11	52	40034084	40066645
9	11	53	40066922	40155239
9	52	54	40155430	40155431
9	52	55	40157118	40193149
9	52	56	40193435	40220335
9	52	57	40220951	40258817
9	52	58	40259052	40267712
9	52	59	40268176	40271910
9	49	60	40272255	40272398
9	49	61	40274097	40342422
9	49	62	40342631	40344051
9	49	63	40344219	40377248
9	49	64	40377401	40392220
9	10	65	40392592	40392593
9	10	66	40394663	40465834
9	10	67	40466081	40513690
9	52	68	40514313	40552379
9	52	69	40552670	40587272
9	52	70	40587515	40623810
9	52	71	40624065	40628801
9	52	72	40629040	40631408
9	19	73	40631723	40631724
9	19	74	40633417	40660406
9	19	75	40660487	40688366
9	19	76	40688444	40716782
9	19	77	40716834	40748180
9	14	78	40748378	40748379
9	14	79	40752107	40772360
9	14	80	40773056	40830721
9	14	81	40831014	40835763
9	14	82	40836053	40860142
9	11	83	40860432	40868170
9	11	84	40868700	40894703
9	11	85	40895081	40926593
9	11	86	40927094	40956316
9	11	87	40956765	40975145
9	11	88	40975471	40976485
9	49	89	40976820	41006516
9	49	90	41006696	41019335
9	49	91	41019510	41030858
9	49	92	41031285	41036503
9	49	93	41041014	41042500
9	49	94	41042714	41065253
9	49	95	41065438	41071456
9	52	96	41071886	41097440
9	52	97	41097859	41125466
9	52	98	41125709	41151951
9	52	99	41152580	41153903
9	52	100	41154103	41155553
9	52	101	41155879	41187021
9	11	102	41187334	41187335
9	11	103	41188992	41216222
9	11	104	41216474	41244073
9	11	105	41245229	41249490
9	11	106	41250038	41277433
9	11	107	41278122	41300977
9	11	108	41301266	41302914
9	55	109	41303290	41332777
9	55	110	41332846	41360294
9	55	111	41360360	41384555
9	55	112	41384656	41416370
9	61	113	41417351	41417352
9	61	114	41418978	41445089
9	61	115	41445388	41458101
9	61	116	41458377	41471174
9	61	117	41471458	41499033
9	61	118	41499120	41515869
9	61	119	41516070	41525861
9	61	120	41526166	41527594
9	2	121	41527711	41535195
9	2	122	41535502	41546273
9	2	123	41546607	41565613
9	14	124	41566199	41566200
9	14	125	41568050	41572477
9	14	126	41574429	41596161
9	14	127	41596341	41653210
9	12	128	41653731	41654771
9	12	129	41656546	41671013
9	12	130	41671278	41682508
9	12	131	41686789	41697578
9	12	132	41699819	41710484
9	12	133	41710827	41721836
9	12	134	41722362	41728427
9	12	135	41728742	41736064
9	12	136	41736460	41742789
9	12	137	41743064	41764919
9	61	138	41765095	41778655
9	61	139	41779019	41790781
9	61	140	41790996	41802555
9	61	141	41802586	41814921
9	61	142	41814943	41836825
9	61	143	41836857	41849156
9	61	144	41849162	41860826
9	61	145	41860828	41874782
9	53	146	41874919	41874944
9	53	147	41877779	41878161
9	53	148	41880216	41918404
9	53	149	41918839	41921014
9	53	150	41921261	41947080
9	53	151	41947471	42002192
9	46	152	42002869	42014138
9	46	153	42014380	42060740
9	46	154	42060755	42072470
9	46	155	42072529	42084430
9	0	156	42084540	42097633
9	0	157	42098292	42111545
9	18	158	42111766	42111767
9	18	159	42113621	42152417
9	18	160	42152523	42175275
9	18	161	42175427	42187576
9	18	162	42187783	42187784
9	18	163	42191102	42201935
9	18	164	42202312	42228349
9	18	165	42228914	42230337
9	62	166	42230704	42267066
9	62	167	42267311	42279286
9	62	168	42279372	42291928
9	62	169	42291998	42304073
9	62	170	42304267	42316655
9	62	171	42316747	42318338
9	62	172	42318947	42319145
9	62	173	42319647	42333022
9	45	174	42333553	42333581
9	45	175	42335854	42347623
9	45	176	42348252	42399798
9	45	177	42400283	42414943
9	30	178	42415902	42443320
9	30	179	42443665	42468775
9	30	180	42468837	42496624
9	30	181	42496736	42510986
9	30	182	42512616	42512649
9	30	183	42513243	42527519
9	29	184	42527848	42527849
9	29	185	42529361	42555639
9	29	186	42555800	42582535
9	29	187	42582785	42587677
9	29	188	42589770	42612407
9	29	189	42612438	42631023
9	29	190	42631251	42636848
9	48	191	42637481	42665995
9	48	192	42666204	42691377
9	48	193	42691984	42693487
9	48	194	42694336	42720446
9	48	195	42720785	42730930
9	48	196	42731309	42747797
9	14	197	42748798	42754945
9	14	198	42755405	42782130
9	14	199	42782901	42834858
9	14	200	42835091	42845916
9	14	201	42846162	42848701
9	14	202	42849034	42849102
9	14	203	42851848	42869153
9	14	204	42870059	42879863
9	14	205	42880226	42924522
9	14	206	42925661	42950944
9	14	207	42952207	42956037
9	14	208	42958119	42966126
9	55	209	42968975	42995532
9	55	210	42995617	43021866
9	55	211	43021938	43049610
9	55	212	43050083	43079137
9	55	213	43079389	43105131
9	55	214	43105177	43131092
9	55	215	43131320	43160889
9	55	216	43161005	43163344
9	55	217	43163972	43191689
9	2	218	43192220	43217398
9	2	219	43217635	43221582
9	2	220	43221941	43255490
9	2	221	43255805	43305803
9	55	222	43306005	43306006
9	55	223	43308048	43344717
9	55	224	43345017	43379278
9	55	225	43379565	43381081
9	55	226	43381288	43386303
9	55	227	43386684	43417228
9	63	228	43417396	43417430
9	63	229	43419218	43422073
9	63	230	43422202	43422819
9	63	231	43423963	43461143
9	63	232	43461428	43500878
9	63	233	43500944	43518730
9	63	234	43519792	43538767
9	24	235	43538898	43553234
9	24	236	43553576	43613668
9	24	237	43613946	43624270
9	24	238	43624626	43640387
9	24	239	43640668	43654622
9	8	240	43655318	43694613
9	8	241	43696296	43704565
9	8	242	43704877	43731451
9	8	243	43733597	43734985
9	8	244	43735260	43770978
9	11	245	43772541	43810460
9	11	246	43810776	43814295
9	11	247	43814634	43851072
9	11	248	43851523	43882746
9	2	256	43994628	44028920
9	2	257	44029207	44032694
9	2	258	44032792	44032998
9	2	259	44033335	44035697
9	2	260	44035977	44070958
9	2	261	44071412	44107873
9	14	262	44108173	44108174
9	14	263	44110664	44114298
9	14	264	44115261	44145755
9	14	265	44148359	44151869
9	14	266	44152278	44184081
9	14	267	44184513	44212505
9	14	268	44213408	44215252
9	14	269	44217502	44219951
9	8	270	44222078	44289228
9	8	271	44289501	44330616
9	11	272	44331194	44336197
9	11	273	44336573	44367368
9	11	274	44367632	44401370
9	11	275	44401587	44405362
9	11	276	44405784	44413550
