0	0	1	0	7048
0	0	2	7047	10742
0	0	3	10747	11065
0	0	4	11069	12006
0	0	5	12007	12033
0	0	6	12037	12066
0	0	7	12066	15360
0	1	8	15359	19627
0	1	9	19629	20391
0	1	10	20392	25145
0	1	11	25150	30156
0	1	12	30161	30468
0	1	13	30470	35401
0	0	14	35400	40320
0	0	15	40325	45450
0	0	16	45451	50195
0	0	17	50196	50452
0	0	18	50456	50637
0	0	19	50641	55364
0	2	20	55364	55365
0	2	21	55365	60142
0	2	22	60141	65058
0	2	23	65057	65306
0	2	24	65310	66527
0	2	25	66534	70492
0	2	26	70492	75549
0	3	27	75548	80348
0	3	28	80347	87196
0	3	29	87197	90133
0	3	30	90134	95313
0	4	31	95312	95343
0	4	32	95342	100231
0	4	33	100230	104922
0	4	34	104924	109603
0	4	35	109607	109845
0	4	36	109848	114601
0	5	37	114600	120825
0	5	38	120824	126456
0	5	39	126455	126598
0	5	40	126597	128394
0	5	41	128399	132431
0	5	42	132431	133928
0	6	43	133928	133931
0	6	44	133932	139876
0	6	45	139878	145910
0	6	46	145915	146137
0	6	47	146140	152865
0	7	48	152869	159103
0	7	49	159103	160397
0	7	50	160396	165283
0	7	51	165282	166718
0	7	52	166720	169995
0	7	53	169995	171549
0	8	54	171548	171551
0	8	55	171550	177648
0	8	56	177650	183910
0	8	57	183916	190460
0	8	58	190460	190484
0	8	59	190491	190715
0	9	60	190715	190717
0	9	61	190717	195458
0	9	62	195457	195700
0	9	63	195701	208032
0	10	70	228693	239133
0	10	71	239137	239380
0	10	72	239381	246601
0	11	73	246601	246602
0	11	74	246601	251767
0	11	75	251767	263218
0	12	76	263217	267497
0	12	77	267498	278955
0	12	78	278987	279290
0	3	79	279289	284322
0	3	80	284321	284944
0	3	81	284943	289399
0	3	82	289398	294202
0	3	83	294202	299173
0	13	84	299172	299174
0	13	85	299174	303961
0	13	86	303960	309308
0	13	87	309310	314175
0	13	88	314178	318878
0	14	89	318877	318878
0	14	90	318878	323680
0	14	91	323679	324637
0	14	92	324640	327896
0	14	93	327902	335120
0	12	94	335131	335133
0	12	95	335133	335857
0	12	96	335859	340244
0	12	97	340243	345975
0	12	98	345976	351257
0	12	99	351256	352552
0	12	100	352555	352755
0	15	101	352755	357340
0	15	102	357341	362192
0	15	103	362192	364525
0	15	104	364525	366142
0	15	105	366145	366948
0	15	106	366950	368864
0	15	107	368864	369109
0	5	108	369108	369318
0	5	109	369319	371419
0	5	110	371426	373982
0	5	111	373983	377890
0	5	112	377899	379099
0	5	113	379102	383621
0	5	114	383620	385143
0	13	115	385143	392242
0	13	116	392241	394729
0	13	117	394729	400086
0	13	118	400085	401748
0	13	119	401748	401997
0	13	120	402001	402165
0	16	121	402167	406986
0	16	122	406986	409257
0	16	123	409260	411913
0	16	124	411913	416649
0	16	125	416649	417050
0	16	126	417049	417232
0	16	127	417233	417234
0	16	128	417233	419906
0	17	129	419905	419907
0	17	130	419907	424733
0	17	131	424736	429366
0	17	132	429366	433246
0	17	133	433264	433273
0	17	134	433276	434789
0	17	135	434798	440095
0	18	136	440102	445108
0	18	137	445108	445109
0	18	138	445109	450147
0	18	139	450146	452602
0	18	140	452604	453273
0	18	141	453272	457148
0	18	142	457156	457358
0	3	143	457358	461656
0	3	144	461655	464019
0	3	145	464020	468628
0	3	146	468627	478356
0	19	147	478355	480640
0	19	148	480640	485188
0	19	149	485189	487694
0	19	150	487693	489989
0	19	151	489988	492399
0	19	152	492406	492407
0	19	153	492407	496841
0	20	154	496840	496841
0	20	155	496841	504055
0	20	156	504054	506505
0	20	157	506504	511448
0	20	158	511447	513902
0	20	159	513901	516010
0	20	160	516009	516027
0	20	161	516026	516348
0	18	162	516348	518413
0	18	163	518412	525735
0	18	164	525734	530180
0	18	165	530179	534818
0	18	166	534817	536932
0	18	167	536938	536959
0	18	168	536965	537223
0	21	169	537223	537224
0	21	170	537225	539713
0	21	171	539714	542122
0	21	172	542125	546115
0	21	173	546119	547257
0	21	174	547256	552012
0	21	175	552012	555080
0	15	176	555080	557732
0	15	177	557733	560083
0	15	178	560082	564887
0	15	179	564886	565354
0	15	180	565354	567231
0	15	181	567230	569545
0	15	182	569545	569546
0	15	183	569546	574113
0	13	184	574113	580746
0	13	185	580745	585335
0	13	186	585335	587559
0	13	187	587559	589781
0	13	188	589781	591670
0	13	189	591670	594287
0	19	190	594287	594647
0	19	191	594646	596354
0	19	192	596354	600924
0	19	193	600923	604308
0	19	194	604309	605730
0	19	195	605730	614687
0	13	196	614686	619494
0	13	197	619493	624303
0	13	198	624302	629297
0	13	199	629299	635692
0	19	200	635691	640772
0	19	201	640771	645900
0	19	202	645899	646130
0	19	203	646131	655791
0	22	204	655791	660825
0	22	205	660824	662652
0	22	206	662652	665811
0	22	207	665810	666092
0	22	208	666092	671176
0	22	209	671175	675862
0	22	210	675862	676071
0	23	211	676070	681019
0	23	212	681025	683098
0	23	213	683099	685889
0	23	214	685892	687240
0	23	215	687246	687300
0	23	216	687302	695290
0	23	217	695293	696242
0	0	218	696241	696275
0	0	219	696279	706610
0	0	220	706613	708122
0	0	221	708129	714235
0	22	222	714234	716042
0	22	223	716045	719151
0	22	224	719150	723891
0	22	225	723895	725557
0	22	226	725561	725868
0	22	227	725874	726108
0	22	228	726113	727801
0	24	229	727800	733549
0	24	230	733551	737604
0	24	231	737605	742797
0	24	232	742799	743045
0	24	233	743051	748247
0	4	234	748256	752821
0	4	235	752822	754820
0	4	236	754822	757565
0	4	237	757567	757764
0	4	238	757765	762543
0	4	239	762550	763052
0	4	240	763088	763105
0	4	241	763107	763459
0	25	242	763458	770243
0	25	243	770244	777547
0	22	244	777549	784539
0	22	245	784543	786061
0	22	246	786062	791532
0	22	247	791531	791763
0	22	248	791764	791968
0	22	249	791978	791989
0	22	250	791994	797124
0	26	251	797125	797127
0	26	252	797127	803715
0	26	253	803714	805229
0	26	254	805230	810103
0	26	255	810102	810332
0	26	256	810332	816922
0	26	257	816921	817869
0	27	266	833279	834694
0	27	267	834694	836296
0	27	268	836299	836345
0	27	269	836347	836348
0	27	270	836347	836630
0	27	271	836629	837022
0	27	272	837026	847954
0	27	273	847956	854615
0	3	274	854614	860951
0	3	275	860951	861480
0	3	276	861484	863214
0	3	277	863215	867657
0	3	278	867662	873969
0	3	279	873993	874423
0	28	280	874424	874425
0	28	281	874424	880859
0	28	282	880858	881408
0	28	283	881407	887609
0	28	284	887608	894420
0	28	285	894420	894430
0	28	286	894429	894628
0	29	287	894646	895223
0	29	288	895224	901172
0	29	289	901174	907455
0	29	290	907457	908017
0	29	291	908018	909425
0	29	292	909430	911860
0	29	293	911865	914334
0	30	294	914344	914346
0	30	295	914346	920962
0	30	296	920962	921322
0	30	297	921324	927579
0	30	298	927578	928133
1	31	4	931790	936042
1	31	5	936046	938807
1	31	6	938807	942543
1	31	7	942546	946169
1	31	8	946178	946635
1	31	9	946635	948851
1	27	10	948851	953515
1	27	11	953514	958273
1	27	12	958275	959110
1	27	13	959114	966806
1	27	14	966807	967963
1	30	15	967963	967964
1	30	16	967963	972632
1	30	17	972632	977767
1	30	18	977766	978014
1	30	19	978028	982758
1	30	20	982757	987011
1	29	31	1026400	1035612
1	29	32	1035614	1036856
1	29	33	1036855	1039631
1	29	34	1039632	1041126
1	29	35	1041125	1045200
1	29	36	1045204	1045916
1	3	37	1045915	1045916
1	3	38	1045916	1052243
1	3	39	1052242	1054965
1	3	40	1054964	1058463
1	3	41	1058462	1059105
1	3	42	1059109	1066010
1	32	43	1066010	1072215
1	32	44	1072214	1074241
1	32	45	1074245	1078209
1	32	46	1078219	1082699
1	32	47	1082701	1084198
1	32	48	1084198	1084381
1	32	49	1084383	1084563
1	29	53	1104058	1104787
1	10	59	1124855	1131009
1	10	60	1131024	1143975
1	33	73	1178662	1192571
1	33	74	1192574	1196320
1	33	75	1196325	1201115
1	33	76	1201114	1201116
1	33	77	1201116	1207300
1	33	78	1207304	1220475
1	17	79	1220474	1223165
2	2	1	1223176	1226752
2	2	2	1226751	1230294
2	2	3	1230294	1233682
2	2	4	1233682	1237100
2	2	5	1237100	1238674
2	2	6	1238674	1243599
2	2	7	1243599	1248389
2	2	8	1248389	1248886
2	2	9	1248888	1250246
2	2	10	1250256	1253247
2	2	11	1253246	1258025
2	2	12	1258027	1259350
2	34	13	1259349	1264010
2	34	14	1264014	1264249
2	34	15	1264249	1269169
2	34	16	1269174	1271141
2	34	17	1271145	1274180
2	34	18	1274180	1277917
2	34	19	1277920	1279059
2	34	20	1279059	1283960
2	34	21	1283959	1288889
2	34	22	1288889	1290977
2	34	23	1290978	1290979
2	34	24	1290980	1293958
2	34	25	1293959	1299028
2	34	26	1299027	1303918
2	34	27	1303917	1308647
2	34	28	1308647	1308879
2	34	29	1308882	1313597
2	34	30	1313596	1318471
2	35	31	1318470	1323543
2	35	32	1323545	1333017
2	35	33	1333020	1333268
2	35	34	1333271	1333550
2	35	35	1333561	1338399
2	36	36	1338398	1340494
2	36	37	1340496	1344928
2	36	38	1344933	1351238
2	36	39	1351241	1351454
2	36	40	1351457	1353599
2	36	41	1353602	1357970
2	8	42	1357969	1357970
2	8	43	1357970	1364203
2	8	44	1364206	1370230
2	8	45	1370247	1378262
2	5	46	1378261	1379564
2	5	47	1379567	1384452
2	5	48	1384452	1392730
2	5	49	1392732	1397039
2	5	50	1397040	1397403
2	10	51	1397402	1403479
2	10	52	1403485	1403486
2	10	53	1403486	1409706
2	10	54	1409705	1416176
2	5	55	1416175	1417201
2	5	56	1417202	1422284
2	5	57	1422287	1425536
2	5	58	1425535	1435107
2	5	59	1435107	1435330
2	2	60	1435329	1450511
2	2	61	1450516	1452151
2	2	62	1452168	1457355
2	14	63	1457354	1457355
2	30	64	1457355	1457357
2	30	65	1457357	1461646
2	30	66	1461645	1466762
2	30	67	1466761	1470555
2	30	68	1470556	1473983
2	2	69	1473982	1474433
2	2	70	1474432	1474453
2	2	71	1474452	1479413
2	2	72	1479420	1489157
2	2	73	1489163	1492106
2	2	74	1492105	1497066
2	2	75	1497065	1502060
2	2	76	1502059	1505031
2	2	77	1505033	1506100
2	2	78	1506102	1508237
2	2	79	1508240	1511716
2	2	80	1511715	1511740
2	2	81	1511749	1512147
2	19	82	1512146	1516911
2	19	83	1516910	1517806
2	19	84	1517808	1522005
2	19	85	1522005	1526735
2	19	86	1526735	1531376
2	37	87	1531390	1536252
2	37	88	1536258	1538529
2	37	89	1538530	1541374
2	37	90	1541375	1546134
2	37	91	1546137	1546743
2	37	92	1546749	1550727
2	31	93	1550727	1555557
2	31	94	1555560	1557795
2	5	95	1557798	1562639
2	5	96	1562651	1564699
2	5	97	1564699	1564714
2	5	98	1564717	1564953
2	28	99	1564953	1569716
2	28	100	1569715	1574448
2	28	101	1574448	1579082
2	27	102	1579082	1579566
2	27	103	1579604	1583948
2	27	104	1583950	1592645
2	27	105	1592646	1594695
2	27	106	1594696	1599596
2	19	107	1599595	1606667
2	19	108	1606666	1609308
2	19	109	1609307	1614115
2	19	110	1614114	1614329
2	19	111	1614328	1619151
2	8	112	1619150	1624157
2	8	113	1624156	1626880
2	8	114	1626883	1634197
2	8	115	1634200	1638153
2	8	116	1638159	1639083
2	8	117	1639082	1643762
2	8	118	1643763	1644825
2	8	119	1644830	1649411
2	8	120	1649418	1651749
2	8	121	1651752	1654053
2	8	122	1654053	1656490
2	8	123	1656490	1658861
2	38	124	1658861	1665730
2	38	125	1665729	1670343
2	38	126	1670342	1677276
2	38	127	1677279	1679212
2	38	128	1679218	1679643
2	39	129	1679642	1687153
2	39	130	1687153	1691756
2	39	131	1691755	1694299
2	39	132	1694302	1696389
2	39	133	1696388	1698580
2	40	134	1698583	1698585
2	40	135	1698585	1703227
2	40	136	1703230	1705603
2	40	137	1705603	1708013
2	40	138	1708013	1710298
2	40	139	1710297	1712622
2	40	140	1712621	1714918
2	40	141	1714917	1717120
2	40	142	1717119	1717322
2	41	143	1717322	1719523
2	41	144	1719524	1721810
2	41	145	1721813	1724117
2	41	146	1724120	1726381
2	41	147	1726383	1728782
2	41	148	1728784	1731199
2	41	149	1731201	1733679
2	41	150	1733681	1733848
2	41	151	1733854	1736162
2	17	152	1736161	1737792
2	17	153	1737791	1738363
2	39	154	1738367	1743060
2	39	155	1743065	1743066
2	39	156	1743066	1747658
2	39	157	1747661	1747662
2	39	158	1747662	1749946
2	39	159	1749947	1752361
2	39	160	1752368	1754597
2	5	165	1777108	1777109
2	5	166	1777109	1783862
2	5	167	1783861	1786158
2	5	168	1786158	1788399
2	5	169	1788398	1790751
2	5	170	1790750	1793092
2	5	171	1793091	1795343
2	5	172	1795342	1797562
2	42	181	1818331	1823611
2	42	182	1823613	1824488
2	42	183	1824489	1828780
2	42	184	1828784	1833855
2	42	185	1833856	1836014
2	22	186	1836013	1841054
2	22	187	1841056	1846374
2	22	188	1846376	1847731
2	22	189	1847738	1852718
2	22	190	1852718	1854493
2	43	204	1894420	1902495
2	43	205	1902497	1904723
2	43	206	1904727	1914452
2	43	207	1914453	1914650
3	38	1	1914649	1952421
3	38	2	1914649	1952421
3	38	3	1914649	1952421
3	38	4	1914649	1952421
3	38	5	1914649	1952421
3	38	6	1914649	1952421
3	38	7	1914649	1952421
3	26	8	1914649	1952421
3	26	9	1914649	1952421
3	26	10	1914649	1952421
3	26	11	1914649	1952421
3	26	12	1914649	1952421
3	36	13	1914649	1952421
3	36	14	1914649	1952421
3	36	15	1914649	1952421
3	36	16	1914649	1952421
3	36	17	1914649	1952421
3	36	18	1914649	1952421
3	37	19	1914649	1952421
3	37	20	1914649	1952421
3	37	21	1914649	1952421
3	37	22	1914649	1952421
3	37	23	1914649	1952421
3	37	24	1914649	1952421
3	37	25	1914649	1952421
3	37	26	1914649	1952421
3	36	27	1914649	1952421
3	36	28	1914649	1952421
3	36	29	1914649	1952421
3	36	30	1914649	1952421
3	36	31	1914649	1952421
3	36	32	1914649	1952421
3	10	33	1914649	1952421
3	10	34	1952422	1958747
3	10	35	1958747	1958956
3	10	36	1958960	1965723
3	10	37	1965728	1965759
3	39	38	1965759	1972030
3	39	39	1972032	1978110
3	39	40	1978112	1978308
3	39	41	1978309	1984767
3	39	42	1984768	1984968
3	44	43	1984967	2003174
3	44	44	2003182	2003464
3	36	45	2003463	2004747
3	36	46	2004749	2009894
3	36	47	2009900	2016376
3	36	48	2016376	2023363
3	45	49	2023363	2034552
3	45	50	2034558	2043313
3	38	51	2043314	2047939
3	38	52	2047950	2052318
3	38	53	2052320	2052570
3	38	54	2052571	2060605
3	29	55	2060605	2074296
3	29	56	2074295	2074650
3	29	57	2074654	2081385
3	38	58	2081384	2092957
3	38	59	2092960	2100052
3	38	60	2100057	2100072
3	38	61	2100075	2100770
3	30	62	2100785	2106674
3	30	63	2106677	2111839
3	30	64	2111838	2118690
3	30	65	2118693	2120352
3	30	66	2120351	2120352
3	45	67	2120352	2120353
3	45	68	2120353	2121013
3	45	69	2121013	2125410
3	45	70	2125412	2130366
3	45	71	2130368	2135455
3	45	72	2135458	2135650
3	45	73	2135656	2140305
3	11	74	2140305	2140306
3	11	75	2140306	2140939
3	11	76	2140944	2145241
3	11	77	2145246	2147192
3	11	78	2147194	2152025
3	11	79	2152024	2152043
3	11	80	2152048	2155104
3	11	81	2155108	2155145
3	11	82	2155146	2155375
3	26	83	2155378	2160209
3	26	84	2160208	2162489
3	26	85	2162489	2165114
3	26	86	2165114	2169948
3	26	87	2169949	2174777
3	26	88	2174781	2174979
3	29	89	2174978	2175660
3	29	90	2175660	2180027
3	29	91	2180031	2186168
3	29	92	2186167	2190231
3	29	93	2190234	2193237
3	37	94	2193253	2197842
3	37	95	2197848	2200213
3	37	96	2200215	2202607
3	37	97	2202612	2207222
3	37	98	2207224	2211991
3	30	99	2211991	2216733
3	30	100	2216732	2221515
3	30	101	2221515	2226973
3	30	102	2226981	2232061
3	44	103	2232060	2236009
3	44	104	2236010	2242558
3	44	105	2242561	2250785
3	44	106	2250788	2251218
3	37	107	2251217	2258475
3	37	108	2258477	2261069
3	37	109	2261072	2261316
3	37	110	2261319	2266189
3	37	111	2266190	2271084
3	44	112	2271083	2279015
3	44	113	2279017	2285871
3	44	114	2285872	2290248
3	2	115	2290247	2292527
3	2	116	2292530	2297389
3	2	117	2297389	2302030
3	2	118	2302033	2302875
3	2	119	2302876	2303785
3	2	120	2303788	2304548
3	2	121	2304553	2305520
3	2	122	2305519	2307352
3	2	123	2307352	2307382
3	2	124	2307382	2307793
3	41	125	2307792	2312355
3	41	126	2312359	2312527
3	20	127	2312539	2312540
3	20	128	2312540	2315957
3	20	129	2315956	2316190
3	20	130	2316189	2320538
3	20	131	2320538	2322786
3	20	132	2322785	2325075
3	20	133	2325074	2334015
3	44	134	2334015	2336453
3	44	135	2336453	2338838
3	44	136	2338838	2343719
3	44	137	2343724	2346352
3	44	138	2346358	2349864
3	44	139	2349867	2353226
3	19	140	2353225	2359772
3	19	141	2359771	2364317
3	19	142	2364317	2366508
3	19	143	2366508	2368479
3	19	144	2368478	2368858
3	19	145	2368858	2371364
3	19	146	2371372	2371881
3	29	147	2371882	2373522
3	29	148	2373521	2374092
3	29	149	2374092	2378767
3	29	150	2378769	2383358
3	29	151	2383361	2385647
3	29	152	2385649	2388062
3	29	153	2388065	2390279
3	35	154	2390279	2397353
3	35	155	2397357	2404322
3	35	156	2404326	2406513
3	35	157	2406514	2415433
3	41	158	2415432	2415434
3	41	159	2415434	2419992
3	41	160	2419992	2422313
3	41	161	2422315	2424597
3	41	162	2424599	2427003
3	41	163	2427007	2429383
3	41	164	2429384	2431793
3	41	165	2431800	2431995
3	41	166	2431995	2432017
3	41	167	2432016	2434453
3	38	168	2434452	2434453
3	38	169	2434453	2436659
3	38	170	2436659	2448506
3	38	171	2448506	2453312
3	38	172	2453313	2455246
3	38	173	2455255	2455678
3	35	174	2455680	2460816
3	35	175	2460820	2465581
3	35	176	2465585	2470551
3	35	177	2470553	2471662
3	35	178	2471661	2476806
3	45	179	2476805	2477236
3	45	180	2477237	2487542
3	45	181	2487543	2492456
3	45	182	2492457	2492483
3	45	183	2492489	2497618
3	21	184	2497625	2502618
3	21	185	2502617	2507429
3	21	186	2507429	2512386
3	21	187	2512387	2517705
3	21	188	2517705	2517969
3	35	189	2517968	2532962
3	35	190	2532967	2533967
3	35	191	2533973	2535989
3	35	192	2535993	2539407
3	16	193	2539406	2544119
3	16	194	2544118	2548535
3	16	195	2548534	2553852
3	16	196	2553851	2557254
3	35	197	2557253	2562452
3	35	198	2562457	2567428
3	35	199	2567432	2570791
3	35	200	2570792	2572663
3	35	201	2572672	2573902
3	35	202	2573908	2577822
3	19	203	2577821	2582612
3	19	204	2582614	2582636
3	19	205	2582639	2584579
3	19	206	2584580	2587524
3	19	207	2587529	2595102
3	19	208	2595101	2599876
3	30	209	2599876	2604760
3	30	210	2604764	2609428
3	30	211	2609427	2609428
3	30	212	2609428	2614251
3	30	213	2614250	2614458
3	30	214	2614457	2618742
3	36	215	2618741	2619330
3	36	216	2619331	2619878
3	36	217	2619878	2625556
3	36	218	2625556	2631926
3	36	219	2631931	2633370
3	40	220	2633369	2633659
3	40	221	2633658	2640462
3	40	222	2640461	2647663
3	40	223	2647662	2654354
3	17	224	2654354	2658198
3	17	225	2658198	2661119
3	17	226	2661118	2662591
3	17	227	2662590	2667951
3	17	228	2667951	2670120
3	17	229	2670121	2672510
3	32	230	2672509	2674480
3	32	231	2674479	2674874
3	32	232	2674877	2675136
3	32	233	2675135	2675136
3	32	234	2675144	2676363
3	32	235	2676366	2681391
3	32	236	2681390	2681606
3	32	237	2681605	2688594
3	23	238	2688595	2701721
3	23	239	2701729	2702025
3	23	240	2702028	2705204
3	37	245	2717081	2723437
3	37	246	2723440	2729999
3	37	247	2730000	2734953
3	37	248	2734956	2736851
3	37	249	2736857	2736890
3	37	250	2736909	2737329
3	35	251	2737328	2751432
3	35	252	2751436	2753375
3	35	253	2753378	2758685
3	19	254	2758684	2765080
3	19	255	2765079	2765635
3	19	256	2765634	2771814
3	19	257	2771813	2778650
3	17	258	2778651	2779238
3	17	259	2779238	2785182
3	17	260	2785187	2791446
3	17	261	2791449	2792003
3	17	262	2792008	2793412
3	17	263	2793414	2795842
3	17	264	2795846	2798307
3	41	265	2798306	2799628
3	41	266	2799629	2801845
3	41	267	2801848	2805177
3	41	268	2805176	2811973
3	41	269	2811972	2812499
3	41	270	2812498	2813808
4	0	1	2813808	2818691
4	0	2	2818694	2823353
4	0	3	2823356	2828297
4	0	4	2828297	2828514
4	0	5	2828522	2833352
4	7	6	2833352	2835750
4	7	7	2835752	2838444
4	7	8	2838444	2843170
4	7	9	2843169	2844138
4	7	10	2844140	2848017
4	7	11	2848018	2849657
4	7	12	2849656	2850063
4	7	13	2850091	2850402
4	46	14	2850404	2856520
4	46	15	2856520	2859034
4	46	16	2859035	2862345
4	46	17	2862344	2868385
4	46	18	2868385	2868744
4	46	19	2868753	2869133
4	10	20	2869138	2869139
4	10	21	2869139	2875372
4	10	22	2875371	2875372
4	15	48	2944976	2947174
4	15	49	2947175	2955597
4	15	50	2955603	2955604
4	15	51	2955605	2955606
4	15	52	2955606	2957778
4	3	53	2957777	2962481
4	3	54	2962489	2964667
4	3	55	2964667	2965801
4	3	56	2965802	2968224
4	3	57	2968224	2968227
4	3	58	2968227	2968229
4	10	59	2968229	2968230
4	10	60	2968256	2972537
4	10	61	2972538	2973257
4	10	62	2973256	2973258
4	10	63	2973258	2973262
4	10	64	2973261	2973262
4	20	65	2973261	2973265
4	20	66	2973264	2973266
4	20	67	2973265	2973267
4	20	68	2973266	2973271
4	21	69	2973270	2973272
4	21	70	2973272	2973275
4	21	71	2973274	2973277
4	21	72	2973278	2973280
4	21	73	2973283	2973285
4	27	74	2973284	2973286
4	27	75	2973287	2973289
4	27	76	2973288	2973293
4	27	77	2973295	2973299
4	27	78	2973300	2973303
4	27	79	2973302	2973305
4	27	80	2973306	2973315
4	27	81	2973315	2973321
4	13	82	2973320	2973323
4	13	83	2973324	2973328
4	13	84	2973327	2973329
4	13	85	2973328	2973331
4	13	86	2973332	2973335
4	46	87	2973337	2973340
4	46	88	2973339	2973346
4	46	89	2973346	2973348
4	27	90	2973347	2973350
4	27	91	2973356	2973359
4	27	92	2973360	2973363
4	27	93	2973363	2973367
4	44	94	2973366	2973368
4	44	95	2973369	2973370
4	44	96	2973369	2973371
4	44	97	2973372	2973374
4	44	98	2973375	2973378
4	44	99	2973377	2973378
4	47	100	2973377	2973379
4	47	101	2973378	2973380
4	47	102	2973381	2973382
4	47	103	2973382	2973384
4	47	104	2973385	2973386
4	27	105	2973385	2973390
4	27	106	2973389	2973391
4	27	107	2973390	2973394
4	27	108	2973395	2973400
4	27	109	2973401	2973403
4	33	116	2973418	2973419
4	3	119	2973423	2973426
4	3	120	2973425	2973427
4	3	121	2973430	2973435
4	3	122	2973434	2973436
4	3	123	2973437	2973439
4	3	124	2973440	2973442
4	3	125	2973441	2973443
5	47	1	2973442	2977594
5	47	2	2977598	2980371
5	47	3	2980371	2984103
5	47	4	2984106	2987742
5	47	5	2987741	2987771
5	47	6	2987776	2988207
5	47	7	2988209	2988488
5	47	8	2988497	2988695
5	47	9	2988694	2988704
5	47	10	2988706	2990269
5	3	11	2990268	2994842
5	3	12	2994841	2999479
5	3	13	2999478	3001636
5	3	14	3001636	3004041
5	3	15	3004041	3009014
5	3	16	3009014	3009433
5	3	17	3009432	3014290
5	3	18	3014293	3019043
5	3	19	3019042	3021092
5	3	20	3021094	3023812
5	3	21	3023812	3025908
5	6	22	3025912	3030630
5	6	23	3030635	3035280
5	6	24	3035280	3035281
5	6	25	3035281	3039946
5	6	26	3039945	3040186
5	6	27	3040194	3045307
5	31	28	3045321	3052303
5	31	29	3052304	3055180
5	31	30	3055181	3063662
5	6	31	3063661	3063662
5	6	32	3063671	3068691
5	6	33	3068690	3073373
5	6	34	3073372	3078012
5	6	35	3078015	3078247
5	6	36	3078257	3083230
5	45	37	3083229	3083289
5	45	38	3083298	3089926
5	29	39	3089933	3089934
5	29	40	3089939	3089940
5	29	41	3089939	3092751
5	29	42	3092751	3092752
5	29	43	3092760	3096300
5	29	44	3096301	3098386
5	29	45	3098392	3102655
5	29	46	3102655	3106386
5	29	47	3106392	3108993
5	48	48	3109001	3115177
5	48	49	3115181	3117329
5	48	50	3117333	3121196
5	48	51	3121204	3123720
5	48	52	3123722	3125816
5	48	53	3125829	3127383
5	23	54	3127397	3128666
5	23	55	3128667	3128685
5	23	56	3128689	3133447
5	23	57	3133447	3139634
5	23	58	3139637	3139864
5	23	59	3139867	3140364
5	23	60	3140363	3140755
5	23	61	3140756	3145389
5	23	62	3145388	3146890
5	2	63	3146889	3158986
5	2	64	3158992	3162498
5	2	65	3162497	3167357
5	45	66	3167356	3167357
5	45	67	3167357	3176702
5	45	68	3176704	3184008
5	45	69	3184009	3184032
5	45	70	3184036	3184216
5	46	71	3184215	3189188
5	46	72	3189197	3201983
5	12	73	3201982	3207095
5	12	74	3207096	3207376
5	12	75	3207375	3211889
5	12	76	3211890	3216223
5	12	77	3216225	3216302
5	12	78	3216306	3216466
5	4	79	3216465	3221925
5	4	80	3221925	3234652
5	4	81	3234658	3236426
5	49	82	3236442	3236443
5	49	83	3236443	3239152
5	49	84	3239156	3241248
5	49	85	3241252	3245961
5	49	86	3245970	3246186
5	49	87	3246190	3250907
5	49	88	3250916	3252669
5	38	89	3252684	3252685
5	38	90	3252685	3253367
5	38	91	3253369	3257417
5	38	92	3257419	3257721
5	38	93	3257720	3267146
5	3	94	3267147	3269448
5	3	95	3269447	3278821
5	3	96	3278821	3283629
5	3	97	3283630	3283810
5	10	98	3283809	3284583
5	10	99	3284582	3288721
5	10	100	3288720	3293345
5	10	101	3293346	3293576
5	10	102	3293580	3303265
5	14	103	3303264	3303265
5	14	104	3303265	3308141
5	14	105	3308142	3308143
5	14	106	3308147	3312008
5	14	107	3312352	3318241
5	14	108	3318240	3323129
5	49	109	3323144	3323145
5	49	110	3323145	3323358
5	49	111	3323359	3325444
5	49	112	3325446	3327996
5	49	113	3328000	3331969
5	49	114	3331972	3333160
5	49	115	3333161	3337724
5	49	116	3337731	3339245
5	49	117	3339250	3339251
5	49	118	3339251	3343949
5	49	119	3343951	3346093
5	49	120	3346096	3348889
5	49	121	3348893	3349911
5	49	122	3349934	3353766
5	49	123	3353772	3353989
5	49	124	3353992	3355277
5	5	125	3355279	3355986
5	5	126	3355989	3360142
5	5	127	3360144	3364698
5	5	128	3364700	3366597
5	5	129	3366597	3369467
5	5	130	3369468	3372573
5	39	131	3372572	3379726
5	39	132	3379734	3382363
5	39	133	3382365	3382611
5	39	134	3382610	3387359
5	39	135	3387360	3392075
5	48	141	3411178	3413409
5	48	142	3413408	3416416
5	48	143	3416420	3421508
5	48	144	3421509	3428425
5	48	145	3428427	3430101
5	48	146	3430105	3430892
5	48	147	3430893	3434810
5	48	148	3434812	3437528
5	48	149	3437530	3442217
5	48	150	3442216	3444966
5	48	151	3444968	3449705
5	4	152	3449704	3451914
5	4	153	3451914	3458714
5	4	154	3458714	3461008
5	4	155	3461007	3467422
5	4	156	3467423	3467890
5	4	157	3467889	3470111
5	41	185	3533776	3534123
5	41	186	3534125	3540462
5	41	187	3540466	3540499
5	41	188	3540499	3547593
5	41	189	3547597	3551918
5	41	190	3551925	3554203
5	24	191	3554202	3561187
5	24	192	3561191	3563505
5	24	193	3563505	3565811
5	24	194	3565812	3568075
5	24	195	3568075	3575627
5	24	196	3575628	3575729
5	24	197	3575728	3575778
5	24	198	3575777	3575806
5	24	199	3575805	3575885
5	24	200	3575886	3575909
5	24	201	3575908	3576005
5	22	202	3576011	3576029
5	22	203	3576029	3582823
5	22	204	3582823	3587456
5	22	205	3587457	3592100
5	22	206	3592100	3595324
5	35	214	3610550	3610772
5	35	215	3610777	3612721
5	35	216	3612721	3612753
5	19	217	3612752	3617139
5	19	218	3617138	3622035
5	19	219	3622039	3626426
5	19	220	3626449	3626787
5	19	221	3626795	3629249
5	40	235	3662922	3662923
5	40	236	3662923	3667652
5	40	237	3667654	3673986
5	40	238	3673995	3682785
6	45	1	3720671	3724266
6	45	2	3724265	3727752
6	45	3	3727753	3728128
6	45	4	3728131	3728931
6	45	5	3728938	3732551
6	50	6	3732552	3735153
6	50	7	3735157	3737780
6	50	8	3737779	3742509
6	50	9	3742508	3743177
6	50	10	3743179	3752056
6	45	11	3752062	3756929
6	45	12	3756930	3761883
6	45	13	3761882	3762152
6	45	14	3762188	3767167
6	45	15	3767167	3767592
6	45	16	3767591	3767864
6	45	17	3767867	3768050
6	51	18	3768049	3773048
6	51	19	3773051	3778221
6	51	20	3778225	3778495
6	51	21	3778499	3783344
6	51	22	3783346	3787187
6	51	23	3787194	3788355
6	29	24	3788354	3788357
6	29	25	3788357	3792224
6	29	26	3792232	3801793
6	29	27	3801792	3809032
6	31	28	3809031	3818546
6	31	29	3818550	3818742
6	31	30	3818747	3819584
6	31	31	3819586	3825912
6	31	32	3825920	3828461
6	35	33	3828460	3828492
6	35	34	3828492	3835260
6	35	35	3835266	3841605
6	35	36	3841604	3841777
6	35	37	3841802	3849964
6	35	38	3849963	3862923
6	35	39	3862927	3863126
6	35	40	3863127	3863323
6	35	41	3863324	3871199
6	3	42	3871199	3877273
6	3	43	3877272	3884356
6	3	44	3884355	3887215
6	3	45	3887214	3889562
6	3	46	3889567	3891225
6	29	47	3891224	3897371
6	29	48	3897372	3898558
6	29	49	3898560	3903528
6	29	50	3903528	3904188
6	29	51	3904187	3907896
6	29	52	3907896	3908314
6	29	53	3908326	3909751
6	31	54	3909750	3915243
6	31	55	3915244	3920333
6	31	56	3920341	3920566
6	31	57	3920571	3922434
6	31	58	3922438	3927410
6	49	59	3927409	3933388
6	49	60	3933395	3941577
6	49	61	3941577	3946228
6	49	62	3946228	3946720
6	31	63	3946727	3951454
6	31	64	3951459	3956804
6	31	65	3956806	3963084
6	31	66	3963085	3964055
6	35	67	3964054	3974500
6	35	68	3974505	3982317
6	51	69	3982316	3991685
6	51	70	3991688	3991916
6	51	71	3991917	3992116
6	51	72	3992121	4000055
6	51	73	4000054	4005308
6	51	74	4005307	4009106
6	51	75	4009105	4009271
6	51	76	4009270	4009437
6	51	77	4009450	4014578
6	51	78	4014579	4014580
6	51	79	4014586	4019650
6	51	80	4019663	4029807
6	8	81	4029806	4034776
6	8	82	4034779	4039810
6	8	83	4039816	4044579
6	8	84	4044579	4049602
6	8	85	4049607	4049638
6	8	86	4049641	4049839
6	11	87	4049838	4050545
6	11	88	4050546	4055086
6	11	89	4055090	4060010
6	11	90	4060010	4060636
6	23	91	4060638	4065350
6	23	92	4065351	4069323
6	23	93	4069325	4075314
6	29	94	4075314	4075315
6	29	95	4075314	4081283
6	29	96	4081286	4085264
6	29	97	4085266	4086460
6	29	98	4086464	4087482
6	29	99	4087509	4091531
6	29	100	4091533	4091751
6	38	101	4091750	4101875
6	38	102	4101874	4102109
6	38	103	4102113	4106900
6	38	104	4106900	4111685
6	38	105	4111686	4116563
6	38	106	4116562	4126213
6	38	107	4126216	4130676
6	38	108	4130688	4130703
6	38	109	4130717	4130955
6	38	110	4130963	4131160
6	38	111	4131162	4131186
6	30	112	4131185	4141079
6	30	113	4141087	4146740
6	30	114	4146742	4151654
6	30	115	4151657	4152263
6	3	116	4152262	4152263
6	3	117	4152264	4157081
6	3	118	4157081	4161697
6	3	119	4161698	4165550
6	3	120	4165560	4165566
6	3	121	4165574	4167155
6	3	122	4167155	4172467
6	11	123	4172466	4172468
6	11	124	4172468	4177492
6	11	125	4177496	4177497
6	11	126	4177497	4182537
6	11	127	4182537	4184990
6	11	128	4184998	4185664
6	11	129	4185671	4189551
6	11	130	4189555	4189570
6	11	131	4189574	4189768
6	52	132	4189768	4191869
6	52	133	4191871	4196575
6	52	134	4196576	4200642
6	52	135	4200647	4204269
6	52	136	4204269	4207513
6	52	137	4207512	4208321
6	24	138	4208322	4210575
6	24	139	4210580	4217388
6	24	140	4217391	4219690
6	24	141	4219695	4226116
6	24	142	4226123	4226587
6	24	143	4226587	4228824
6	18	144	4228823	4228824
6	18	145	4228824	4236042
6	18	146	4236041	4238496
6	18	147	4238495	4243438
6	18	148	4243437	4245917
6	18	149	4245916	4248155
6	18	150	4248154	4248482
6	23	151	4248481	4251091
6	23	152	4251093	4253546
6	23	153	4253548	4255957
6	23	154	4255958	4255986
6	23	155	4255989	4260496
6	23	156	4260507	4262857
6	23	157	4262861	4264253
6	23	158	4264257	4265517
6	23	159	4265522	4265547
6	23	160	4265551	4265918
6	11	161	4265917	4270674
6	11	162	4270678	4273058
6	11	163	4273060	4278015
6	11	164	4278017	4282667
6	11	165	4282669	4287195
6	12	166	4287195	4287197
6	12	167	4287197	4289882
6	12	168	4289885	4292228
6	12	169	4292228	4294735
6	12	170	4294740	4297113
6	12	171	4297113	4303649
6	12	172	4303650	4304097
6	12	173	4304104	4305929
6	40	174	4305928	4312755
6	40	175	4312755	4315198
6	40	176	4315198	4317331
6	40	177	4317331	4319516
6	40	178	4319516	4324087
6	40	179	4324086	4326331
6	32	180	4326331	4328575
6	32	181	4328576	4330899
6	32	182	4330898	4333250
6	32	183	4333250	4335559
6	32	184	4335559	4337871
6	32	185	4337870	4340251
6	32	186	4340257	4344943
6	32	187	4344946	4345408
6	53	188	4345407	4347632
6	53	189	4347633	4355747
6	53	190	4355748	4357859
6	53	191	4357867	4360572
6	53	192	4360584	4360815
6	53	193	4360818	4365661
6	42	194	4365661	4370691
6	42	195	4370690	4374938
6	42	196	4374938	4375241
6	42	197	4375246	4379997
6	42	198	4379997	4384665
6	42	199	4384676	4384688
6	42	200	4384689	4384880
6	12	206	4402986	4404840
6	12	207	4404844	4408075
6	12	208	4408076	4409953
6	12	209	4409954	4413196
6	12	210	4413198	4414571
6	12	211	4414576	4418866
6	12	212	4418868	4419089
6	12	213	4419093	4420608
6	12	214	4420607	4420872
6	52	215	4420873	4426100
6	52	216	4426101	4431052
6	52	217	4431051	4432591
6	52	218	4432594	4438523
6	52	219	4438522	4438688
6	12	220	4438687	4440480
6	12	221	4440482	4443592
6	12	222	4443593	4448340
6	12	223	4448342	4449684
6	12	224	4449687	4454862
6	12	225	4454862	4454907
6	12	226	4454909	4455147
6	12	227	4455148	4455388
6	37	228	4455387	4460110
6	37	229	4460113	4460354
6	37	230	4460364	4465313
6	37	231	4465315	4465560
6	37	232	4465561	4470389
6	37	233	4470391	4470847
6	37	234	4470847	4470896
6	37	235	4470911	4470925
6	37	236	4470925	4472816
6	16	237	4472815	4481473
6	16	238	4481473	4486637
6	16	239	4486636	4490109
6	30	240	4490108	4496927
6	30	241	4496926	4503489
6	30	242	4503489	4503686
6	30	243	4503687	4504361
6	30	244	4504365	4510315
6	30	245	4510319	4511131
6	54	246	4511139	4518709
6	54	247	4518709	4525920
6	54	248	4525919	4529223
6	54	249	4529223	4532818
6	29	250	4532829	4535116
6	29	251	4535117	4539472
6	29	252	4539471	4546073
6	29	253	4546075	4547667
6	29	254	4547667	4553053
6	29	255	4553055	4553257
6	3	256	4553256	4560084
6	3	257	4560085	4561558
6	3	258	4561559	4566680
6	3	259	4566687	4566914
6	3	260	4566915	4573718
6	55	261	4573717	4579937
6	55	262	4579938	4586837
6	55	263	4586838	4587382
6	55	264	4587395	4590205
6	55	265	4590208	4594070
6	55	266	4594072	4594386
6	19	272	4614247	4616651
6	19	273	4616652	4627862
6	19	274	4627867	4634378
6	23	279	4655795	4668693
6	23	280	4668695	4668772
6	23	281	4668773	4675520
6	23	282	4675519	4675534
6	19	283	4675535	4675537
6	19	284	4675536	4676828
6	19	285	4676828	4681602
6	19	286	4681601	4682185
6	19	287	4682184	4688753
6	19	288	4688754	4689294
6	19	289	4689294	4690604
7	23	1	4690605	4691252
7	23	2	4691253	4697309
7	23	3	4697311	4700771
7	23	4	4700775	4700967
7	23	5	4700968	4701226
7	23	6	4701227	4705717
7	23	7	4705719	4708382
7	36	8	4708396	4711005
7	36	9	4711012	4718352
7	36	10	4718351	4719000
7	36	11	4719002	4727864
7	51	12	4727863	4732781
7	51	13	4732785	4737916
7	51	14	4737919	4742924
7	51	15	4742935	4743129
7	51	16	4743131	4747996
7	13	17	4748003	4748004
7	13	18	4748004	4752783
7	13	19	4752782	4752783
7	13	20	4752784	4754708
7	13	21	4754709	4757545
7	13	22	4757545	4758251
7	13	23	4758253	4762550
7	52	24	4762550	4767167
7	52	25	4767170	4771865
7	52	26	4771865	4772077
7	52	27	4772079	4772501
7	52	28	4772502	4776767
7	23	29	4776771	4777763
7	23	30	4777764	4786110
7	23	31	4786115	4789944
7	23	32	4789946	4794541
7	23	33	4794543	4796607
7	23	34	4796619	4797038
7	26	35	4797037	4803308
7	26	36	4803307	4804509
7	26	37	4804511	4809247
7	26	38	4809246	4814043
7	26	39	4814047	4815549
7	50	40	4815548	4816801
7	50	41	4816804	4828206
7	50	42	4828205	4834587
7	49	43	4834586	4835927
7	49	44	4835932	4840823
7	49	45	4840826	4849071
7	49	46	4849080	4853378
7	49	47	4853385	4853566
7	49	48	4853566	4853769
7	24	55	4866660	4876548
7	24	56	4876547	4876790
7	24	57	4876791	4880337
7	24	58	4880336	4882127
7	8	59	4882127	4889405
7	8	60	4889404	4894077
7	8	61	4894077	4901126
7	20	75	4954352	4954353
7	20	76	4954353	4959638
7	20	77	4959639	4959833
7	20	78	4959834	4964817
7	20	79	4964856	4974802
7	8	80	4974802	4974804
7	8	81	4974804	4984072
7	8	82	4984073	4988566
7	8	83	4988567	4989183
7	8	84	4989186	4993442
7	40	85	4993441	4994065
7	40	86	4994067	4998585
7	40	87	4998588	5003913
7	40	88	5003918	5008915
7	40	89	5008919	5012077
7	40	90	5012076	5012270
7	8	99	5053644	5053645
7	8	100	5053650	5064469
7	8	101	5064480	5070098
7	8	102	5070099	5073400
7	8	103	5073406	5074550
7	19	132	5167261	5174098
7	19	133	5174100	5178863
7	19	134	5178864	5188649
7	28	135	5188648	5193411
7	28	136	5193411	5195869
7	28	137	5195868	5198268
7	28	138	5198268	5203777
7	56	153	5243058	5246204
7	56	154	5246206	5250898
7	56	155	5250901	5253146
7	56	156	5253146	5255486
7	56	157	5255491	5257781
7	56	158	5257780	5262426
7	52	159	5262431	5269502
7	52	160	5269503	5276463
7	52	161	5276463	5278712
7	52	162	5278712	5285376
7	0	164	5292031	5293243
7	0	165	5293245	5298551
7	0	166	5298556	5300855
7	0	167	5300860	5305193
7	0	168	5305210	5312081
7	8	169	5312080	5313361
7	8	170	5313367	5318098
7	8	171	5318101	5318663
7	8	172	5318666	5325452
7	8	173	5325452	5326008
8	28	1	5326007	5326017
8	28	2	5326018	5329303
8	28	3	5329304	5332520
8	28	4	5332519	5332520
8	28	5	5332519	5333723
8	28	6	5333724	5335849
8	28	7	5335850	5336093
8	28	8	5336093	5339535
8	28	9	5339534	5342737
8	31	10	5342737	5347676
8	31	11	5347676	5350039
8	31	12	5350052	5353597
8	31	13	5353599	5357654
8	31	14	5357656	5362268
8	31	15	5362268	5362690
8	27	16	5362691	5372173
8	27	17	5372178	5372179
8	27	18	5372185	5376000
8	27	19	5376001	5376840
8	27	20	5376844	5381788
8	46	21	5381788	5386444
8	46	22	5386443	5391083
8	46	23	5391083	5395749
8	46	24	5395749	5395978
8	46	25	5395980	5399111
8	47	26	5399111	5403916
8	47	27	5403916	5408902
8	47	28	5408903	5413614
8	47	29	5413614	5418515
8	27	30	5418515	5423496
8	27	31	5423496	5429004
8	27	32	5429005	5436366
8	27	33	5436365	5437531
8	3	34	5437530	5444402
8	3	35	5444409	5450354
8	3	36	5450354	5451094
8	3	37	5451094	5457187
8	4	38	5457186	5463421
8	4	39	5463423	5469493
8	4	40	5469500	5469743
8	4	41	5469744	5476423
8	13	42	5476423	5476632
8	13	43	5476634	5482511
8	13	44	5482513	5488651
8	13	45	5488659	5488895
8	13	46	5488903	5495254
8	13	47	5495256	5496784
8	39	48	5496783	5502704
8	39	49	5502704	5508549
8	39	50	5508552	5508813
8	39	51	5508818	5509055
8	39	52	5509058	5515434
8	39	53	5515439	5515693
8	49	54	5515694	5519241
8	49	55	5519243	5523318
8	49	56	5523318	5530520
8	49	57	5530526	5532867
8	49	58	5532868	5533081
8	3	59	5533086	5536028
8	3	60	5536030	5541843
8	3	61	5541843	5542093
8	3	62	5542092	5550145
8	12	63	5550144	5550147
8	12	64	5550147	5554020
8	12	65	5554023	5554183
8	12	66	5554187	5563314
8	12	67	5563313	5565222
8	12	68	5565222	5565720
8	12	69	5565725	5565933
8	29	70	5565932	5565934
8	29	71	5565934	5568720
8	29	72	5568719	5568720
8	29	73	5568720	5570213
8	29	74	5570220	5570648
8	29	75	5570652	5571759
8	29	76	5571758	5576183
8	29	77	5576186	5583131
8	6	78	5583145	5583564
8	6	79	5583563	5583964
8	6	80	5583969	5586657
8	6	81	5586658	5587492
8	6	82	5587505	5602641
8	12	83	5602656	5603266
8	12	84	5603270	5607524
8	12	85	5607525	5609483
8	12	86	5609485	5614316
8	12	87	5614321	5614343
8	12	88	5614351	5617413
8	12	89	5617418	5617462
8	12	90	5617469	5617722
8	31	91	5617721	5624874
8	31	92	5624877	5627677
8	31	93	5627683	5632518
8	31	94	5632525	5633141
8	31	95	5633145	5637145
8	19	96	5637146	5637147
8	19	97	5637147	5637804
8	19	98	5637806	5641823
8	19	99	5641823	5642535
8	19	100	5642534	5642775
8	19	101	5642774	5653013
8	2	102	5653012	5653013
8	2	103	5653019	5657655
8	2	104	5657661	5657686
8	2	105	5657691	5667929
8	2	106	5667935	5672466
8	2	107	5672468	5673172
8	57	108	5673171	5677954
8	57	109	5677954	5683986
8	57	110	5684001	5693116
8	57	111	5693118	5693363
8	31	112	5693362	5698503
8	31	113	5698504	5700648
8	31	114	5700656	5703377
8	31	115	5703380	5704206
8	31	116	5704210	5708597
8	31	117	5708600	5708979
8	31	118	5708979	5710259
8	8	119	5710259	5714906
8	8	120	5714911	5717167
8	8	121	5717167	5719649
8	8	122	5719661	5724972
8	8	123	5724973	5724979
8	8	124	5724985	5726633
8	8	125	5726638	5726832
8	8	126	5726838	5726855
8	8	127	5726859	5726871
8	8	128	5726875	5727093
8	28	129	5727092	5734162
8	28	130	5734161	5736771
8	28	131	5736770	5737033
8	28	132	5737032	5741924
8	28	133	5741923	5746898
8	46	134	5746898	5751775
8	46	135	5751777	5756532
8	46	136	5756531	5761087
8	46	137	5761086	5762248
8	46	138	5762260	5762313
8	46	139	5762328	5762791
8	19	140	5762790	5767461
8	19	141	5767460	5768496
8	19	142	5768496	5773089
8	19	143	5773088	5775395
8	19	144	5775395	5777691
8	19	145	5777690	5780114
8	19	146	5780114	5782035
8	19	147	5782034	5782051
8	19	148	5782050	5782253
8	5	149	5782252	5784849
8	5	150	5784851	5786998
8	5	151	5787003	5789116
8	5	152	5789115	5791181
8	5	153	5791180	5793313
8	5	154	5793318	5794380
8	5	155	5794384	5795798
8	5	156	5795800	5796855
8	5	157	5796858	5800761
8	8	158	5800761	5800763
8	8	159	5800763	5800766
8	8	160	5800772	5805448
8	8	161	5805452	5807955
8	8	162	5807962	5810265
8	8	163	5810267	5812645
8	8	164	5812647	5812695
8	8	165	5812696	5817138
8	45	166	5817138	5817141
8	45	167	5817141	5819354
8	45	168	5819354	5821763
8	45	169	5821765	5828687
8	45	170	5828689	5834342
8	45	171	5834347	5836734
8	5	172	5836739	5839113
8	5	173	5839114	5841373
8	5	174	5841378	5843636
8	5	175	5843637	5845768
8	5	176	5845770	5848045
8	5	177	5848046	5850266
8	5	178	5850269	5852597
8	5	179	5852598	5852973
8	5	180	5852988	5854934
8	20	181	5854933	5857050
8	20	182	5857051	5859506
8	20	183	5859507	5861888
8	20	184	5861887	5866838
8	20	185	5866838	5871499
8	20	186	5871499	5876012
8	20	187	5876017	5876973
8	20	188	5876986	5878005
8	20	189	5878015	5878100
8	20	190	5878538	5878830
8	20	191	5878829	5878830
8	53	192	5878831	5878855
8	53	193	5878857	5878858
8	53	194	5878858	5881528
8	53	195	5881529	5883878
8	53	196	5883879	5888674
8	53	197	5888675	5889142
8	53	198	5889144	5891024
8	53	199	5891029	5893347
8	53	200	5893346	5897922
8	39	201	5897921	5904644
8	39	202	5904644	5907158
8	39	203	5907162	5909291
8	39	204	5909290	5911489
8	39	205	5911492	5913829
8	39	206	5913828	5915971
8	39	207	5915971	5918184
8	15	208	5918183	5920449
8	15	209	5920454	5922774
8	15	210	5922774	5925108
8	15	211	5925107	5927424
8	15	212	5927423	5929657
8	15	213	5929656	5932572
8	3	214	5932571	5937620
8	3	215	5937625	5939437
8	3	216	5939442	5942721
8	3	217	5942721	5944031
8	3	218	5944036	5948177
8	3	219	5948179	5948620
8	3	220	5948631	5948648
8	3	221	5948652	5949103
8	27	222	5949102	5954114
8	27	223	5954115	5959224
8	27	224	5959223	5964405
8	27	225	5964406	5964872
8	27	226	5964875	5969783
8	58	227	5969782	5974746
8	58	228	5974747	5979496
8	58	229	5979504	5979684
8	58	230	5979683	5984533
8	58	231	5984533	5986335
8	58	232	5986338	5989233
8	13	236	6004719	6012848
8	13	237	6012851	6015111
8	13	238	6015112	6020083
8	13	239	6020088	6024798
8	13	240	6024804	6025016
8	19	241	6025015	6025236
8	19	242	6025240	6030908
8	19	243	6030909	6036492
8	19	244	6036491	6040923
8	19	245	6040923	6042285
8	19	246	6042285	6043146
8	45	247	6043145	6048966
8	45	248	6048975	6053018
8	45	249	6053022	6058236
8	45	250	6058238	6058511
8	45	251	6058514	6063744
8	59	252	6063749	6072392
8	59	253	6072393	6073312
8	59	254	6073323	6078147
8	59	255	6078146	6078580
8	59	256	6078591	6083430
8	59	257	6083442	6083642
8	58	258	6083642	6090473
8	58	259	6090472	6092225
8	58	260	6092227	6097994
8	58	261	6097993	6105435
8	29	262	6105436	6112485
8	29	263	6112484	6112839
8	29	264	6112846	6126696
8	29	265	6126700	6127434
8	29	266	6127440	6127662
8	29	267	6127661	6127893
8	8	268	6127895	6128990
8	8	269	6128995	6128996
8	8	270	6128996	6142291
8	8	271	6142296	6146189
8	8	272	6146196	6147621
8	5	273	6147625	6148855
8	5	274	6148857	6154025
8	5	275	6154028	6154488
8	5	276	6154490	6154523
8	5	277	6154523	6154524
8	5	278	6154523	6160826
8	5	279	6160828	6161547
8	5	280	6161552	6167509
8	2	281	6167509	6175938
8	2	282	6175943	6181287
8	2	283	6181286	6181486
8	2	284	6181496	6189969
8	40	290	6210782	6210805
8	40	291	6210804	6217095
8	40	292	6217094	6223671
9	14	1	6223670	6223671
9	14	2	6223671	6228216
9	14	3	6228220	6230480
9	14	4	6230481	6230709
9	14	5	6230711	6230735
9	14	6	6230734	6230766
9	14	7	6230766	6234138
9	14	8	6234142	6234582
9	14	9	6234581	6239513
9	14	10	6239516	6239653
9	60	11	6239661	6243930
9	60	12	6243929	6244692
9	60	13	6244692	6253863
9	60	14	6253867	6254216
9	60	15	6254235	6258915
9	60	16	6258922	6259575
9	60	17	6259580	6263731
9	60	18	6263731	6268505
9	60	19	6268506	6273305
9	60	20	6273305	6277211
9	60	21	6277219	6278381
9	60	22	6278386	6287558
9	60	23	6287559	6297892
9	60	24	6297891	6307582
9	60	25	6307583	6312425
9	60	26	6312428	6312621
9	60	27	6312623	6317606
9	50	28	6317609	6322560
9	50	29	6322559	6327330
9	50	30	6327329	6332246
9	50	31	6332245	6337000
9	52	32	6336999	6339114
9	52	33	6339115	6343569
9	52	34	6343572	6349650
9	52	35	6349653	6352001
9	52	36	6352012	6356160
9	60	37	6356159	6368586
9	60	38	6368587	6368826
9	60	39	6368828	6375464
9	37	40	6375470	6375471
9	37	41	6375471	6381603
9	37	42	6381604	6387776
9	37	43	6387779	6387959
9	37	44	6387961	6394914
9	37	45	6394935	6395388
9	26	46	6395388	6395389
9	26	47	6395388	6396615
9	26	48	6396617	6401531
9	26	49	6401531	6407607
9	26	50	6407606	6413815
9	11	51	6413814	6413834
9	11	52	6413833	6419759
9	11	53	6419761	6435662
9	52	54	6435661	6435662
9	52	55	6435662	6440966
9	52	56	6440967	6445228
9	52	57	6445235	6451306
9	52	58	6451308	6452643
9	52	59	6452647	6453209
9	49	60	6453209	6453211
9	49	61	6453211	6464179
9	49	62	6464183	6464403
9	49	63	6464404	6469702
9	49	64	6469703	6472133
9	10	65	6472135	6472136
9	10	66	6472136	6482354
9	10	67	6482355	6489602
9	52	68	6489601	6494874
9	52	69	6494877	6499993
9	52	70	6499997	6505204
9	52	71	6505208	6505741
9	52	72	6505743	6506033
9	19	73	6506032	6506033
9	19	74	6506033	6510771
9	19	75	6510770	6515561
9	19	76	6515561	6520538
9	19	77	6520538	6525529
9	14	78	6525528	6525529
9	14	79	6525529	6529249
9	14	80	6529294	6539356
9	14	81	6539356	6540067
9	14	82	6540072	6544267
9	11	83	6544267	6544910
9	11	84	6544913	6549440
9	11	85	6549441	6554793
9	11	86	6554800	6559809
9	11	87	6559811	6563032
9	11	88	6563037	6563213
9	49	89	6563213	6568178
9	49	90	6568178	6570436
9	49	91	6570439	6572418
9	49	92	6572427	6573320
9	49	93	6573320	6573537
9	49	94	6573540	6577636
9	49	95	6577635	6578663
9	52	96	6578673	6583241
9	52	97	6583245	6588107
9	52	98	6588107	6592777
9	52	99	6592786	6593019
9	52	100	6593020	6593232
9	52	101	6593233	6598396
9	11	102	6598396	6598397
9	11	103	6598397	6603228
9	11	104	6603231	6608158
9	11	105	6608164	6608823
9	11	106	6608827	6613754
9	11	107	6613756	6617975
9	11	108	6617977	6618209
9	55	109	6618209	6623345
9	55	110	6623344	6628216
9	55	111	6628215	6632532
9	55	112	6632532	6637923
9	61	113	6637926	6637927
9	61	114	6637927	6642629
9	61	115	6642633	6644916
9	61	116	6644920	6647273
9	61	117	6647275	6652000
9	61	118	6651999	6654857
9	61	119	6654857	6656538
9	61	120	6656543	6656732
9	2	121	6656731	6657865
9	2	122	6657868	6659779
9	2	123	6659782	6662675
9	14	124	6662675	6662676
9	14	125	6662676	6663334
9	14	126	6663335	6667323
9	14	127	6667325	6677223
9	12	128	6677228	6677257
9	12	129	6677256	6679849
9	12	130	6679851	6681997
9	12	131	6681997	6684105
9	12	132	6684105	6686172
9	12	133	6686173	6688318
9	12	134	6688317	6689415
9	12	135	6689415	6690840
9	12	136	6690841	6691905
9	12	137	6691907	6695836
9	61	138	6695835	6698120
9	61	139	6698121	6700404
9	61	140	6700403	6702674
9	61	141	6702674	6704984
9	61	142	6704983	6709264
9	61	143	6709264	6711614
9	61	144	6711614	6713873
9	61	145	6713872	6716253
9	53	146	6716253	6716255
9	53	147	6716255	6716295
9	53	148	6716294	6723058
9	53	149	6723061	6723475
9	53	150	6723477	6728268
9	53	151	6728269	6737822
9	46	152	6737822	6739781
9	46	153	6739782	6748602
9	46	154	6748601	6750879
9	46	155	6750878	6753129
9	0	156	6753128	6755507
9	0	157	6755511	6757869
9	18	158	6757868	6757869
9	18	159	6757869	6764849
9	18	160	6764848	6769294
9	18	161	6769293	6771551
9	18	162	6771550	6771551
9	18	163	6771551	6773679
9	18	164	6773678	6778107
9	18	165	6778106	6778314
9	62	166	6778314	6785144
9	62	167	6785144	6787435
9	62	168	6787434	6789807
9	62	169	6789808	6792170
9	62	170	6792169	6794579
9	62	171	6794578	6794752
9	62	172	6794757	6794788
9	62	173	6794794	6797226
9	45	174	6797225	6797227
9	45	175	6797227	6799274
9	45	176	6799273	6808763
9	45	177	6808771	6811496
9	30	178	6811495	6816628
9	30	179	6816628	6821455
9	30	180	6821455	6826440
9	30	181	6826440	6828057
9	30	182	6828056	6828059
9	30	183	6828059	6829945
9	29	184	6829944	6829945
9	29	185	6829945	6834944
9	29	186	6834944	6840109
9	29	187	6840110	6840960
9	29	188	6840960	6845304
9	29	189	6845304	6848735
9	29	190	6848735	6849721
9	48	191	6849723	6854655
9	48	192	6854655	6859383
9	48	193	6859387	6859560
9	48	194	6859578	6864414
9	48	195	6864420	6866220
9	48	196	6866225	6869142
9	14	197	6869149	6870091
9	14	198	6870092	6875198
9	14	199	6875211	6884831
9	14	200	6884836	6886305
9	14	201	6886307	6886606
9	14	202	6886605	6886607
9	14	203	6886607	6889897
9	14	204	6889901	6891835
9	14	205	6891838	6899846
9	14	206	6899855	6904514
9	14	207	6904517	6904969
9	14	208	6904978	6906137
9	55	209	6906138	6911036
9	55	210	6911035	6916104
9	55	211	6916103	6921364
9	55	212	6921388	6926802
9	55	213	6926801	6931730
9	55	214	6931730	6936763
9	55	215	6936767	6942219
9	55	216	6942220	6942527
9	55	217	6942531	6947751
9	2	218	6947756	6952499
9	2	219	6952501	6952965
9	2	220	6952967	6959215
9	2	221	6959219	6968708
9	55	222	6968707	6968708
9	55	223	6968708	6975499
9	55	224	6975502	6981931
9	55	225	6981932	6982144
9	55	226	6982146	6982779
9	55	227	6982789	6988762
9	63	228	6988761	6988764
9	63	229	6988763	6989036
9	63	230	6989035	6989038
9	63	231	6989037	6995798
9	63	232	6995797	7003089
9	63	233	7003088	7006386
9	63	234	7006388	7009993
9	24	235	7009992	7012227
9	24	236	7012229	7023383
9	24	237	7023384	7025162
9	24	238	7025164	7028147
9	24	239	7028148	7030438
9	8	240	7030445	7037077
9	8	241	7037077	7038492
9	8	242	7038494	7043678
9	8	243	7043677	7043883
9	8	244	7043885	7050512
9	11	245	7050516	7057176
9	11	246	7057177	7057674
9	11	247	7057677	7064291
9	11	248	7064292	7070285
9	2	256	7090218	7096692
9	2	257	7096691	7097072
9	2	258	7097072	7097096
9	2	259	7097111	7097353
9	2	260	7097355	7103986
9	2	261	7103993	7110777
9	14	262	7110776	7110777
9	14	263	7110777	7111349
9	14	264	7111353	7117268
9	14	265	7117268	7117694
9	14	266	7117697	7123899
9	14	267	7123903	7128983
9	14	268	7128987	7129223
9	14	269	7129222	7129643
9	8	270	7129657	7142149
9	8	271	7142149	7149208
9	11	272	7149218	7149795
9	11	273	7149798	7155767
9	11	274	7155770	7162028
9	11	275	7162030	7162580
9	11	276	7162583	7163993
