0	0	1	-1	23401
0	0	2	23454	37120
0	0	3	38239	38827
0	0	4	38826	43407
0	0	5	43406	43407
0	0	6	43407	43479
0	0	7	45391	56725
0	1	8	56724	70548
0	1	9	70689	73269
0	1	10	73268	88682
0	1	11	88681	105089
0	1	12	105088	105663
0	1	13	105662	122346
0	0	14	122345	138649
0	0	15	138648	155458
0	0	16	155457	170482
0	0	17	170517	171206
0	0	18	171205	171626
0	0	19	171625	186863
0	2	20	186862	186863
0	2	21	186863	202541
0	2	22	202653	218223
0	2	23	218314	218978
0	2	24	218977	223122
0	2	25	223226	236080
0	2	26	236079	253456
0	3	27	253455	269310
0	3	28	269333	292285
0	3	29	292366	302149
0	3	30	302149	321124
0	4	31	321316	321318
0	4	32	321317	337601
0	4	33	337600	353423
0	4	34	353423	368800
0	4	35	368799	369293
0	4	36	369292	385263
0	5	37	385262	407393
0	5	38	407490	428152
0	5	39	428572	428972
0	5	40	428971	435566
0	5	41	435604	449630
0	5	42	449676	455172
0	6	43	455214	455218
0	6	44	455219	476436
0	6	45	476435	498097
0	6	46	498096	498660
0	6	47	498659	523001
0	7	48	523000	546467
0	7	49	546521	551735
0	7	50	551767	569152
0	7	51	569164	574466
0	7	52	574711	586417
0	7	53	586456	592073
0	8	54	592072	592075
0	8	55	592074	614939
0	8	56	614939	637436
0	8	57	637436	661445
0	8	58	661824	661903
0	8	59	661902	662392
0	9	60	662605	662607
0	9	61	662607	678600
0	9	62	678599	679132
0	9	63	679131	724422
0	10	70	784105	817672
0	10	71	817731	818221
0	10	72	818220	840531
0	11	73	840530	840531
0	11	74	840531	858689
0	11	75	858764	896412
0	12	76	896411	910216
0	12	77	910215	950156
0	12	78	950155	951158
0	3	79	951157	967816
0	3	80	967815	970291
0	3	81	970290	984349
0	3	82	984348	999928
0	3	83	999954	1017480
0	13	84	1017806	1017809
0	13	85	1017808	1033636
0	13	86	1033635	1051491
0	13	87	1051490	1067714
0	13	88	1067713	1084253
0	14	89	1084252	1084253
0	14	90	1084253	1100461
0	14	91	1100460	1105192
0	14	92	1105191	1115945
0	14	93	1115944	1140235
0	12	94	1140234	1140237
0	12	95	1140236	1142849
0	12	96	1142848	1156662
0	12	97	1156661	1176126
0	12	98	1176396	1195128
0	12	99	1195127	1199210
0	12	100	1199209	1199670
0	15	101	1199669	1214441
0	15	102	1214597	1230722
0	15	103	1230827	1239289
0	15	104	1239542	1244765
0	15	105	1244764	1247563
0	15	106	1247563	1256649
0	15	107	1256648	1257233
0	5	108	1257232	1257782
0	5	109	1257781	1264935
0	5	110	1264980	1272816
0	5	111	1272891	1286276
0	5	112	1286275	1290017
0	5	113	1290016	1304964
0	5	114	1305143	1310595
0	13	115	1310594	1336137
0	13	116	1336170	1344595
0	13	117	1344594	1362474
0	13	118	1362473	1368364
0	13	119	1368363	1369780
0	13	120	1369842	1370422
0	16	121	1370421	1387190
0	16	122	1387211	1395374
0	16	123	1395423	1404258
0	16	124	1404321	1421322
0	16	125	1421382	1422906
0	16	126	1422937	1423645
0	16	127	1423644	1423645
0	16	128	1423644	1432809
0	17	129	1432848	1432850
0	17	130	1432850	1450641
0	17	131	1451312	1466884
0	17	132	1467122	1481119
0	17	133	1481199	1481200
0	17	134	1481199	1486189
0	17	135	1486188	1505650
0	18	136	1505649	1522926
0	18	137	1522925	1522927
0	18	138	1522927	1539251
0	18	139	1539338	1547091
0	18	140	1547091	1549446
0	18	141	1549550	1563653
0	18	142	1563652	1564129
0	3	143	1564129	1578714
0	3	144	1578713	1587048
0	3	145	1587214	1602621
0	3	146	1602621	1636576
0	19	147	1636575	1644877
0	19	148	1644876	1660529
0	19	149	1660528	1669350
0	19	150	1669349	1676783
0	19	151	1676800	1684745
0	19	152	1684811	1684812
0	19	153	1684812	1700100
0	20	154	1700162	1700163
0	20	155	1700163	1725218
0	20	156	1727948	1736188
0	20	157	1736187	1753141
0	20	158	1753279	1761363
0	20	159	1761362	1769222
0	20	160	1769432	1769447
0	20	161	1769446	1770417
0	18	162	1770503	1777517
0	18	163	1777516	1801327
0	18	164	1801326	1815965
0	18	165	1815964	1831239
0	18	166	1831238	1838592
0	18	167	1838591	1838592
0	18	168	1838591	1839365
0	21	169	1839365	1839366
0	21	170	1839365	1847495
0	21	171	1847494	1855455
0	21	172	1855454	1868621
0	21	173	1868826	1872386
0	21	174	1872386	1887861
0	21	175	1887861	1898922
0	15	176	1899042	1909100
0	15	177	1909099	1916780
0	15	178	1916779	1932596
0	15	179	1932595	1934072
0	15	180	1934298	1940483
0	15	181	1940482	1947984
0	15	182	1947983	1947984
0	15	183	1947984	1963382
0	13	184	1963382	1985115
0	13	185	1985114	1999926
0	13	186	1999941	2007596
0	13	187	2007596	2014910
0	13	188	2014910	2021182
0	13	189	2021421	2030139
0	19	190	2030138	2032680
0	19	191	2032679	2038558
0	19	192	2038557	2053430
0	19	193	2053437	2064517
0	19	194	2064516	2069314
0	19	195	2069313	2100206
0	13	196	2100205	2116463
0	13	197	2116620	2132483
0	13	198	2132662	2148778
0	13	199	2148853	2172557
0	19	200	2172556	2189722
0	19	201	2189721	2206676
0	19	202	2206675	2207070
0	19	203	2207069	2241304
0	22	204	2241303	2258095
0	22	205	2258094	2264294
0	22	206	2264443	2274598
0	22	207	2274597	2275303
0	22	208	2275302	2292076
0	22	209	2292075	2307979
0	22	210	2307978	2308491
0	23	211	2308490	2324818
0	23	212	2324817	2332028
0	23	213	2332104	2341578
0	23	214	2341655	2346466
0	23	215	2346893	2347057
0	23	216	2347186	2374407
0	23	217	2374406	2377998
0	0	218	2377997	2378067
0	0	219	2378217	2413396
0	0	220	2413583	2418335
0	0	221	2418334	2438910
0	22	222	2438910	2445060
0	22	223	2445375	2455545
0	22	224	2455544	2471594
0	22	225	2471593	2478509
0	22	226	2478508	2479558
0	22	227	2479645	2480553
0	22	228	2480553	2485476
0	24	229	2485475	2505159
0	24	230	2505159	2518585
0	24	231	2518584	2536489
0	24	232	2536488	2537405
0	24	233	2537404	2555778
0	4	234	2556197	2571235
0	4	235	2572128	2579057
0	4	236	2579108	2588093
0	4	237	2588092	2588460
0	4	238	2588459	2605230
0	4	239	2605229	2607164
0	4	240	2608489	2608651
0	4	241	2610597	2612115
0	25	242	2612293	2635762
0	25	243	2635960	2661484
0	22	244	2661483	2686235
0	22	245	2686524	2691463
0	22	246	2691462	2711193
0	22	247	2711192	2711753
0	22	248	2711794	2712301
0	22	249	2712300	2712301
0	22	250	2712300	2730454
0	26	251	2730630	2730631
0	26	252	2730631	2753769
0	26	253	2753768	2758826
0	26	254	2758825	2775575
0	26	255	2775575	2776034
0	26	256	2776033	2798757
0	26	257	2798773	2803366
0	27	266	2856243	2860835
0	27	267	2860834	2866795
0	27	268	2866794	2866829
0	27	269	2866828	2866829
0	27	270	2866828	2867743
0	27	271	2868872	2870075
0	27	272	2870232	2907194
0	27	273	2907193	2929547
0	3	274	2929748	2952010
0	3	275	2952010	2953678
0	3	276	2953677	2959703
0	3	277	2961351	2976928
0	3	278	2976991	2999561
0	3	279	3000714	3002499
0	28	280	3002499	3002500
0	28	281	3002499	3024602
0	28	282	3024601	3026263
0	28	283	3026262	3047221
0	28	284	3047220	3070821
0	28	285	3070820	3070821
0	28	286	3070820	3071339
0	29	287	3071338	3073063
0	29	288	3073062	3093626
0	29	289	3093823	3115693
0	29	290	3116148	3118033
0	29	291	3118032	3122578
0	29	292	3122657	3131010
0	29	293	3131104	3140295
0	30	294	3140294	3140295
0	30	295	3140295	3162811
0	30	296	3162810	3164207
0	30	297	3164230	3186828
0	30	298	3186827	3188641
1	31	4	3200878	3214816
1	31	5	3214815	3223635
1	31	6	3223634	3236096
1	31	7	3236095	3248693
1	31	8	3248692	3252285
1	31	9	3253166	3260390
1	27	10	3260389	3275410
1	27	11	3275564	3290782
1	27	12	3290781	3293495
1	27	13	3293578	3319552
1	27	14	3319694	3322901
1	30	15	3322900	3322901
1	30	16	3322901	3338249
1	30	17	3338249	3355288
1	30	18	3355287	3355783
1	30	19	3355782	3370870
1	30	20	3370869	3385246
1	29	31	3513625	3543693
1	29	32	3543692	3547993
1	29	33	3547992	3557062
1	29	34	3557260	3562008
1	29	35	3562046	3575214
1	29	36	3575213	3577813
1	3	37	3577813	3577814
1	3	38	3577813	3600022
1	3	39	3600103	3609889
1	3	40	3609888	3622604
1	3	41	3622732	3625089
1	3	42	3625088	3649873
1	32	43	3649872	3671947
1	32	44	3672161	3679959
1	32	45	3679958	3694052
1	32	46	3694051	3710009
1	32	47	3710094	3715669
1	32	48	3715668	3716172
1	32	49	3716171	3716658
1	29	53	3785519	3790327
1	10	59	3862384	3883410
1	10	60	3883430	3931300
1	33	73	4057858	4108141
1	33	74	4108140	4121569
1	33	75	4121568	4138658
1	33	76	4138921	4138924
1	33	77	4138923	4160513
1	33	78	4160549	4210450
1	17	79	4210513	4220302
2	2	1	4220350	4232149
2	2	2	4232256	4243866
2	2	3	4244017	4255161
2	2	4	4255161	4266713
2	2	5	4266733	4272009
2	2	6	4272335	4287391
2	2	7	4287533	4302969
2	2	8	4303066	4304644
2	2	9	4304643	4309117
2	2	10	4309116	4319000
2	2	11	4319111	4334721
2	2	12	4334721	4338841
2	34	13	4338840	4354422
2	34	14	4354477	4355002
2	34	15	4355002	4371017
2	34	16	4371017	4377775
2	34	17	4378034	4387499
2	34	18	4387499	4399988
2	34	19	4400174	4403549
2	34	20	4403548	4420034
2	34	21	4420033	4436138
2	34	22	4436138	4443373
2	34	23	4443452	4443456
2	34	24	4444530	4453868
2	34	25	4453868	4471096
2	34	26	4471095	4486956
2	34	27	4486955	4502143
2	34	28	4502271	4502783
2	34	29	4502782	4518754
2	34	30	4518753	4535704
2	35	31	4535703	4552145
2	35	32	4552144	4583709
2	35	33	4583841	4584453
2	35	34	4584452	4585128
2	35	35	4585247	4601351
2	36	36	4601350	4609179
2	36	37	4609255	4625531
2	36	38	4625530	4648351
2	36	39	4648350	4648972
2	36	40	4648971	4656973
2	36	41	4656972	4672715
2	8	42	4672781	4672782
2	8	43	4672782	4695033
2	8	44	4695032	4716576
2	8	45	4716575	4745838
2	5	46	4745837	4750467
2	5	47	4750466	4767677
2	5	48	4767676	4797318
2	5	49	4797317	4812455
2	5	50	4812568	4813535
2	10	51	4813534	4835203
2	10	52	4835202	4835204
2	10	53	4835203	4857188
2	10	54	4857187	4880347
2	5	55	4880346	4883638
2	5	56	4883693	4900132
2	5	57	4900131	4910735
2	5	58	4911629	4943161
2	5	59	4943160	4943643
2	2	60	4943745	4992851
2	2	61	4992974	4998158
2	2	62	4998215	5014732
2	14	63	5014731	5014732
2	30	64	5014732	5014734
2	30	65	5014734	5031723
2	30	66	5031952	5051364
2	30	67	5051363	5065538
2	30	68	5065537	5078977
2	2	69	5078977	5080749
2	2	70	5080748	5080774
2	2	71	5080773	5096357
2	2	72	5096356	5130978
2	2	73	5130977	5140972
2	2	74	5140971	5157683
2	2	75	5157682	5174981
2	2	76	5175074	5184724
2	2	77	5184723	5188495
2	2	78	5188494	5196021
2	2	79	5196020	5208958
2	2	80	5208983	5209032
2	2	81	5209051	5210318
2	19	82	5210317	5229299
2	19	83	5229298	5232007
2	19	84	5232006	5246881
2	19	85	5246880	5263221
2	19	86	5263220	5280016
2	37	87	5280439	5297109
2	37	88	5297108	5305100
2	37	89	5305142	5314844
2	37	90	5314881	5331588
2	37	91	5331783	5333956
2	37	92	5333955	5348826
2	31	93	5348826	5366697
2	31	94	5366904	5374700
2	5	95	5374765	5392041
2	5	96	5392040	5401492
2	5	97	5401491	5401492
2	5	98	5401491	5402078
2	28	99	5402188	5418268
2	28	100	5418302	5434730
2	28	101	5434767	5451189
2	27	102	5451231	5452946
2	27	103	5453990	5468680
2	27	104	5468679	5497961
2	27	105	5497960	5505449
2	27	106	5505502	5522859
2	19	107	5522858	5548782
2	19	108	5548839	5557573
2	19	109	5557634	5575524
2	19	110	5575523	5575903
2	19	111	5575914	5593193
2	8	112	5593234	5611373
2	8	113	5611461	5620534
2	8	114	5620569	5646077
2	8	115	5646106	5661579
2	8	116	5661817	5665523
2	8	117	5665522	5682218
2	8	118	5682324	5685762
2	8	119	5685762	5700319
2	8	120	5700415	5708021
2	8	121	5708029	5715272
2	8	122	5715272	5723019
2	8	123	5723019	5731616
2	38	124	5731616	5755175
2	38	125	5755174	5770124
2	38	126	5770124	5792649
2	38	127	5792648	5799690
2	38	128	5799743	5801233
2	39	129	5801232	5827621
2	39	130	5827620	5842513
2	39	131	5842602	5851092
2	39	132	5851091	5857950
2	39	133	5857949	5865863
2	40	134	5865862	5865864
2	40	135	5865864	5881546
2	40	136	5881595	5889464
2	40	137	5889511	5897498
2	40	138	5897497	5905094
2	40	139	5905094	5912679
2	40	140	5912678	5920351
2	40	141	5920350	5927942
2	40	142	5927941	5928502
2	41	143	5928501	5935934
2	41	144	5935933	5943398
2	41	145	5943473	5951572
2	41	146	5951571	5958956
2	41	147	5958955	5966774
2	41	148	5966829	5974717
2	41	149	5974716	5982748
2	41	150	5982747	5983110
2	41	151	5983109	5991299
2	17	152	5991298	5997085
2	17	153	5999938	6001878
2	39	154	6001953	6017978
2	39	155	6018054	6018055
2	39	156	6018055	6033885
2	39	157	6033884	6033885
2	39	158	6033885	6041627
2	39	159	6041626	6049475
2	39	160	6049474	6057383
2	5	165	6133698	6133699
2	5	166	6133699	6156265
2	5	167	6156264	6163823
2	5	168	6163822	6171169
2	5	169	6171168	6178817
2	5	170	6178816	6186535
2	5	171	6186534	6193849
2	5	172	6193848	6203270
2	42	181	6276391	6294899
2	42	182	6295052	6298186
2	42	183	6298185	6312299
2	42	184	6312298	6329981
2	42	185	6329981	6338096
2	22	186	6338095	6356238
2	22	187	6356237	6374213
2	22	188	6374212	6379017
2	22	189	6379016	6395889
2	22	190	6395932	6402924
2	43	204	6544657	6571858
2	43	205	6572070	6579292
2	43	206	6579291	6611880
2	43	207	6611907	6612569
3	38	1	6612568	6747493
3	38	2	6612568	6747493
3	38	3	6612568	6747493
3	38	4	6612568	6747493
3	38	5	6612568	6747493
3	38	6	6612568	6747493
3	38	7	6612568	6747493
3	26	8	6612568	6747493
3	26	9	6612568	6747493
3	26	10	6612568	6747493
3	26	11	6612568	6747493
3	26	12	6612568	6747493
3	36	13	6612568	6747493
3	36	14	6612568	6747493
3	36	15	6612568	6747493
3	36	16	6612568	6747493
3	36	17	6612568	6747493
3	36	18	6612568	6747493
3	37	19	6612568	6747493
3	37	20	6612568	6747493
3	37	21	6612568	6747493
3	37	22	6612568	6747493
3	37	23	6612568	6747493
3	37	24	6612568	6747493
3	37	25	6612568	6747493
3	37	26	6612568	6747493
3	36	27	6612568	6747493
3	36	28	6612568	6747493
3	36	29	6612568	6747493
3	36	30	6612568	6747493
3	36	31	6612568	6747493
3	36	32	6612568	6747493
3	10	33	6612568	6747493
3	10	34	6747493	6770134
3	10	35	6770227	6770650
3	10	36	6770649	6794917
3	10	37	6794916	6794917
3	39	38	6794916	6818724
3	39	39	6818723	6841404
3	39	40	6841639	6842130
3	39	41	6842129	6865718
3	39	42	6865717	6866155
3	44	43	6866154	6933632
3	44	44	6933655	6934356
3	36	45	6934355	6939172
3	36	46	6939171	6957599
3	36	47	6957598	6981185
3	36	48	6981196	7006814
3	45	49	7006814	7048200
3	45	50	7048323	7080063
3	38	51	7080062	7098627
3	38	52	7098682	7114613
3	38	53	7114613	7115142
3	38	54	7115141	7144083
3	29	55	7144082	7188906
3	29	56	7188905	7189868
3	29	57	7189927	7211951
3	38	58	7211950	7251701
3	38	59	7251700	7275902
3	38	60	7275995	7275996
3	38	61	7275995	7279873
3	30	62	7280062	7299766
3	30	63	7299814	7316090
3	30	64	7316089	7337747
3	30	65	7337746	7343052
3	30	66	7343051	7343052
3	45	67	7343052	7343053
3	45	68	7343053	7345754
3	45	69	7345753	7359703
3	45	70	7359702	7375668
3	45	71	7375668	7392586
3	45	72	7392585	7393101
3	45	73	7393100	7409645
3	11	74	7409732	7409733
3	11	75	7409733	7412299
3	11	76	7412298	7425864
3	11	77	7425863	7432956
3	11	78	7433083	7448748
3	11	79	7452733	7452844
3	11	80	7453009	7462706
3	11	81	7462705	7462706
3	11	82	7462705	7463601
3	26	83	7463794	7479639
3	26	84	7479638	7487336
3	26	85	7487375	7495497
3	26	86	7495496	7511238
3	26	87	7511237	7527356
3	26	88	7527395	7527945
3	29	89	7528050	7531010
3	29	90	7531009	7545059
3	29	91	7545059	7565799
3	29	92	7565901	7579246
3	29	93	7579439	7589528
3	37	94	7589527	7605264
3	37	95	7605909	7614342
3	37	96	7614389	7621991
3	37	97	7621990	7637526
3	37	98	7637660	7653595
3	30	99	7653594	7669195
3	30	100	7669194	7684886
3	30	101	7684885	7703142
3	30	102	7703141	7720400
3	44	103	7720399	7733946
3	44	104	7733969	7756104
3	44	105	7756171	7783126
3	44	106	7783233	7784675
3	37	107	7784674	7808526
3	37	108	7808581	7816764
3	37	109	7816911	7817405
3	37	110	7817404	7833247
3	37	111	7833246	7849266
3	44	112	7849593	7876365
3	44	113	7876416	7898648
3	44	114	7898707	7913874
3	2	115	7913873	7921491
3	2	116	7921490	7936547
3	2	117	7936546	7950802
3	2	118	7950801	7953370
3	2	119	7953369	7955944
3	2	120	7955943	7958515
3	2	121	7958550	7963370
3	2	122	7963369	7969734
3	2	123	7969759	7969804
3	2	124	7969803	7971291
3	41	125	7971291	7986053
3	41	126	7986052	7986581
3	20	127	7986778	7986779
3	20	128	7986779	7998266
3	20	129	7999342	8000011
3	20	130	8000010	8013912
3	20	131	8013911	8021270
3	20	132	8021269	8029331
3	20	133	8029330	8059270
3	44	134	8059269	8067219
3	44	135	8067219	8074927
3	44	136	8074968	8090959
3	44	137	8090959	8099137
3	44	138	8099136	8110432
3	44	139	8110431	8121214
3	19	140	8121213	8142865
3	19	141	8142864	8157488
3	19	142	8157487	8164542
3	19	143	8164543	8171676
3	19	144	8173139	8174421
3	19	145	8174421	8182764
3	19	146	8182763	8184508
3	29	147	8184507	8190380
3	29	148	8192237	8194103
3	29	149	8194103	8209899
3	29	150	8209898	8225110
3	29	151	8225265	8232891
3	29	152	8232890	8240494
3	29	153	8240493	8248076
3	35	154	8248075	8272233
3	35	155	8272232	8294861
3	35	156	8294887	8301908
3	35	157	8302179	8331453
3	41	158	8331573	8331575
3	41	159	8331575	8346501
3	41	160	8346501	8353984
3	41	161	8353983	8361268
3	41	162	8361267	8369077
3	41	163	8369126	8376806
3	41	164	8376805	8384522
3	41	165	8384521	8384898
3	41	166	8384897	8384902
3	41	167	8384901	8392944
3	38	168	8392943	8392944
3	38	169	8392944	8400592
3	38	170	8400591	8439461
3	38	171	8439510	8455535
3	38	172	8455534	8462099
3	38	173	8462098	8464300
3	35	174	8464487	8482059
3	35	175	8482058	8497949
3	35	176	8498042	8515511
3	35	177	8515510	8519735
3	35	178	8521148	8539068
3	45	179	8539067	8541356
3	45	180	8542483	8577141
3	45	181	8577140	8593453
3	45	182	8593452	8593493
3	45	183	8593636	8611705
3	21	184	8611705	8629681
3	21	185	8629680	8646081
3	21	186	8646080	8662879
3	21	187	8662878	8680921
3	21	188	8680968	8681849
3	35	189	8681848	8734054
3	35	190	8734053	8737904
3	35	191	8737965	8744644
3	35	192	8744677	8757306
3	16	193	8757305	8773031
3	16	194	8773094	8788093
3	16	195	8788126	8806274
3	16	196	8806302	8817602
3	35	197	8817607	8835297
3	35	198	8835359	8852266
3	35	199	8852561	8863674
3	35	200	8863674	8870270
3	35	201	8870362	8875235
3	35	202	8875254	8888708
3	19	203	8888707	8904784
3	19	204	8904784	8904809
3	19	205	8904947	8911575
3	19	206	8912614	8922515
3	19	207	8922515	8949398
3	19	208	8949397	8965832
3	30	209	8965831	8982531
3	30	210	8982651	8997870
3	30	211	8997943	8997944
3	30	212	8997944	9013803
3	30	213	9013802	9014335
3	30	214	9014334	9030403
3	36	215	9030402	9032551
3	36	216	9032550	9034305
3	36	217	9035871	9055355
3	36	218	9055354	9077793
3	36	219	9077882	9082865
3	40	220	9082864	9084184
3	40	221	9084219	9107282
3	40	222	9107311	9131500
3	40	223	9131499	9153880
3	17	224	9153879	9166769
3	17	225	9166768	9177015
3	17	226	9177014	9181908
3	17	227	9181907	9200039
3	17	228	9200038	9207091
3	17	229	9208654	9216828
3	32	230	9217366	9224595
3	32	231	9224594	9225946
3	32	232	9227074	9227628
3	32	233	9227627	9227628
3	32	234	9227627	9231464
3	32	235	9231463	9248746
3	32	236	9248745	9249162
3	32	237	9249161	9273576
3	23	238	9273575	9318073
3	23	239	9318072	9319308
3	23	240	9319389	9330737
3	37	245	9372163	9394785
3	37	246	9394784	9416780
3	37	247	9416779	9433665
3	37	248	9433664	9441140
3	37	249	9441139	9442357
3	37	250	9443499	9445466
3	35	251	9445697	9494561
3	35	252	9494560	9501033
3	35	253	9501153	9519790
3	19	254	9519789	9541455
3	19	255	9541489	9543238
3	19	256	9543237	9563913
3	19	257	9563912	9587552
3	17	258	9587551	9589545
3	17	259	9589544	9609852
3	17	260	9609996	9631635
3	17	261	9631634	9633404
3	17	262	9633403	9637825
3	17	263	9637894	9647490
3	17	264	9647720	9657043
3	41	265	9657042	9662144
3	41	266	9663289	9670676
3	41	267	9670861	9682028
3	41	268	9682049	9705183
3	41	269	9705207	9707011
3	41	270	9707010	9711419
4	0	1	9711473	9727468
4	0	2	9727467	9742425
4	0	3	9742424	9758901
4	0	4	9758900	9759460
4	0	5	9759459	9776059
4	7	6	9776435	9785398
4	7	7	9785445	9793822
4	7	8	9793822	9809569
4	7	9	9809568	9813402
4	7	10	9813401	9826042
4	7	11	9826041	9832572
4	7	12	9832632	9834569
4	7	13	9835745	9836840
4	46	14	9837278	9859193
4	46	15	9859246	9868608
4	46	16	9868607	9880268
4	46	17	9880267	9902285
4	46	18	9902284	9904043
4	46	19	9905112	9906461
4	10	20	9906461	9906462
4	10	21	9906461	9928737
4	10	22	9928736	9928737
4	15	48	10157787	10165327
4	15	49	10165412	10199622
4	15	50	10199709	10208837
4	15	51	10208836	10209422
4	15	52	10209490	10224012
4	3	53	10224011	10241892
4	3	54	10242057	10249378
4	3	55	10250321	10259846
4	3	56	10259845	10275457
4	3	57	10275649	10282556
4	3	58	10282555	10283070
4	10	59	10283242	10283243
4	10	60	10283243	10298833
4	10	61	10298930	10313495
4	10	62	10313551	10314283
4	10	63	10314330	10333586
4	10	64	10334425	10335954
4	20	65	10335953	10359645
4	20	66	10359644	10359646
4	20	67	10359645	10359647
4	20	68	10359646	10359649
4	21	69	10359648	10359650
4	21	70	10359649	10359651
4	21	71	10359650	10359653
4	21	72	10359652	10359654
4	21	73	10359653	10359655
4	27	74	10359654	10359656
4	27	75	10359655	10359657
4	27	76	10359656	10359659
4	27	77	10359659	10359661
4	27	78	10359660	10359663
4	27	79	10359662	10359665
4	27	80	10359664	10359669
4	27	81	10359668	10359671
4	13	82	10359670	10359673
4	13	83	10359672	10359676
4	13	84	10359675	10359677
4	13	85	10359676	10359679
4	13	86	10359678	10359681
4	46	87	10359680	10359683
4	46	88	10359682	10359685
4	46	89	10359684	10359687
4	27	90	10359686	10359689
4	27	91	10359688	10359690
4	27	92	10359689	10359692
4	27	93	10359692	10359694
4	44	94	10359693	10359695
4	44	95	10359694	10359695
4	44	96	10359694	10359696
4	44	97	10359695	10359697
4	44	98	10359696	10359699
4	44	99	10359698	10359699
4	47	100	10359698	10359700
4	47	101	10359699	10359701
4	47	102	10359700	10359701
4	47	103	10359701	10359702
4	47	104	10359701	10359702
4	27	105	10359701	10359704
4	27	106	10359703	10359705
4	27	107	10359704	10359706
4	27	108	10359705	10359708
4	27	109	10359707	10359709
4	33	116	10359715	10359716
4	3	119	10359718	10359720
4	3	120	10359719	10359721
4	3	121	10359720	10359723
4	3	122	10359722	10359724
4	3	123	10359723	10359725
4	3	124	10359724	10359726
4	3	125	10359725	10359727
5	47	1	10359726	10373361
5	47	2	10373360	10382209
5	47	3	10382209	10394505
5	47	4	10394504	10407460
5	47	5	10407505	10407602
5	47	6	10407788	10409279
5	47	7	10409290	10410135
5	47	8	10410375	10410974
5	47	9	10412268	10412318
5	47	10	10412760	10417923
5	3	11	10417922	10432797
5	3	12	10432917	10448001
5	3	13	10448000	10455199
5	3	14	10455257	10462925
5	3	15	10462985	10480790
5	3	16	10480803	10481976
5	3	17	10481975	10497992
5	3	18	10497991	10513214
5	3	19	10513213	10520449
5	3	20	10520478	10529107
5	3	21	10529224	10537282
5	6	22	10537282	10552688
5	6	23	10552703	10567827
5	6	24	10567892	10567893
5	6	25	10567893	10583375
5	6	26	10583407	10583875
5	6	27	10583874	10601450
5	31	28	10601449	10624186
5	31	29	10624259	10633183
5	31	30	10633182	10663204
5	6	31	10663203	10663204
5	6	32	10663204	10682296
5	6	33	10682299	10698963
5	6	34	10699018	10715074
5	6	35	10715074	10715552
5	6	36	10715551	10732935
5	45	37	10732934	10734189
5	45	38	10734188	10756924
5	29	39	10756923	10756924
5	29	40	10756923	10756924
5	29	41	10756923	10768122
5	29	42	10768121	10768122
5	29	43	10768122	10780118
5	29	44	10780119	10787317
5	29	45	10787316	10801890
5	29	46	10801890	10814854
5	29	47	10814853	10824058
5	48	48	10824058	10845897
5	48	49	10845896	10853227
5	48	50	10853226	10866916
5	48	51	10867076	10876033
5	48	52	10876233	10883178
5	48	53	10883261	10888934
5	23	54	10888933	10893527
5	23	55	10893526	10893527
5	23	56	10893526	10910534
5	23	57	10910533	10932418
5	23	58	10932417	10932963
5	23	59	10932962	10934844
5	23	60	10936143	10937981
5	23	61	10937980	10954515
5	23	62	10956659	10961837
5	2	63	10961836	11003854
5	2	64	11003853	11015547
5	2	65	11019158	11036362
5	45	66	11036361	11036362
5	45	67	11036362	11070676
5	45	68	11070675	11098185
5	45	69	11098353	11098362
5	45	70	11098361	11099072
5	46	71	11099290	11117143
5	46	72	11117142	11164041
5	12	73	11164040	11184315
5	12	74	11185476	11186740
5	12	75	11186776	11206290
5	12	76	11206500	11226261
5	12	77	11226416	11227505
5	12	78	11227626	11227965
5	4	79	11227964	11249068
5	4	80	11249067	11294689
5	4	81	11294789	11300777
5	49	82	11300776	11300777
5	49	83	11300777	11310644
5	49	84	11311529	11318335
5	49	85	11318490	11334764
5	49	86	11334763	11335189
5	49	87	11335188	11351336
5	49	88	11351335	11358188
5	38	89	11358187	11358188
5	38	90	11358188	11360669
5	38	91	11360669	11374580
5	38	92	11374579	11375373
5	38	93	11375440	11407474
5	3	94	11407474	11415517
5	3	95	11415674	11448708
5	3	96	11448803	11465455
5	3	97	11465533	11466569
5	10	98	11466719	11470091
5	10	99	11470090	11484079
5	10	100	11484182	11500439
5	10	101	11500624	11501047
5	10	102	11501046	11535439
5	14	103	11535438	11535439
5	14	104	11535439	11551876
5	14	105	11551875	11551876
5	14	106	11551875	11566402
5	14	107	11568410	11588686
5	14	108	11588685	11608248
5	49	109	11608247	11608248
5	49	110	11608248	11608858
5	49	111	11608857	11616254
5	49	112	11616325	11624683
5	49	113	11624682	11638565
5	49	114	11638598	11642197
5	49	115	11642196	11657652
5	49	116	11657651	11663489
5	49	117	11663488	11663489
5	49	118	11663489	11679671
5	49	119	11679674	11686887
5	49	120	11686946	11696085
5	49	121	11696126	11699421
5	49	122	11699420	11713082
5	49	123	11713081	11713707
5	49	124	11713706	11718362
5	5	125	11718362	11720825
5	5	126	11720824	11734557
5	5	127	11734674	11750181
5	5	128	11750180	11756755
5	5	129	11762232	11771921
5	5	130	11774730	11785975
5	39	131	11786112	11811469
5	39	132	11811468	11820214
5	39	133	11820213	11820706
5	39	134	11820733	11837093
5	39	135	11837092	11852992
5	48	141	11921310	11929879
5	48	142	11929878	11939172
5	48	143	11939216	11955145
5	48	144	11955206	11977436
5	48	145	11977527	11983255
5	48	146	11983254	11986460
5	48	147	11986814	12000645
5	48	148	12000801	12009947
5	48	149	12009984	12025473
5	48	150	12025493	12034153
5	48	151	12034152	12050778
5	4	152	12050923	12058510
5	4	153	12058510	12082046
5	4	154	12082045	12089510
5	4	155	12089509	12110713
5	4	156	12110902	12112441
5	4	157	12112440	12120170
5	41	185	12334586	12335799
5	41	186	12335798	12356780
5	41	187	12356780	12356781
5	41	188	12356780	12379937
5	41	189	12379936	12394189
5	41	190	12394188	12402149
5	24	191	12402359	12426016
5	24	192	12426015	12433472
5	24	193	12433471	12440937
5	24	194	12440936	12448276
5	24	195	12448275	12473489
5	24	196	12473488	12473489
5	24	197	12473488	12473489
5	24	198	12473488	12473489
5	24	199	12473488	12473489
5	24	200	12473488	12473489
5	24	201	12473488	12473489
5	22	202	12473488	12473529
5	22	203	12473705	12495934
5	22	204	12495933	12511441
5	22	205	12511511	12526744
5	22	206	12526743	12539825
5	35	214	12590249	12590939
5	35	215	12590938	12599490
5	35	216	12599489	12599490
5	19	217	12599489	12614320
5	19	218	12614319	12629293
5	19	219	12629292	12644068
5	19	220	12644093	12645195
5	19	221	12645507	12654384
5	40	235	12771047	12771048
5	40	236	12771048	12786818
5	40	237	12786839	12808093
5	40	238	12808122	12838464
6	45	1	12976329	12988029
6	45	2	12988028	12999188
6	45	3	12999187	12999777
6	45	4	12999819	13003960
6	45	5	13004097	13015694
6	50	6	13015694	13024606
6	50	7	13024605	13032764
6	50	8	13032763	13048387
6	50	9	13048386	13050706
6	50	10	13050705	13079641
6	45	11	13079640	13095635
6	45	12	13095635	13111501
6	45	13	13111500	13111987
6	45	14	13111986	13127877
6	45	15	13128042	13129668
6	45	16	13130745	13131989
6	45	17	13132182	13132809
6	51	18	13133093	13149144
6	51	19	13149364	13166069
6	51	20	13166068	13166743
6	51	21	13166742	13182501
6	51	22	13182500	13195559
6	51	23	13195701	13199310
6	29	24	13199309	13199312
6	29	25	13199312	13212084
6	29	26	13212315	13243754
6	29	27	13243753	13268827
6	31	28	13268827	13300330
6	31	29	13300329	13300665
6	31	30	13300710	13303864
6	31	31	13303863	13324817
6	31	32	13324816	13332953
6	35	33	13332952	13333003
6	35	34	13333996	13358675
6	35	35	13358773	13381714
6	35	36	13381824	13382430
6	35	37	13382429	13411570
6	35	38	13411569	13459158
6	35	39	13459251	13459812
6	35	40	13459811	13460098
6	35	41	13460097	13489772
6	3	42	13489771	13511658
6	3	43	13511685	13538311
6	3	44	13538310	13548425
6	3	45	13548442	13556096
6	3	46	13556274	13561983
6	29	47	13561982	13583427
6	29	48	13583428	13587612
6	29	49	13587611	13605228
6	29	50	13605227	13607479
6	29	51	13607478	13620515
6	29	52	13621174	13623648
6	29	53	13623952	13629329
6	31	54	13629329	13648960
6	31	55	13648959	13666722
6	31	56	13666970	13667482
6	31	57	13667481	13674030
6	31	58	13674029	13691636
6	49	59	13692134	13712980
6	49	60	13712979	13742387
6	49	61	13742487	13759205
6	49	62	13759204	13761045
6	31	63	13761044	13780342
6	31	64	13780439	13800601
6	31	65	13800823	13824987
6	31	66	13824986	13828394
6	35	67	13828393	13865381
6	35	68	13865380	13892757
6	51	69	13892985	13927819
6	51	70	13927818	13928252
6	51	71	13928251	13928694
6	51	72	13928693	13959498
6	51	73	13959497	13979321
6	51	74	13979429	13994154
6	51	75	13994153	13994545
6	51	76	13994544	13994936
6	51	77	13994988	14013198
6	51	78	14013419	14013420
6	51	79	14013420	14030259
6	51	80	14030258	14065649
6	8	81	14065648	14083195
6	8	82	14083892	14101405
6	8	83	14101440	14117625
6	8	84	14117811	14135849
6	8	85	14135848	14135849
6	8	86	14135848	14136426
6	11	87	14136425	14139473
6	11	88	14139472	14154837
6	11	89	14156330	14173439
6	11	90	14173438	14175799
6	23	91	14176028	14192086
6	23	92	14192186	14205907
6	23	93	14205962	14228386
6	29	94	14228453	14228454
6	29	95	14228454	14249371
6	29	96	14249668	14263448
6	29	97	14263603	14267240
6	29	98	14267239	14270628
6	29	99	14270627	14284302
6	29	100	14284301	14284894
6	38	101	14284893	14320160
6	38	102	14320159	14320703
6	38	103	14320702	14337171
6	38	104	14337287	14353736
6	38	105	14353735	14370373
6	38	106	14370372	14402184
6	38	107	14402227	14417978
6	38	108	14417977	14418531
6	38	109	14419883	14420799
6	38	110	14420880	14421390
6	38	111	14421558	14421559
6	30	112	14421558	14454942
6	30	113	14454941	14475113
6	30	114	14475112	14491733
6	30	115	14491836	14493714
6	3	116	14493713	14493714
6	3	117	14493714	14511179
6	3	118	14511400	14527212
6	3	119	14527386	14541532
6	3	120	14541628	14541629
6	3	121	14541644	14547134
6	3	122	14547145	14567286
6	11	123	14567285	14567287
6	11	124	14567287	14584997
6	11	125	14585062	14585063
6	11	126	14585063	14600969
6	11	127	14600968	14608639
6	11	128	14608688	14610958
6	11	129	14611168	14625038
6	11	130	14625125	14625126
6	11	131	14625125	14625633
6	52	132	14625837	14633724
6	52	133	14633723	14649107
6	52	134	14649106	14661949
6	52	135	14661948	14674179
6	52	136	14674178	14685007
6	52	137	14685607	14688346
6	24	138	14688345	14695845
6	24	139	14695844	14718705
6	24	140	14718762	14726349
6	24	141	14726430	14747575
6	24	142	14747754	14749289
6	24	143	14749288	14756861
6	18	144	14756860	14756861
6	18	145	14756861	14781573
6	18	146	14781680	14789882
6	18	147	14789925	14806329
6	18	148	14806404	14814627
6	18	149	14814866	14823359
6	18	150	14823358	14824287
6	23	151	14824287	14833046
6	23	152	14833045	14840674
6	23	153	14840674	14848339
6	23	154	14848338	14848339
6	23	155	14848338	14863272
6	23	156	14863271	14870851
6	23	157	14870850	14875992
6	23	158	14875991	14879292
6	23	159	14879291	14879306
6	23	160	14879415	14880597
6	11	161	14880955	14896652
6	11	162	14896721	14904625
6	11	163	14904624	14920642
6	11	164	14920641	14936258
6	11	165	14936323	14952214
6	12	166	14952213	14952215
6	12	167	14952215	14961275
6	12	168	14961274	14968949
6	12	169	14968948	14977295
6	12	170	14977294	14985031
6	12	171	14985030	15006391
6	12	172	15006390	15007744
6	12	173	15007743	15013944
6	40	174	15013944	15037286
6	40	175	15037285	15045102
6	40	176	15045101	15052160
6	40	177	15052279	15059593
6	40	178	15059623	15074533
6	40	179	15074532	15082592
6	32	180	15082591	15090105
6	32	181	15090104	15097682
6	32	182	15097681	15105277
6	32	183	15105276	15112785
6	32	184	15112784	15120281
6	32	185	15120280	15128000
6	32	186	15127999	15143995
6	32	187	15145350	15147089
6	53	188	15147720	15155202
6	53	189	15155315	15182368
6	53	190	15182367	15189670
6	53	191	15189755	15198863
6	53	192	15199037	15199685
6	53	193	15199925	15216375
6	42	194	15216374	15234132
6	42	195	15234251	15249119
6	42	196	15249227	15249898
6	42	197	15249897	15265845
6	42	198	15265844	15281817
6	42	199	15281816	15281817
6	42	200	15281816	15282296
6	12	206	15346692	15352865
6	12	207	15352968	15363287
6	12	208	15363286	15369467
6	12	209	15369537	15380109
6	12	210	15380108	15385343
6	12	211	15385398	15400050
6	12	212	15400049	15400479
6	12	213	15400528	15406323
6	12	214	15406500	15407418
6	52	215	15407417	15425231
6	52	216	15425230	15442428
6	52	217	15442968	15447888
6	52	218	15447941	15468767
6	52	219	15469239	15469889
6	12	220	15469888	15476096
6	12	221	15476320	15486503
6	12	222	15486502	15502357
6	12	223	15502356	15507424
6	12	224	15507511	15525122
6	12	225	15525181	15525320
6	12	226	15525411	15525741
6	12	227	15525740	15526342
6	37	228	15526341	15543031
6	37	229	15543030	15543992
6	37	230	15543991	15560460
6	37	231	15560604	15561267
6	37	232	15561379	15577832
6	37	233	15577832	15579628
6	37	234	15579627	15580002
6	37	235	15581300	15581442
6	37	236	15582660	15590378
6	16	237	15590570	15619262
6	16	238	15619271	15636452
6	16	239	15636478	15648036
6	30	240	15648077	15671818
6	30	241	15671817	15694646
6	30	242	15694714	15695138
6	30	243	15695137	15697302
6	30	244	15697301	15717977
6	30	245	15717977	15721341
6	54	246	15721340	15747541
6	54	247	15747540	15772266
6	54	248	15772265	15783610
6	54	249	15784578	15797158
6	29	250	15797157	15804864
6	29	251	15805031	15820349
6	29	252	15820740	15844992
6	29	253	15844991	15850711
6	29	254	15852950	15871752
6	29	255	15871751	15872287
6	3	256	15872286	15897029
6	3	257	15897028	15902101
6	3	258	15902100	15920047
6	3	259	15920046	15920494
6	3	260	15920493	15944181
6	55	261	15944181	15966261
6	55	262	15966352	15990520
6	55	263	15990633	15992841
6	55	264	15992840	16002829
6	55	265	16002920	16016444
6	55	266	16016443	16017819
6	19	272	16088768	16097151
6	19	273	16097150	16135879
6	19	274	16135878	16158699
6	23	279	16234777	16279442
6	23	280	16279458	16279535
6	23	281	16279634	16303380
6	23	282	16305957	16306103
6	19	283	16306259	16306260
6	19	284	16306260	16310964
6	19	285	16311857	16328028
6	19	286	16328027	16330385
6	19	287	16330444	16354560
6	19	288	16354628	16356369
6	19	289	16356368	16361086
7	23	1	16361170	16363418
7	23	2	16363543	16383760
7	23	3	16383759	16395637
7	23	4	16395636	16396106
7	23	5	16396105	16396676
7	23	6	16396715	16412451
7	23	7	16412450	16420867
7	36	8	16421202	16430579
7	36	9	16430646	16455068
7	36	10	16455092	16457437
7	36	11	16457436	16486421
7	51	12	16486420	16503035
7	51	13	16503034	16519502
7	51	14	16519501	16535361
7	51	15	16535360	16535730
7	51	16	16535729	16551107
7	13	17	16551106	16551107
7	13	18	16551107	16567168
7	13	19	16567167	16567168
7	13	20	16567169	16573859
7	13	21	16573967	16582977
7	13	22	16582977	16585843
7	13	23	16585842	16599811
7	52	24	16599810	16615391
7	52	25	16615506	16631594
7	52	26	16631708	16632179
7	52	27	16632238	16634147
7	52	28	16634146	16648269
7	23	29	16648268	16651246
7	23	30	16651245	16679112
7	23	31	16679111	16691460
7	23	32	16691459	16706553
7	23	33	16706552	16712677
7	23	34	16713838	16715309
7	26	35	16715308	16737522
7	26	36	16737521	16742013
7	26	37	16742012	16759283
7	26	38	16759282	16776268
7	26	39	16776434	16781800
7	50	40	16781821	16786562
7	50	41	16786561	16827374
7	50	42	16827404	16850404
7	49	43	16850403	16855075
7	49	44	16855074	16872755
7	49	45	16872754	16903197
7	49	46	16903196	16918484
7	49	47	16918569	16919015
7	49	48	16919014	16919553
7	24	55	16965579	17004719
7	24	56	17004718	17005199
7	24	57	17005242	17019286
7	24	58	17019285	17026598
7	8	59	17026730	17050306
7	8	60	17050312	17067030
7	8	61	17067064	17091809
7	20	75	17286578	17286579
7	20	76	17286579	17303256
7	20	77	17303255	17303785
7	20	78	17303784	17319658
7	20	79	17319657	17353150
7	8	80	17353149	17353151
7	8	81	17353151	17383031
7	8	82	17383185	17397905
7	8	83	17398144	17400350
7	8	84	17400507	17414487
7	40	85	17414708	17417288
7	40	86	17417287	17432192
7	40	87	17432191	17450113
7	40	88	17450112	17466325
7	40	89	17466324	17477253
7	40	90	17477252	17477805
7	8	99	17612515	17612516
7	8	100	17612516	17648074
7	8	101	17648073	17667185
7	8	102	17667184	17677734
7	8	103	17677912	17681923
7	19	132	17980666	18002929
7	19	133	18003101	18018222
7	19	134	18018360	18050210
7	28	135	18050209	18066184
7	28	136	18066183	18073760
7	28	137	18073759	18081344
7	28	138	18081407	18098449
7	56	153	18222724	18232728
7	56	154	18232727	18248117
7	56	155	18248190	18255224
7	56	156	18255223	18262806
7	56	157	18262904	18270174
7	56	158	18270173	18285363
7	52	159	18285362	18308283
7	52	160	18308283	18328973
7	52	161	18328972	18336091
7	52	162	18336091	18357395
7	0	164	18379159	18383737
7	0	165	18383736	18401792
7	0	166	18401791	18409689
7	0	167	18409878	18424351
7	0	168	18424350	18448240
7	8	169	18448240	18452963
7	8	170	18453143	18469128
7	8	171	18469128	18471503
7	8	172	18471573	18495592
7	8	173	18496155	18498287
8	28	1	18498375	18498376
8	28	2	18498375	18509042
8	28	3	18509062	18519677
8	28	4	18519676	18519677
8	28	5	18519676	18523926
8	28	6	18523925	18530743
8	28	7	18530760	18531252
8	28	8	18531252	18543485
8	28	9	18543491	18554425
8	31	10	18554425	18570219
8	31	11	18570219	18578211
8	31	12	18578254	18589465
8	31	13	18589464	18602881
8	31	14	18602911	18618212
8	31	15	18618256	18619276
8	27	16	18619276	18651358
8	27	17	18651357	18651358
8	27	18	18651358	18663937
8	27	19	18663936	18666271
8	27	20	18666271	18684339
8	46	21	18684339	18699702
8	46	22	18699744	18715015
8	46	23	18715048	18730580
8	46	24	18730619	18731120
8	46	25	18731119	18742852
8	47	26	18742851	18758448
8	47	27	18758481	18774266
8	47	28	18774265	18790208
8	47	29	18790207	18806938
8	27	30	18807026	18825353
8	27	31	18825421	18843517
8	27	32	18843516	18869058
8	27	33	18869347	18872977
8	3	34	18873350	18898250
8	3	35	18898382	18920208
8	3	36	18920254	18924308
8	3	37	18924350	18946343
8	4	38	18946342	18969054
8	4	39	18969053	18991401
8	4	40	18991400	18991900
8	4	41	18991899	19015845
8	13	42	19015844	19016421
8	13	43	19016531	19037324
8	13	44	19037394	19058780
8	13	45	19058780	19059149
8	13	46	19059148	19081295
8	13	47	19081295	19086918
8	39	48	19086917	19107572
8	39	49	19107571	19128814
8	39	50	19128813	19129301
8	39	51	19129300	19129867
8	39	52	19130048	19154202
8	39	53	19154201	19154938
8	49	54	19154937	19168378
8	49	55	19168581	19183337
8	49	56	19183356	19210249
8	49	57	19210341	19218999
8	49	58	19218998	19219506
8	3	59	19219505	19231687
8	3	60	19231777	19254853
8	3	61	19255002	19255569
8	3	62	19255588	19286428
8	12	63	19286427	19286430
8	12	64	19286430	19301324
8	12	65	19301323	19301973
8	12	66	19301973	19334253
8	12	67	19334252	19341017
8	12	68	19341016	19343001
8	12	69	19343000	19343456
8	29	70	19343455	19343457
8	29	71	19343457	19352256
8	29	72	19352311	19352312
8	29	73	19352339	19357363
8	29	74	19357363	19359003
8	29	75	19359288	19363530
8	29	76	19364632	19379264
8	29	77	19380275	19404739
8	6	78	19404738	19406625
8	6	79	19407986	19409217
8	6	80	19409287	19418540
8	6	81	19418602	19421537
8	6	82	19421611	19475326
8	12	83	19475325	19477490
8	12	84	19477489	19492071
8	12	85	19492254	19499400
8	12	86	19499451	19515917
8	12	87	19515995	19516067
8	12	88	19516142	19526758
8	12	89	19526757	19526824
8	12	90	19526823	19527621
8	31	91	19527774	19552133
8	31	92	19552200	19561162
8	31	93	19561161	19577634
8	31	94	19577633	19579860
8	31	95	19579859	19593343
8	19	96	19593342	19593343
8	19	97	19593343	19596435
8	19	98	19596549	19610079
8	19	99	19610078	19612771
8	19	100	19612896	19613392
8	19	101	19613391	19648871
8	2	102	19648870	19648871
8	2	103	19648871	19665091
8	2	104	19665138	19665179
8	2	105	19665196	19701562
8	2	106	19701724	19716863
8	2	107	19716862	19719954
8	57	108	19720255	19737029
8	57	109	19739166	19760418
8	57	110	19760417	19793752
8	57	111	19793751	19794370
8	31	112	19794369	19813403
8	31	113	19813550	19821213
8	31	114	19821254	19830290
8	31	115	19830289	19832759
8	31	116	19832758	19847961
8	31	117	19847960	19849599
8	31	118	19849634	19854863
8	8	119	19854862	19871481
8	8	120	19871671	19879562
8	8	121	19879609	19887970
8	8	122	19888012	19906394
8	8	123	19906394	19906395
8	8	124	19906394	19913199
8	8	125	19913364	19913910
8	8	126	19913909	19913910
8	8	127	19913909	19913910
8	8	128	19913909	19914994
8	28	129	19914993	19939349
8	28	130	19939348	19947975
8	28	131	19947974	19948505
8	28	132	19948540	19965461
8	28	133	19965460	19982390
8	46	134	19982390	19999131
8	46	135	19999448	20015377
8	46	136	20015466	20031241
8	46	137	20031240	20036016
8	46	138	20036015	20036546
8	46	139	20037893	20040323
8	19	140	20040571	20057322
8	19	141	20058505	20062000
8	19	142	20061999	20076418
8	19	143	20076437	20084004
8	19	144	20084003	20091289
8	19	145	20091309	20099081
8	19	146	20099092	20106431
8	19	147	20106540	20106610
8	19	148	20107066	20108027
8	5	149	20108027	20116981
8	5	150	20116980	20124013
8	5	151	20124012	20130889
8	5	152	20130928	20137603
8	5	153	20137602	20144506
8	5	154	20144525	20147782
8	5	155	20147781	20152378
8	5	156	20152377	20156274
8	5	157	20156273	20169196
8	8	158	20169368	20169370
8	8	159	20169370	20169373
8	8	160	20169373	20184969
8	8	161	20185029	20193318
8	8	162	20193391	20201050
8	8	163	20201050	20209081
8	8	164	20209533	20209836
8	8	165	20210528	20225672
8	45	166	20225672	20225673
8	45	167	20225673	20233162
8	45	168	20234024	20242077
8	45	169	20242076	20265057
8	45	170	20265056	20283418
8	45	171	20283475	20291767
8	5	172	20291766	20300006
8	5	173	20300005	20307212
8	5	174	20307211	20314795
8	5	175	20314794	20321787
8	5	176	20321786	20329216
8	5	177	20329215	20336549
8	5	178	20336596	20344387
8	5	179	20344434	20345585
8	5	180	20345584	20352251
8	20	181	20352294	20359087
8	20	182	20359086	20366985
8	20	183	20366984	20374901
8	20	184	20374900	20390987
8	20	185	20390986	20406313
8	20	186	20406312	20422232
8	20	187	20422231	20425216
8	20	188	20425215	20428082
8	20	189	20428081	20428128
8	20	190	20428127	20428883
8	20	191	20433445	20433451
8	53	192	20445821	20445953
8	53	193	20446168	20446169
8	53	194	20446168	20455538
8	53	195	20455537	20463269
8	53	196	20463549	20479879
8	53	197	20479878	20481272
8	53	198	20481436	20487631
8	53	199	20487828	20495323
8	53	200	20495322	20510533
8	39	201	20510532	20532955
8	39	202	20532970	20541428
8	39	203	20541427	20548527
8	39	204	20548526	20555813
8	39	205	20555813	20563513
8	39	206	20563512	20570518
8	39	207	20570517	20578469
8	15	208	20578468	20586035
8	15	209	20586034	20593579
8	15	210	20593579	20601113
8	15	211	20601112	20608704
8	15	212	20608703	20615971
8	15	213	20615970	20628751
8	3	214	20628750	20646109
8	3	215	20646290	20652480
8	3	216	20652543	20663185
8	3	217	20663184	20667551
8	3	218	20667639	20667947
8	3	219	20667946	20670038
8	3	220	20671260	20671330
8	3	221	20671347	20672730
8	27	222	20673410	20690754
8	27	223	20690754	20707727
8	27	224	20707726	20725216
8	27	225	20725250	20726808
8	27	226	20726807	20744344
8	58	227	20744343	20761554
8	58	228	20761554	20777307
8	58	229	20777442	20777849
8	58	230	20777848	20794105
8	58	231	20794105	20800606
8	58	232	20800605	20810846
8	13	236	20864877	20892511
8	13	237	20892561	20900073
8	13	238	20900120	20916675
8	13	239	20916840	20933059
8	13	240	20933128	20933818
8	19	241	20933822	20935318
8	19	242	20935970	20955967
8	19	243	20955966	20975345
8	19	244	20975344	20991516
8	19	245	20991516	20996941
8	19	246	20996941	21002164
8	45	247	21002163	21021754
8	45	248	21021753	21035229
8	45	249	21035228	21053135
8	45	250	21053164	21053967
8	45	251	21054064	21071709
8	59	252	21071708	21100828
8	59	253	21100943	21103900
8	59	254	21103899	21119981
8	59	255	21120168	21121116
8	59	256	21121376	21137931
8	59	257	21138046	21139196
8	58	258	21139367	21162930
8	58	259	21162929	21168949
8	58	260	21168948	21189259
8	58	261	21189286	21216097
8	29	262	21216096	21240776
8	29	263	21240775	21241520
8	29	264	21241609	21290512
8	29	265	21290511	21292896
8	29	266	21293030	21293811
8	29	267	21293906	21294967
8	8	268	21295089	21298358
8	8	269	21298357	21298358
8	8	270	21298358	21344880
8	8	271	21344919	21358590
8	8	272	21358723	21364073
8	5	273	21364072	21368483
8	5	274	21368482	21386212
8	5	275	21386289	21387829
8	5	276	21387828	21387851
8	5	277	21387850	21387851
8	5	278	21387850	21409865
8	5	279	21409864	21412158
8	5	280	21412178	21432967
8	2	281	21432966	21462744
8	2	282	21462743	21481068
8	2	283	21481495	21481943
8	2	284	21481942	21511801
8	40	290	21585296	21585298
8	40	291	21585297	21607265
8	40	292	21607348	21629674
9	14	1	21629673	21629716
9	14	2	21629716	21644405
9	14	3	21644404	21651638
9	14	4	21651637	21652277
9	14	5	21652276	21652322
9	14	6	21657824	21658069
9	14	7	21658069	21668937
9	14	8	21668936	21670222
9	14	9	21671283	21687472
9	14	10	21687471	21687809
9	60	11	21687808	21702029
9	60	12	21702104	21704674
9	60	13	21704840	21734660
9	60	14	21734820	21735493
9	60	15	21735492	21750937
9	60	16	21750936	21753234
9	60	17	21753233	21766440
9	60	18	21766439	21781735
9	60	19	21781736	21797047
9	60	20	21797047	21810332
9	60	21	21810530	21814025
9	60	22	21814024	21843607
9	60	23	21843606	21877690
9	60	24	21877799	21909432
9	60	25	21909432	21926944
9	60	26	21926943	21927346
9	60	27	21927345	21944412
9	50	28	21944411	21960902
9	50	29	21960919	21977035
9	50	30	21977034	21992909
9	50	31	21992908	22008758
9	52	32	22008758	22017762
9	52	33	22017761	22034274
9	52	34	22034332	22057006
9	52	35	22057005	22065418
9	52	36	22065417	22080367
9	60	37	22080366	22126320
9	60	38	22126429	22126887
9	60	39	22126886	22150534
9	37	40	22150879	22150880
9	37	41	22150880	22173407
9	37	42	22173406	22196010
9	37	43	22196009	22196554
9	37	44	22196613	22222463
9	37	45	22223660	22225487
9	26	46	22225486	22225487
9	26	47	22225487	22230170
9	26	48	22230169	22248290
9	26	49	22248289	22270138
9	26	50	22270137	22293659
9	11	51	22293658	22293679
9	11	52	22295629	22317322
9	11	53	22317321	22379496
9	52	54	22379724	22379725
9	52	55	22379725	22400363
9	52	56	22400362	22414811
9	52	57	22415002	22434489
9	52	58	22434572	22439216
9	52	59	22439215	22441176
9	49	60	22441429	22441432
9	49	61	22441431	22480064
9	49	62	22480063	22480544
9	49	63	22480543	22499395
9	49	64	22499394	22507939
9	10	65	22507938	22507939
9	10	66	22507939	22542327
9	10	67	22542326	22565133
9	52	68	22565132	22585973
9	52	69	22585972	22605246
9	52	70	22605277	22625204
9	52	71	22625248	22627790
9	52	72	22627873	22629000
9	19	73	22629380	22629381
9	19	74	22629381	22644913
9	19	75	22644913	22660550
9	19	76	22660549	22676934
9	19	77	22676997	22694921
9	14	78	22694920	22694921
9	14	79	22694921	22707051
9	14	80	22707204	22740756
9	14	81	22740955	22743180
9	14	82	22743301	22757388
9	11	83	22757387	22761020
9	11	84	22761019	22775811
9	11	85	22775810	22794049
9	11	86	22794048	22810276
9	11	87	22810275	22821272
9	11	88	22821364	22821821
9	49	89	22821820	22838557
9	49	90	22838688	22846189
9	49	91	22846188	22852448
9	49	92	22852447	22855033
9	49	93	22855032	22855593
9	49	94	22855592	22869329
9	49	95	22869450	22872550
9	52	96	22872549	22887283
9	52	97	22887656	22903600
9	52	98	22903599	22918857
9	52	99	22919004	22919646
9	52	100	22919645	22920127
9	52	101	22920188	22938052
9	11	102	22938424	22938425
9	11	103	22938425	22954215
9	11	104	22954214	22969945
9	11	105	22969944	22972246
9	11	106	22972245	22988308
9	11	107	22988307	23001518
9	11	108	23001517	23002017
9	55	109	23002017	23018775
9	55	110	23018859	23034937
9	55	111	23034936	23049262
9	55	112	23049334	23067259
9	61	113	23067258	23067259
9	61	114	23067259	23082677
9	61	115	23082771	23090398
9	61	116	23090397	23097675
9	61	117	23097674	23113357
9	61	118	23113421	23123659
9	61	119	23123658	23129495
9	61	120	23129494	23129923
9	2	121	23129922	23133246
9	2	122	23133245	23139816
9	2	123	23139950	23150536
9	14	124	23150967	23150968
9	14	125	23150967	23153119
9	14	126	23153183	23166600
9	14	127	23166732	23198956
9	12	128	23198955	23198957
9	12	129	23198956	23207681
9	12	130	23207680	23214472
9	12	131	23214472	23221303
9	12	132	23221302	23227881
9	12	133	23227880	23234793
9	12	134	23234792	23238366
9	12	135	23238365	23242928
9	12	136	23243028	23246829
9	12	137	23246828	23259582
9	61	138	23259581	23267268
9	61	139	23267267	23274422
9	61	140	23274421	23281626
9	61	141	23281625	23289023
9	61	142	23289022	23302679
9	61	143	23302678	23310142
9	61	144	23310141	23317286
9	61	145	23317285	23325425
9	53	146	23325424	23325426
9	53	147	23325426	23325427
9	53	148	23325426	23349123
9	53	149	23349262	23350554
9	53	150	23350553	23365661
9	53	151	23365660	23396718
9	46	152	23396717	23403003
9	46	153	23403002	23431094
9	46	154	23431093	23438424
9	46	155	23438423	23445648
9	0	156	23445647	23453185
9	0	157	23453184	23461108
9	18	158	23461374	23461375
9	18	159	23461375	23484577
9	18	160	23484576	23499088
9	18	161	23499087	23506463
9	18	162	23506462	23506463
9	18	163	23506463	23513401
9	18	164	23513400	23527830
9	18	165	23527829	23528301
9	62	166	23528301	23550510
9	62	167	23550612	23558063
9	62	168	23558062	23565792
9	62	169	23565825	23573451
9	62	170	23573450	23581233
9	62	171	23581232	23581588
9	62	172	23581587	23581610
9	62	173	23581609	23589675
9	45	174	23589675	23589677
9	45	175	23589676	23596240
9	45	176	23596239	23627331
9	45	177	23627330	23635884
9	30	178	23635883	23653695
9	30	179	23653950	23670480
9	30	180	23670479	23687369
9	30	181	23687368	23694089
9	30	182	23694843	23694856
9	30	183	23695077	23702472
9	29	184	23702471	23702472
9	29	185	23702472	23719467
9	29	186	23719466	23736550
9	29	187	23736549	23739724
9	29	188	23740738	23755145
9	29	189	23755145	23766438
9	29	190	23766543	23770275
9	48	191	23770274	23787863
9	48	192	23787862	23803776
9	48	193	23803775	23804290
9	48	194	23804519	23821147
9	48	195	23821297	23827910
9	48	196	23827909	23837944
9	14	197	23838222	23841418
9	14	198	23841517	23858398
9	14	199	23858397	23890831
9	14	200	23890856	23896475
9	14	201	23896474	23897186
9	14	202	23897185	23897187
9	14	203	23897187	23908111
9	14	204	23908110	23914614
9	14	205	23914613	23943716
9	14	206	23943715	23960384
9	14	207	23961792	23964229
9	14	208	23965369	23969405
9	55	209	23969404	23986124
9	55	210	23986123	24003018
9	55	211	24003017	24020874
9	55	212	24020873	24039073
9	55	213	24039378	24055685
9	55	214	24055684	24072161
9	55	215	24072160	24090908
9	55	216	24090959	24092292
9	55	217	24092748	24110505
9	2	218	24110504	24126305
9	2	219	24126390	24128340
9	2	220	24128339	24150139
9	2	221	24150246	24182172
9	55	222	24182319	24182320
9	55	223	24182320	24205535
9	55	224	24205693	24227528
9	55	225	24227649	24228132
9	55	226	24228131	24230613
9	55	227	24230612	24251078
9	63	228	24251201	24251203
9	63	229	24251203	24251951
9	63	230	24251950	24251952
9	63	231	24251951	24275123
9	63	232	24275464	24300045
9	63	233	24300070	24311124
9	63	234	24311514	24324280
9	24	235	24324279	24331743
9	24	236	24331794	24369392
9	24	237	24369391	24376454
9	24	238	24376645	24386553
9	24	239	24386577	24394474
9	8	240	24394913	24417673
9	8	241	24417673	24422259
9	8	242	24422258	24439904
9	8	243	24441490	24442146
9	8	244	24442145	24465139
9	11	245	24466136	24489224
9	11	246	24489223	24491172
9	11	247	24491171	24514447
9	11	248	24514446	24534862
9	2	256	24602016	24624125
9	2	257	24624334	24626077
9	2	258	24626130	24626167
9	2	259	24626206	24627067
9	2	260	24627066	24649328
9	2	261	24649327	24672643
9	14	262	24672642	24672643
9	14	263	24672643	24674304
9	14	264	24674303	24694258
9	14	265	24694258	24695412
9	14	266	24695553	24716286
9	14	267	24716285	24734545
9	14	268	24734544	24735502
9	14	269	24736734	24738090
9	8	270	24738089	24779993
9	8	271	24779992	24805042
9	11	272	24805042	24806944
9	11	273	24806943	24827129
9	11	274	24827318	24848936
9	11	275	24849055	24850861
9	11	276	24850860	24855396
