0	0	1	-1	6378
0	0	2	6397	9940
0	0	3	10367	10488
0	0	4	10487	12108
0	0	5	12131	12132
0	0	6	12131	12150
0	0	7	12858	16177
0	1	8	16176	19942
0	1	9	19979	20646
0	1	10	20654	24981
0	1	11	24983	29808
0	1	12	29822	29949
0	1	13	29948	34773
0	0	14	34772	39573
0	0	15	39581	44487
0	0	16	44492	48985
0	0	17	49005	49225
0	0	18	49224	49399
0	0	19	49398	53920
0	2	20	53934	53935
0	2	21	53937	58753
0	2	22	58794	63466
0	2	23	63507	63676
0	2	24	63675	64825
0	2	25	64848	68404
0	2	26	68406	73357
0	3	27	73359	78211
0	3	28	78218	85530
0	3	29	85541	88311
0	3	30	88313	93998
0	4	31	94015	94019
0	4	32	94018	98810
0	4	33	98815	103370
0	4	34	103378	107648
0	4	35	107662	107807
0	4	36	107806	112577
0	5	37	112585	117614
0	5	38	117622	122225
0	5	39	122334	122419
0	5	40	122427	124180
0	5	41	124193	127104
0	5	42	127122	128608
0	6	43	128628	128636
0	6	44	128641	133253
0	6	45	133264	138038
0	6	46	138052	138182
0	6	47	138181	143554
0	7	48	143571	148393
0	7	49	148422	149758
0	7	50	149769	153520
0	7	51	153525	154915
0	7	52	155017	157658
0	7	53	157671	158716
0	8	54	158715	158719
0	8	55	158721	164542
0	8	56	164544	169545
0	8	57	169545	174874
0	8	58	175006	175045
0	8	59	175044	175186
0	9	60	175263	175267
0	9	61	175269	178822
0	9	62	178821	178936
0	9	63	178935	189499
0	10	70	208448	222122
0	10	71	222127	222236
0	10	72	222235	230864
0	11	73	230866	230867
0	11	74	230866	238049
0	11	75	238051	254003
0	12	76	254011	259076
0	12	77	259078	274439
0	12	78	274438	275000
0	3	79	274999	279899
0	3	80	279901	280637
0	3	81	280636	284882
0	3	82	284881	289562
0	3	83	289569	294550
0	13	84	294549	294553
0	13	85	294555	299287
0	13	86	299292	304647
0	13	87	304646	309108
0	13	88	309107	314112
0	14	89	314111	314112
0	14	90	314114	318837
0	14	91	318836	320100
0	14	92	320099	323451
0	14	93	323450	331806
0	12	94	331823	331827
0	12	95	331829	332610
0	12	96	332609	336741
0	12	97	336764	342351
0	12	98	342374	348105
0	12	99	348104	350043
0	12	100	350042	350187
0	15	101	350186	354510
0	15	102	354577	359058
0	15	103	359099	361533
0	15	104	361601	363051
0	15	105	363050	363903
0	15	106	363911	366401
0	15	107	366400	366551
0	5	108	366550	366791
0	5	109	366790	369386
0	5	110	369397	371636
0	5	111	371680	375182
0	5	112	375181	376301
0	5	113	376300	380984
0	5	114	381067	382460
0	13	115	382462	390331
0	13	116	390333	392797
0	13	117	392796	398947
0	13	118	398946	400729
0	13	119	400728	401242
0	13	120	401276	401448
0	16	121	401459	405666
0	16	122	405673	407891
0	16	123	407916	410308
0	16	124	410332	414770
0	16	125	414793	415319
0	16	126	415318	415442
0	16	127	415444	415445
0	16	128	415444	417809
0	17	129	417821	417825
0	17	130	417827	422172
0	17	131	422192	426459
0	17	132	426549	430165
0	17	133	430176	430177
0	17	134	430176	432745
0	17	135	432744	440644
0	18	136	440662	445526
0	18	137	445525	445529
0	18	138	445531	449966
0	18	139	449969	452073
0	18	140	452072	452904
0	18	141	452959	457574
0	18	142	457573	457706
0	3	143	457705	461705
0	3	144	461704	463667
0	3	145	463666	467546
0	3	146	467545	477827
0	19	147	477826	480431
0	19	148	480430	484739
0	19	149	484738	487304
0	19	150	487303	489425
0	19	151	489424	491474
0	19	152	491494	491495
0	19	153	491497	496556
0	20	154	496579	496580
0	20	155	496582	503669
0	20	156	506743	508949
0	20	157	508948	513917
0	20	158	513973	516134
0	20	159	516133	518972
0	20	160	519046	519059
0	20	161	519058	519227
0	18	162	519261	521299
0	18	163	521300	527521
0	18	164	527520	531322
0	18	165	531321	535180
0	18	166	535179	537949
0	18	167	537948	537949
0	18	168	537948	538096
0	21	169	538098	538099
0	21	170	538098	540091
0	21	171	540090	541990
0	21	172	541989	545431
0	21	173	545474	546264
0	21	174	546263	550053
0	21	175	550055	553723
0	15	176	553722	557329
0	15	177	557328	559213
0	15	178	559215	563431
0	15	179	563430	564004
0	15	180	564057	565387
0	15	181	565386	567346
0	15	182	567345	567346
0	15	183	567348	572344
0	13	184	572343	578665
0	13	185	578664	583312
0	13	186	583329	585466
0	13	187	585468	588139
0	13	188	588141	590284
0	13	189	590360	595296
0	19	190	595295	596136
0	19	191	596135	597909
0	19	192	597908	601701
0	19	193	601700	604566
0	19	194	604565	606129
0	19	195	606128	615306
0	13	196	615305	619551
0	13	197	619550	623817
0	13	198	623885	628478
0	13	199	628480	636098
0	19	200	636097	640757
0	19	201	640756	645227
0	19	202	645226	645392
0	19	203	645394	654860
0	22	204	654859	659363
0	22	205	659362	661121
0	22	206	661168	664082
0	22	207	664081	664331
0	22	208	664330	668993
0	22	209	668992	673463
0	22	210	673462	673571
0	23	211	673572	678546
0	23	212	678563	680532
0	23	213	680543	683439
0	23	214	683481	684658
0	23	215	685001	685077
0	23	216	685112	692230
0	23	217	692229	693559
0	0	218	693561	693592
0	0	219	693639	703378
0	0	220	703435	704636
0	0	221	704635	710514
0	22	222	710513	712062
0	22	223	712163	715011
0	22	224	715010	719229
0	22	225	719231	720876
0	22	226	720875	721098
0	22	227	721136	721395
0	22	228	721394	722973
0	24	229	722972	728514
0	24	230	728513	732081
0	24	231	732086	737826
0	24	232	737834	738210
0	24	233	738209	744093
0	4	234	744101	748119
0	4	235	748450	750590
0	4	236	750595	753053
0	4	237	753055	753227
0	4	238	753226	758108
0	4	239	758110	758732
0	4	240	759397	759476
0	4	241	760442	760962
0	25	242	760973	766650
0	25	243	766730	772830
0	22	244	772829	778881
0	22	245	778988	780417
0	22	246	780416	785445
0	22	247	785447	785649
0	22	248	785669	785964
0	22	249	785963	785964
0	22	250	785963	790788
0	26	251	790853	790857
0	26	252	790859	796512
0	26	253	796511	797709
0	26	254	797708	801987
0	26	255	801986	802158
0	26	256	802157	808037
0	26	257	808042	809990
0	27	266	825178	826421
0	27	267	826429	828248
0	27	268	828247	828305
0	27	269	828304	828305
0	27	270	828304	828689
0	27	271	829027	829481
0	27	272	829549	838268
0	27	273	838267	843797
0	3	274	843869	849216
0	3	275	849230	849555
0	3	276	849554	850965
0	3	277	851582	855567
0	3	278	855599	861147
0	3	279	861491	862026
0	28	280	862025	862026
0	28	281	862028	867426
0	28	282	867425	867762
0	28	283	867761	873612
0	28	284	873611	879291
0	28	285	879290	879291
0	28	286	879290	879450
0	29	287	879467	879849
0	29	288	879848	885492
0	29	289	885576	891061
0	29	290	891075	891460
0	29	291	891462	892468
0	29	292	892473	894979
0	29	293	895054	897473
0	30	294	897472	897474
0	30	295	897475	902993
0	30	296	902992	903638
0	30	297	903723	909334
0	30	298	909336	909778
1	31	4	913073	916794
1	31	5	916793	919200
1	31	6	919199	922350
1	31	7	922349	925605
1	31	8	925607	926415
1	31	9	926681	928935
1	27	10	928946	933366
1	27	11	933374	938310
1	27	12	938318	939312
1	27	13	939365	947247
1	27	14	947288	948594
1	30	15	948599	948600
1	30	16	948602	953352
1	30	17	953354	958716
1	30	18	958715	958812
1	30	19	958811	963573
1	30	20	963575	967869
1	29	31	1009162	1019062
1	29	32	1019061	1020784
1	29	33	1020783	1023649
1	29	34	1023735	1026019
1	29	35	1026048	1030453
1	29	36	1030452	1031266
1	3	37	1031277	1031278
1	3	38	1031280	1037278
1	3	39	1037313	1040038
1	3	40	1040037	1043449
1	3	41	1043501	1044333
1	3	42	1044332	1051338
1	32	43	1051349	1056645
1	32	44	1056741	1058809
1	32	45	1058808	1062082
1	32	46	1062090	1066123
1	32	47	1066176	1067488
1	32	48	1067487	1067635
1	32	49	1067634	1067785
1	29	53	1083678	1085680
1	10	59	1102611	1112347
1	10	60	1112362	1136027
1	33	73	1164039	1175711
1	33	74	1175710	1179041
1	33	75	1179335	1184355
1	33	76	1184378	1184382
1	33	77	1184384	1194570
1	33	78	1194587	1218636
1	17	79	1218635	1221075
2	2	1	1221099	1224307
2	2	2	1224348	1227415
2	2	3	1227471	1230856
2	2	4	1230864	1234000
2	2	5	1234019	1235478
2	2	6	1235495	1240161
2	2	7	1240226	1244865
2	2	8	1244906	1245483
2	2	9	1245482	1247022
2	2	10	1247028	1250410
2	2	11	1250453	1255305
2	2	12	1255319	1256457
2	34	13	1256456	1261254
2	34	14	1261283	1261464
2	34	15	1261469	1267155
2	34	16	1267174	1269269
2	34	17	1269418	1272095
2	34	18	1272097	1275770
2	34	19	1275848	1277148
2	34	20	1277147	1282443
2	34	21	1282448	1287303
2	34	22	1287311	1289679
2	34	23	1289695	1289699
2	34	24	1290241	1292957
2	34	25	1292965	1298909
2	34	26	1298908	1303853
2	34	27	1303855	1308431
2	34	28	1308478	1308608
2	34	29	1308607	1313474
2	34	30	1313479	1318727
2	35	31	1318726	1323562
2	35	32	1323561	1333177
2	35	33	1333232	1333371
2	35	34	1333370	1333608
2	35	35	1333670	1338804
2	36	36	1338803	1340748
2	36	37	1340798	1344407
2	36	38	1344415	1349661
2	36	39	1349660	1349853
2	36	40	1349858	1351812
2	36	41	1351811	1355287
2	8	42	1355333	1355334
2	8	43	1355336	1360314
2	8	44	1360313	1365255
2	8	45	1365257	1372179
2	5	46	1372178	1373442
2	5	47	1373441	1377117
2	5	48	1377128	1384491
2	5	49	1384499	1387650
2	5	50	1387701	1387905
2	10	51	1387906	1392786
2	10	52	1392785	1392786
2	10	53	1392788	1397841
2	10	54	1397843	1403073
2	5	55	1403072	1403817
2	5	56	1403830	1406861
2	5	57	1406866	1409144
2	5	58	1409815	1416053
2	5	59	1416052	1416182
2	2	60	1416227	1425450
2	2	61	1425502	1426391
2	2	62	1426424	1429731
2	14	63	1429730	1429731
2	30	64	1429733	1429737
2	30	65	1429739	1435443
2	30	66	1435496	1441974
2	30	67	1441973	1445553
2	30	68	1445552	1449054
2	2	69	1449053	1449745
2	2	70	1449744	1449781
2	2	71	1449860	1455768
2	2	72	1455767	1468161
2	2	73	1468589	1472091
2	2	74	1472099	1476453
2	2	75	1476452	1480929
2	2	76	1480963	1483484
2	2	77	1483483	1484549
2	2	78	1484548	1486871
2	2	79	1486870	1490604
2	2	80	1490616	1490665
2	2	81	1490667	1491094
2	19	82	1491093	1496275
2	19	83	1496274	1497229
2	19	84	1497228	1501543
2	19	85	1501542	1506265
2	19	86	1506264	1510321
2	37	87	1510478	1514913
2	37	88	1514918	1517097
2	37	89	1517117	1519713
2	37	90	1519742	1524243
2	37	91	1524321	1524898
2	37	92	1524900	1529029
2	31	93	1529031	1533946
2	31	94	1534029	1536040
2	5	95	1536075	1540618
2	5	96	1540629	1543504
2	5	97	1543503	1543504
2	5	98	1543503	1543612
2	28	99	1543656	1548031
2	28	100	1548045	1552216
2	28	101	1552230	1556347
2	27	102	1556364	1557147
2	27	103	1557668	1562142
2	27	104	1562141	1570771
2	27	105	1570770	1573010
2	27	106	1573029	1578019
2	19	107	1578021	1584736
2	19	108	1584763	1587062
2	19	109	1587085	1591868
2	19	110	1591867	1592015
2	19	111	1592020	1596890
2	8	112	1596907	1601774
2	8	113	1601773	1604183
2	8	114	1604203	1611383
2	8	115	1611400	1615418
2	8	116	1615497	1616185
2	8	117	1616184	1620512
2	8	118	1620537	1621618
2	8	119	1621620	1625317
2	8	120	1625332	1627253
2	8	121	1627258	1629137
2	8	122	1629139	1631162
2	8	123	1631164	1634843
2	38	124	1634845	1641071
2	38	125	1641070	1644989
2	38	126	1644988	1651916
2	38	127	1651915	1655585
2	38	128	1655607	1656772
2	39	129	1656771	1664596
2	39	130	1664595	1668547
2	39	131	1668568	1670837
2	39	132	1670836	1672823
2	39	133	1672822	1676564
2	40	134	1676563	1676567
2	40	135	1676569	1681523
2	40	136	1681537	1683602
2	40	137	1683604	1685585
2	40	138	1685587	1687379
2	40	139	1687378	1689272
2	40	140	1689271	1691114
2	40	141	1691113	1694276
2	40	142	1694275	1694393
2	41	143	1694392	1697222
2	41	144	1697221	1699097
2	41	145	1699106	1701192
2	41	146	1701191	1702986
2	41	147	1702985	1704987
2	41	148	1705010	1707066
2	41	149	1707065	1709201
2	41	150	1709200	1709300
2	41	151	1709299	1712702
2	17	152	1712701	1714208
2	17	153	1714219	1714997
2	39	154	1715014	1719077
2	39	155	1719086	1719087
2	39	156	1719089	1723101
2	39	157	1723100	1723101
2	39	158	1723103	1725153
2	39	159	1725152	1727135
2	39	160	1727134	1730372
2	5	165	1752038	1752039
2	5	166	1752041	1758576
2	5	167	1758575	1760522
2	5	168	1760521	1762460
2	5	169	1762459	1764485
2	5	170	1764484	1766456
2	5	171	1766455	1768334
2	5	172	1768333	1772132
2	42	181	1790839	1796288
2	42	182	1796348	1797528
2	42	183	1797527	1801359
2	42	184	1801364	1806276
2	42	185	1806275	1808311
2	22	186	1808310	1813375
2	22	187	1813374	1818316
2	22	188	1818318	1819817
2	22	189	1819864	1824571
2	22	190	1824585	1826749
2	43	204	1866242	1873497
2	43	205	1873502	1875495
2	43	206	1875494	1884474
2	43	207	1884483	1884607
3	38	1	1922055	1922056
3	38	2	1922057	1925834
3	38	3	1925835	1928265
3	38	4	1928278	1930367
3	38	5	1930370	1930811
3	38	6	1930814	1931193
3	38	7	1931194	1932181
3	26	8	1932186	1935231
3	26	9	1935232	1936845
3	26	10	1936862	1939105
3	26	11	1939104	1941735
3	26	12	1941740	1944699
3	36	13	1944704	1945141
3	36	14	1945140	1947823
3	36	15	1947826	1950895
3	36	16	1950894	1953993
3	36	17	1953992	1955905
3	36	18	1955904	1957003
3	37	19	1957010	1959049
3	37	20	1959054	1960553
3	37	21	1960554	1963211
3	37	22	1963210	1963881
3	37	23	1963880	1969879
3	37	24	1969920	1974445
3	37	25	1974446	1976387
3	37	26	1976402	1981899
3	36	27	1981935	1982456
3	36	28	1982455	1985578
3	36	29	1985583	1988660
3	36	30	1988698	1991915
3	36	31	1991914	1992037
3	36	32	1992040	1995531
3	10	33	1995534	1995535
3	10	34	1995537	2001388
3	10	35	2001426	2001517
3	10	36	2001516	2006959
3	10	37	2006967	2006968
3	39	38	2006967	2013157
3	39	39	2013165	2018965
3	39	40	2018970	2019109
3	39	41	2019108	2024575
3	39	42	2024574	2024692
3	44	43	2024691	2040756
3	44	44	2040775	2041019
3	36	45	2041018	2042330
3	36	46	2042329	2046269
3	36	47	2046274	2051368
3	36	48	2051379	2057152
3	45	49	2057154	2069743
3	45	50	2069812	2079857
3	38	51	2079856	2084042
3	38	52	2084062	2087288
3	38	53	2087290	2087390
3	38	54	2087389	2093462
3	29	55	2093467	2113123
3	29	56	2113122	2113528
3	29	57	2113549	2122595
3	38	58	2122596	2130905
3	38	59	2130904	2135875
3	38	60	2135912	2135913
3	38	61	2135912	2137431
3	30	62	2137518	2145700
3	30	63	2145717	2152783
3	30	64	2152782	2162077
3	30	65	2162076	2164500
3	30	66	2164499	2164500
3	45	67	2164502	2164503
3	45	68	2164505	2165148
3	45	69	2165147	2169264
3	45	70	2169266	2173986
3	45	71	2173991	2179110
3	45	72	2179109	2179329
3	45	73	2179328	2184498
3	11	74	2184536	2184537
3	11	75	2184539	2185209
3	11	76	2185208	2189523
3	11	77	2189525	2191641
3	11	78	2191655	2196276
3	11	79	2196281	2196303
3	11	80	2196382	2199050
3	11	81	2199049	2199050
3	11	82	2199049	2199370
3	26	83	2199456	2204086
3	26	84	2204085	2206486
3	26	85	2206504	2209193
3	26	86	2209192	2214017
3	26	87	2214016	2219648
3	26	88	2219665	2219831
3	29	89	2219868	2220928
3	29	90	2220927	2225626
3	29	91	2225628	2232412
3	29	92	2232468	2236168
3	29	93	2236173	2239189
3	37	94	2239218	2244130
3	37	95	2244372	2247181
3	37	96	2247186	2249293
3	37	97	2249292	2253875
3	37	98	2253927	2258680
3	30	99	2258679	2263378
3	30	100	2263389	2268070
3	30	101	2268078	2273362
3	30	102	2273361	2278842
3	44	103	2278847	2283552
3	44	104	2283581	2290323
3	44	105	2290342	2298334
3	44	106	2298358	2298701
3	37	107	2298712	2305973
3	37	108	2305982	2308104
3	37	109	2308167	2308255
3	37	110	2308254	2312926
3	37	111	2312931	2317609
3	44	112	2317614	2326213
3	44	113	2326222	2333096
3	44	114	2333147	2337453
3	2	115	2337455	2340084
3	2	116	2340083	2344053
3	2	117	2344052	2348310
3	2	118	2348309	2348937
3	2	119	2348936	2349456
3	2	120	2349455	2350107
3	2	121	2350121	2351739
3	2	122	2351738	2354133
3	2	123	2354146	2354207
3	2	124	2354239	2354852
3	41	125	2354851	2359565
3	41	126	2359564	2359723
3	20	127	2359809	2359810
3	20	128	2359812	2363971
3	20	129	2364201	2364361
3	20	130	2364360	2367811
3	20	131	2367810	2369584
3	20	132	2369583	2371498
3	20	133	2371497	2379337
3	44	134	2379357	2381653
3	44	135	2381655	2383525
3	44	136	2383530	2387419
3	44	137	2387421	2389399
3	44	138	2389398	2392381
3	44	139	2392380	2395444
3	19	140	2395443	2400971
3	19	141	2400970	2404598
3	19	142	2404597	2406182
3	19	143	2406184	2407999
3	19	144	2408312	2408568
3	19	145	2408567	2412535
3	19	146	2412855	2413618
3	29	147	2413617	2415406
3	29	148	2416187	2416956
3	29	149	2416955	2420842
3	29	150	2420841	2424736
3	29	151	2424780	2426770
3	29	152	2426769	2428612
3	29	153	2428629	2431567
3	35	154	2431566	2437975
3	35	155	2437974	2443597
3	35	156	2443606	2445293
3	35	157	2445310	2452691
3	41	158	2452733	2452737
3	41	159	2452739	2457453
3	41	160	2457455	2459163
3	41	161	2459162	2460813
3	41	162	2460812	2462736
3	41	163	2462750	2464509
3	41	164	2464508	2466267
3	41	165	2466266	2466330
3	41	166	2466329	2466339
3	41	167	2466338	2469570
3	38	168	2469575	2469576
3	38	169	2469578	2472183
3	38	170	2472182	2480925
3	38	171	2480930	2484681
3	38	172	2484680	2486790
3	38	173	2486808	2487608
3	35	174	2487699	2492026
3	35	175	2492025	2495974
3	35	176	2496023	2501244
3	35	177	2501243	2502507
3	35	178	2503043	2508567
3	45	179	2508566	2509515
3	45	180	2509853	2519028
3	45	181	2519027	2523288
3	45	182	2523287	2523300
3	45	183	2523352	2528255
3	21	184	2528254	2533586
3	21	185	2533585	2537822
3	21	186	2537848	2542199
3	21	187	2542198	2547155
3	21	188	2547191	2547477
3	35	189	2547476	2562669
3	35	190	2562668	2564112
3	35	191	2564119	2565986
3	35	192	2566006	2569775
3	16	193	2569774	2573789
3	16	194	2573815	2577791
3	16	195	2577804	2582449
3	16	196	2582466	2585419
3	35	197	2585421	2590435
3	35	198	2590472	2595243
3	35	199	2595260	2598372
3	35	200	2598383	2600467
3	35	201	2600506	2602868
3	35	202	2602873	2606411
3	19	203	2606419	2610557
3	19	204	2610565	2610578
3	19	205	2610639	2612503
3	19	206	2612511	2615317
3	19	207	2615316	2623386
3	19	208	2623388	2627766
3	30	209	2627765	2631969
3	30	210	2632014	2635819
3	30	211	2635851	2635852
3	30	212	2635854	2639908
3	30	213	2639916	2640079
3	30	214	2640078	2645179
3	36	215	2645178	2645767
3	36	216	2645766	2646124
3	36	217	2646129	2651047
3	36	218	2651055	2656487
3	36	219	2656555	2657668
3	40	220	2657673	2658146
3	40	221	2658145	2663873
3	40	222	2663887	2669852
3	40	223	2669851	2675408
3	17	224	2675407	2678546
3	17	225	2678560	2681141
3	17	226	2681146	2682155
3	17	227	2682157	2686565
3	17	228	2686564	2688446
3	17	229	2688783	2691367
3	32	230	2691366	2693227
3	32	231	2693226	2693713
3	32	232	2694051	2694412
3	32	233	2694411	2694412
3	32	234	2694411	2695360
3	32	235	2695359	2699701
3	32	236	2699709	2699797
3	32	237	2699796	2705527
3	23	238	2705526	2716334
3	23	239	2716333	2716526
3	23	240	2716570	2719805
3	37	245	2729996	2735301
3	37	246	2735303	2740581
3	37	247	2740580	2745144
3	37	248	2745143	2747292
3	37	249	2747300	2747670
3	37	250	2748011	2748785
3	35	251	2748883	2760847
3	35	252	2760846	2762233
3	35	253	2762286	2767033
3	19	254	2767034	2772139
3	19	255	2772153	2772508
3	19	256	2772507	2777494
3	19	257	2777493	2783527
3	17	258	2783526	2784025
3	17	259	2784024	2788912
3	17	260	2788975	2794496
3	17	261	2794504	2794880
3	17	262	2794882	2795813
3	17	263	2795827	2799732
3	17	264	2799828	2802166
3	41	265	2802165	2803558
3	41	266	2804130	2806006
3	41	267	2806046	2808969
3	41	268	2808971	2814327
3	41	269	2814335	2814750
3	41	270	2814749	2815665
4	0	1	2815667	2820599
4	0	2	2820607	2825192
4	0	3	2825197	2830223
4	0	4	2830222	2830409
4	0	5	2830408	2835884
4	7	6	2836029	2838985
4	7	7	2838996	2841322
4	7	8	2841321	2846755
4	7	9	2846765	2847948
4	7	10	2847947	2851392
4	7	11	2851397	2853225
4	7	12	2853253	2853914
4	7	13	2854267	2854802
4	46	14	2854816	2860013
4	46	15	2860036	2862293
4	46	16	2862292	2864864
4	46	17	2864866	2870024
4	46	18	2870033	2870670
4	46	19	2870993	2871612
4	10	20	2871617	2871618
4	10	21	2871620	2876685
4	10	22	2876684	2876685
4	15	48	2942588	2944356
4	15	49	2944364	2953812
4	15	50	2953826	2956815
4	15	51	2956814	2957019
4	15	52	2957054	2961336
4	3	53	2961335	2966010
4	3	54	2966024	2967708
4	3	55	2968457	2971442
4	3	56	2971441	2976041
4	3	57	2976055	2978018
4	3	58	2978017	2978411
4	10	59	2978547	2978551
4	10	60	2978553	2982673
4	10	61	2982704	2987544
4	10	62	2987564	2987805
4	10	63	2987837	2993826
4	10	64	2994080	2994639
4	20	65	2994638	3001659
4	20	66	3001658	3001662
4	20	67	3001661	3001665
4	20	68	3001664	3001671
4	21	69	3001670	3001674
4	21	70	3001673	3001677
4	21	71	3001676	3001683
4	21	72	3001682	3001686
4	21	73	3001685	3001689
4	27	74	3001688	3001692
4	27	75	3001691	3001695
4	27	76	3001694	3001701
4	27	77	3001700	3001707
4	27	78	3001709	3001713
4	27	79	3001712	3001719
4	27	80	3001718	3001731
4	27	81	3001730	3001737
4	13	82	3001736	3001743
4	13	83	3001742	3001752
4	13	84	3001754	3001755
4	13	85	3001754	3001761
4	13	86	3001760	3001767
4	46	87	3001769	3001773
4	46	88	3001772	3001779
4	46	89	3001778	3001785
4	27	90	3001784	3001791
4	27	91	3001790	3001794
4	27	92	3001793	3001800
4	27	93	3001799	3001806
4	44	94	3001805	3001809
4	44	95	3001808	3001809
4	44	96	3001808	3001812
4	44	97	3001811	3001815
4	44	98	3001814	3001821
4	44	99	3001820	3001821
4	47	100	3001820	3001824
4	47	101	3001823	3001827
4	47	102	3001826	3001827
4	47	103	3001829	3001830
4	47	104	3001829	3001830
4	27	105	3001829	3001836
4	27	106	3001835	3001839
4	27	107	3001841	3001842
4	27	108	3001841	3001848
4	27	109	3001847	3001851
4	33	116	3001871	3001872
4	3	119	3001880	3001884
4	3	120	3001883	3001887
4	3	121	3001886	3001893
4	3	122	3001892	3001896
4	3	123	3001895	3001899
4	3	124	3001898	3001902
4	3	125	3001901	3001905
5	47	1	3001904	3005527
5	47	2	3005526	3007918
5	47	3	3007920	3010915
5	47	4	3010914	3014719
5	47	5	3014742	3014779
5	47	6	3014934	3015481
5	47	7	3015486	3015862
5	47	8	3016002	3016180
5	47	9	3016686	3016708
5	47	10	3016713	3018040
5	3	11	3018039	3022633
5	3	12	3022677	3027607
5	3	13	3027606	3029911
5	3	14	3029928	3032287
5	3	15	3032334	3037663
5	3	16	3037665	3038158
5	3	17	3038157	3043216
5	3	18	3043215	3047908
5	3	19	3047907	3050110
5	3	20	3050130	3052696
5	3	21	3052751	3054877
5	6	22	3054879	3059559
5	6	23	3059576	3064101
5	6	24	3064132	3064133
5	6	25	3064135	3068969
5	6	26	3068982	3069133
5	6	27	3069132	3074662
5	31	28	3074661	3081721
5	31	29	3081738	3084440
5	31	30	3084439	3093314
5	6	31	3093314	3093315
5	6	32	3093316	3098291
5	6	33	3098292	3102682
5	6	34	3102719	3106980
5	6	35	3106982	3107109
5	6	36	3107108	3111551
5	45	37	3111550	3111713
5	45	38	3111712	3118007
5	29	39	3118006	3118007
5	29	40	3118006	3118007
5	29	41	3118006	3120852
5	29	42	3120851	3120852
5	29	43	3120854	3123369
5	29	44	3123374	3125250
5	29	45	3125249	3128370
5	29	46	3128372	3131610
5	29	47	3131609	3133528
5	48	48	3133557	3138646
5	48	49	3138656	3140649
5	48	50	3140648	3143553
5	48	51	3143618	3145812
5	48	52	3145903	3147521
5	48	53	3147565	3148790
5	23	54	3148789	3150038
5	23	55	3150037	3150038
5	23	56	3150037	3153878
5	23	57	3153889	3159074
5	23	58	3159094	3159236
5	23	59	3159235	3160097
5	23	60	3160750	3161474
5	23	61	3161485	3165347
5	23	62	3165920	3167388
5	2	63	3167387	3176751
5	2	64	3176750	3179214
5	2	65	3181023	3184690
5	45	66	3184689	3184690
5	45	67	3184692	3196948
5	45	68	3196947	3207406
5	45	69	3207483	3207487
5	45	70	3207486	3207661
5	46	71	3207750	3213517
5	46	72	3213516	3228319
5	12	73	3228318	3232666
5	12	74	3232872	3233143
5	12	75	3233154	3237580
5	12	76	3237655	3242603
5	12	77	3242667	3242977
5	12	78	3243017	3243126
5	4	79	3243125	3249413
5	4	80	3249412	3263092
5	4	81	3263136	3264955
5	49	82	3264957	3264958
5	49	83	3264960	3267337
5	49	84	3267531	3269377
5	49	85	3269391	3273643
5	49	86	3273651	3273775
5	49	87	3273777	3277852
5	49	88	3277857	3279615
5	38	89	3279614	3279615
5	38	90	3279617	3280233
5	38	91	3280235	3283878
5	38	92	3283877	3284082
5	38	93	3284105	3292605
5	3	94	3292604	3294744
5	3	95	3294743	3304387
5	3	96	3304386	3309169
5	3	97	3309294	3309424
5	10	98	3309423	3310258
5	10	99	3310257	3313888
5	10	100	3313929	3318232
5	10	101	3318302	3318450
5	10	102	3318449	3327600
5	14	103	3327599	3327600
5	14	104	3327602	3331906
5	14	105	3331905	3331906
5	14	106	3331905	3335468
5	14	107	3335803	3341291
5	14	108	3341296	3346757
5	49	109	3346756	3346757
5	49	110	3346759	3346874
5	49	111	3346873	3349010
5	49	112	3349015	3351089
5	49	113	3351100	3354584
5	49	114	3354602	3355485
5	49	115	3355484	3359472
5	49	116	3359489	3360831
5	49	117	3360830	3360831
5	49	118	3360833	3365287
5	49	119	3365292	3367234
5	49	120	3367239	3369598
5	49	121	3369626	3370590
5	49	122	3370589	3374091
5	49	123	3374099	3374229
5	49	124	3374228	3375276
5	5	125	3375275	3375933
5	5	126	3375932	3379818
5	5	127	3379866	3384109
5	5	128	3384117	3386044
5	5	129	3386043	3388702
5	5	130	3389754	3392722
5	39	131	3392727	3399298
5	39	132	3399300	3401470
5	39	133	3401469	3401656
5	39	134	3401681	3406053
5	39	135	3406052	3410973
5	48	141	3429630	3432109
5	48	142	3432108	3434425
5	48	143	3434447	3438618
5	48	144	3438629	3444202
5	48	145	3444204	3446317
5	48	146	3446316	3447442
5	48	147	3447447	3451387
5	48	148	3451447	3453743
5	48	149	3453751	3457682
5	48	150	3457687	3459992
5	48	151	3459991	3465200
5	4	152	3465257	3467604
5	4	153	3467606	3473454
5	4	154	3473453	3475362
5	4	155	3475361	3480771
5	4	156	3480820	3481403
5	4	157	3481402	3484958
5	41	185	3547294	3547571
5	41	186	3547570	3553320
5	41	187	3553321	3553322
5	41	188	3553321	3559415
5	41	189	3559414	3562961
5	41	190	3562960	3566405
5	24	191	3566485	3572795
5	24	192	3572794	3574646
5	24	193	3574645	3576647
5	24	194	3576646	3578621
5	24	195	3578623	3585797
5	24	196	3585796	3585797
5	24	197	3585796	3585797
5	24	198	3585796	3585797
5	24	199	3585796	3585797
5	24	200	3585796	3585797
5	24	201	3585796	3585797
5	22	202	3585796	3585815
5	22	203	3585883	3592226
5	22	204	3592225	3596033
5	22	205	3596058	3599875
5	22	206	3599874	3604945
5	35	214	3618717	3618829
5	35	215	3618828	3620536
5	35	216	3620541	3620542
5	19	217	3620541	3624631
5	19	218	3624636	3629080
5	19	219	3629085	3633079
5	19	220	3633100	3633329
5	19	221	3633394	3635912
5	40	235	3668695	3668696
5	40	236	3668695	3672925
5	40	237	3672936	3678633
5	40	238	3678663	3686835
6	45	1	3756503	3759732
6	45	2	3759734	3762792
6	45	3	3762800	3762951
6	45	4	3762977	3764631
6	45	5	3764688	3767818
6	50	6	3767838	3770785
6	50	7	3770784	3773290
6	50	8	3773295	3778171
6	50	9	3778170	3778804
6	50	10	3778803	3787906
6	45	11	3787905	3793525
6	45	12	3793530	3798589
6	45	13	3798589	3798694
6	45	14	3798693	3803707
6	45	15	3803709	3804499
6	45	16	3804825	3805300
6	45	17	3805404	3805633
6	51	18	3805656	3810613
6	51	19	3810618	3815725
6	51	20	3815730	3815878
6	51	21	3815877	3820732
6	51	22	3820743	3824356
6	51	23	3824416	3825677
6	29	24	3825676	3825683
6	29	25	3825685	3829364
6	29	26	3829556	3839271
6	29	27	3839270	3847311
6	31	28	3847313	3857552
6	31	29	3857551	3857639
6	31	30	3857647	3858896
6	31	31	3858895	3865868
6	31	32	3865879	3868217
6	35	33	3868216	3868238
6	35	34	3868542	3874327
6	35	35	3874394	3879624
6	35	36	3879667	3879863
6	35	37	3879862	3886856
6	35	38	3886855	3897773
6	35	39	3897824	3898005
6	35	40	3898004	3898101
6	35	41	3898103	3905363
6	3	42	3905362	3910220
6	3	43	3910222	3916872
6	3	44	3916871	3919272
6	3	45	3919274	3920964
6	3	46	3920974	3922169
6	29	47	3922168	3926999
6	29	48	3927004	3928166
6	29	49	3928165	3932072
6	29	50	3932071	3932783
6	29	51	3932782	3935714
6	29	52	3935713	3936317
6	29	53	3936427	3937439
6	31	54	3937438	3942263
6	31	55	3942262	3946622
6	31	56	3946719	3946885
6	31	57	3946884	3948442
6	31	58	3948441	3952615
6	49	59	3952790	3958119
6	49	60	3958118	3965715
6	49	61	3965754	3969913
6	49	62	3969912	3970624
6	31	63	3970623	3975364
6	31	64	3975366	3980140
6	31	65	3980307	3986794
6	31	66	3986793	3987775
6	35	67	3987774	3997852
6	35	68	3997851	4004890
6	51	69	4004975	4013868
6	51	70	4013882	4014027
6	51	71	4014026	4014138
6	51	72	4014137	4022418
6	51	73	4022429	4028088
6	51	74	4028132	4032249
6	51	75	4032248	4032378
6	51	76	4032377	4032488
6	51	77	4032511	4037291
6	51	78	4037295	4037296
6	51	79	4037296	4041713
6	51	80	4041712	4051414
6	8	81	4051422	4056051
6	8	82	4056319	4060938
6	8	83	4060961	4065696
6	8	84	4065763	4071608
6	8	85	4071607	4071608
6	8	86	4071607	4071791
6	11	87	4071790	4072613
6	11	88	4072612	4076618
6	11	89	4076629	4081139
6	11	90	4081150	4081700
6	23	91	4081754	4086270
6	23	92	4086278	4089968
6	23	93	4089979	4096205
6	29	94	4096234	4096235
6	29	95	4096237	4102124
6	29	96	4102138	4105715
6	29	97	4105810	4106738
6	29	98	4106737	4107653
6	29	99	4107652	4111289
6	29	100	4111288	4111397
6	38	101	4111402	4121451
6	38	102	4121450	4121586
6	38	103	4121585	4125858
6	38	104	4125902	4130376
6	38	105	4130375	4134870
6	38	106	4134869	4143720
6	38	107	4143722	4148442
6	38	108	4148458	4148774
6	38	109	4149445	4149905
6	38	110	4149940	4150085
6	38	111	4150150	4150151
6	30	112	4150150	4158737
6	30	113	4158736	4163885
6	30	114	4163884	4168847
6	30	115	4168867	4169813
6	3	116	4169818	4169819
6	3	117	4169821	4174280
6	3	118	4174288	4178576
6	3	119	4178644	4182416
6	3	120	4182424	4182425
6	3	121	4182439	4183917
6	3	122	4183931	4189323
6	11	123	4189322	4189326
6	11	124	4189328	4193982
6	11	125	4193984	4193985
6	11	126	4193987	4198266
6	11	127	4198265	4200267
6	11	128	4200269	4201056
6	11	129	4201188	4205881
6	11	130	4205918	4205919
6	11	131	4205918	4206015
6	52	132	4206101	4208523
6	52	133	4208522	4212564
6	52	134	4212563	4216138
6	52	135	4216140	4219234
6	52	136	4219233	4222633
6	52	137	4222932	4223653
6	24	138	4223661	4225942
6	24	139	4225941	4231563
6	24	140	4231565	4233402
6	24	141	4233405	4238707
6	24	142	4238763	4239307
6	24	143	4239309	4242166
6	18	144	4242171	4242172
6	18	145	4242174	4248871
6	18	146	4248893	4250817
6	18	147	4250816	4255074
6	18	148	4255088	4257108
6	18	149	4257157	4260263
6	18	150	4260262	4260461
6	23	151	4260460	4263515
6	23	152	4263514	4265624
6	23	153	4265623	4267586
6	23	154	4267585	4267586
6	23	155	4267585	4271282
6	23	156	4271281	4273286
6	23	157	4273285	4275209
6	23	158	4275208	4277081
6	23	159	4277080	4277084
6	23	160	4277124	4277317
6	11	161	4277451	4282309
6	11	162	4282317	4284436
6	11	163	4284435	4288942
6	11	164	4288941	4292921
6	11	165	4292923	4297787
6	12	166	4297786	4297790
6	12	167	4297792	4301054
6	12	168	4301053	4302998
6	12	169	4303000	4305074
6	12	170	4305073	4306930
6	12	171	4306929	4312267
6	12	172	4312266	4312624
6	12	173	4312623	4314802
6	40	174	4314801	4321771
6	40	175	4321770	4323652
6	40	176	4323651	4325485
6	40	177	4325490	4327309
6	40	178	4327313	4331049
6	40	179	4331048	4334174
6	32	180	4334173	4337051
6	32	181	4337050	4339091
6	32	182	4339090	4341143
6	32	183	4341142	4343213
6	32	184	4343212	4345295
6	32	185	4345294	4347395
6	32	186	4347394	4353083
6	32	187	4353763	4354433
6	53	188	4354675	4356536
6	53	189	4356547	4364210
6	53	190	4364209	4366073
6	53	191	4366075	4368854
6	53	192	4368903	4369069
6	53	193	4369170	4373812
6	42	194	4373811	4378858
6	42	195	4378902	4382794
6	42	196	4382835	4383061
6	42	197	4383060	4387609
6	42	198	4387611	4392058
6	42	199	4392057	4392058
6	42	200	4392057	4392199
6	12	206	4410039	4411618
6	12	207	4411653	4414561
6	12	208	4414575	4416112
6	12	209	4416136	4419020
6	12	210	4419040	4420271
6	12	211	4420308	4424512
6	12	212	4424532	4424680
6	12	213	4424699	4426245
6	12	214	4426312	4426766
6	52	215	4426798	4431644
6	52	216	4431670	4436186
6	52	217	4436395	4437761
6	52	218	4437771	4443778
6	52	219	4443796	4443881
6	12	220	4443883	4445435
6	12	221	4445533	4448372
6	12	222	4448371	4452680
6	12	223	4452693	4454188
6	12	224	4454212	4458965
6	12	225	4458968	4459017
6	12	226	4459071	4459216
6	12	227	4459215	4459402
6	37	228	4459416	4464154
6	37	229	4464153	4464334
6	37	230	4464333	4468717
6	37	231	4468719	4468924
6	37	232	4468932	4473268
6	37	233	4473267	4473946
6	37	234	4473948	4474166
6	37	235	4474816	4474901
6	37	236	4475528	4477716
6	16	237	4477797	4485162
6	16	238	4485167	4489473
6	16	239	4489478	4492686
6	30	240	4492702	4498448
6	30	241	4498447	4503833
6	30	242	4503835	4503935
6	30	243	4503934	4504364
6	30	244	4504378	4509167
6	30	245	4509175	4510220
6	54	246	4510219	4516515
6	54	247	4516514	4522689
6	54	248	4522691	4525317
6	54	249	4525325	4528614
6	29	250	4528613	4530189
6	29	251	4530197	4534233
6	29	252	4534382	4540740
6	29	253	4540748	4542024
6	29	254	4542047	4546659
6	29	255	4546658	4546869
6	3	256	4546868	4553193
6	3	257	4553192	4554414
6	3	258	4554413	4558644
6	3	259	4558652	4558824
6	3	260	4558823	4564704
6	55	261	4564703	4569966
6	55	262	4570001	4575640
6	55	263	4575693	4576096
6	55	264	4576113	4578322
6	55	265	4578329	4581777
6	55	266	4581776	4582059
6	19	272	4600286	4602225
6	19	273	4602224	4612048
6	19	274	4612047	4617535
6	23	279	4636625	4647256
6	23	280	4647277	4647371
6	23	281	4647405	4653196
6	23	282	4654170	4654195
6	19	283	4654203	4654204
6	19	284	4654206	4655395
6	19	285	4655397	4659319
6	19	286	4659318	4659997
6	19	287	4660017	4665925
6	19	288	4665954	4666390
6	19	289	4666389	4667371
7	23	1	4667403	4667980
7	23	2	4668030	4673596
7	23	3	4673595	4676941
7	23	4	4676940	4677085
7	23	5	4677084	4677178
7	23	6	4677189	4681189
7	23	7	4681188	4683619
7	36	8	4683757	4686917
7	36	9	4686937	4695815
7	36	10	4695826	4696457
7	36	11	4696456	4705775
7	51	12	4705774	4711358
7	51	13	4711378	4716212
7	51	14	4716217	4720919
7	51	15	4720918	4721075
7	51	16	4721074	4725782
7	13	17	4725796	4725797
7	13	18	4725799	4730852
7	13	19	4730857	4730858
7	13	20	4730863	4733258
7	13	21	4733476	4736057
7	13	22	4736062	4737026
7	13	23	4737025	4741544
7	52	24	4741579	4746803
7	52	25	4746861	4751718
7	52	26	4751779	4751894
7	52	27	4751932	4752566
7	52	28	4752565	4757237
7	23	29	4757236	4758245
7	23	30	4758244	4766664
7	23	31	4766675	4770540
7	23	32	4770539	4774965
7	23	33	4774964	4778115
7	23	34	4778501	4779135
7	26	35	4779137	4784259
7	26	36	4784261	4785483
7	26	37	4785482	4788993
7	26	38	4788995	4793055
7	26	39	4793123	4794354
7	50	40	4794371	4795590
7	50	41	4795589	4805196
7	50	42	4805210	4810387
7	49	43	4810386	4811647
7	49	44	4811646	4815232
7	49	45	4815246	4823653
7	49	46	4823675	4827009
7	49	47	4827073	4827227
7	49	48	4827226	4827383
7	24	55	4838137	4847205
7	24	56	4847204	4847376
7	24	57	4847402	4850421
7	24	58	4850420	4852095
7	8	59	4852097	4863537
7	8	60	4863542	4871067
7	8	61	4871072	4882317
7	20	75	4949577	4949578
7	20	76	4949580	4954552
7	20	77	4954566	4954714
7	20	78	4954713	4959319
7	20	79	4959318	4970278
7	8	80	4970292	4970296
7	8	81	4970298	4979083
7	8	82	4979155	4983694
7	8	83	4983699	4984414
7	8	84	4984549	4989167
7	40	85	4989254	4990042
7	40	86	4990041	4994257
7	40	87	4994268	4999575
7	40	88	4999574	5004381
7	40	89	5004380	5008404
7	40	90	5008403	5008545
7	8	99	5049642	5049643
7	8	100	5049645	5059990
7	8	101	5059989	5066422
7	8	102	5066421	5069437
7	8	103	5069512	5070986
7	19	132	5474041	5504140
7	19	133	5504277	5523424
7	19	134	5523527	5565628
7	28	135	5565628	5590171
7	28	136	5590170	5599708
7	28	137	5599707	5608666
7	28	138	5608876	5629773
7	56	153	5788488	5803459
7	56	154	5803458	5823136
7	56	155	5823292	5832401
7	56	156	5832400	5841557
7	56	157	5841799	5851091
7	56	158	5851090	5870554
7	52	159	5870553	5902675
7	52	160	5902677	5928253
7	52	161	5928252	5936740
7	52	162	5936742	5966608
7	0	164	5972604	5973946
7	0	165	5973945	5979208
7	0	166	5979213	5981626
7	0	167	5981725	5985563
7	0	168	5985562	5992433
7	8	169	5992432	5993666
7	8	170	5993734	5997668
7	8	171	5997670	5998247
7	8	172	5998279	6004151
7	8	173	6004348	6004898
8	28	1	6004897	6004907
8	28	2	6004909	6007676
8	28	3	6007687	6010298
8	28	4	6010297	6010298
8	28	5	6010299	6011258
8	28	6	6011257	6013016
8	28	7	6013027	6013115
8	28	8	6013117	6015938
8	28	9	6015940	6018689
8	31	10	6018697	6023312
8	31	11	6023314	6025640
8	31	12	6025660	6029108
8	31	13	6029107	6033014
8	31	14	6033019	6037616
8	31	15	6037634	6037926
8	27	16	6037928	6048263
8	27	17	6048262	6048263
8	27	18	6048265	6052397
8	27	19	6052396	6053295
8	27	20	6053297	6058932
8	46	21	6058934	6063450
8	46	22	6063465	6067912
8	46	23	6067928	6072609
8	46	24	6072631	6072754
8	46	25	6072753	6076176
8	47	26	6076177	6080718
8	47	27	6080733	6085216
8	47	28	6085215	6089947
8	47	29	6089953	6094945
8	27	30	6095006	6100524
8	27	31	6100567	6106714
8	27	32	6106713	6114764
8	27	33	6114832	6116282
8	3	34	6116417	6121766
8	3	35	6121816	6126653
8	3	36	6126676	6128191
8	3	37	6128205	6133075
8	4	38	6133074	6138508
8	4	39	6138510	6143401
8	4	40	6143403	6143557
8	4	41	6143596	6148970
8	13	42	6148975	6149108
8	13	43	6149133	6154023
8	13	44	6154050	6158863
8	13	45	6158868	6158989
8	13	46	6158988	6163855
8	13	47	6163857	6165250
8	39	48	6165249	6170143
8	39	49	6170145	6175078
8	39	50	6175080	6175216
8	39	51	6175215	6175327
8	39	52	6175401	6181360
8	39	53	6181359	6181492
8	49	54	6181491	6185278
8	49	55	6185369	6189018
8	49	56	6189023	6196764
8	49	57	6196799	6198741
8	49	58	6198740	6198978
8	3	59	6198977	6201795
8	3	60	6201800	6207339
8	3	61	6207395	6207549
8	3	62	6207557	6215016
8	12	63	6215015	6215022
8	12	64	6215024	6220446
8	12	65	6220445	6220656
8	12	66	6220658	6232938
8	12	67	6233074	6235625
8	12	68	6235624	6236252
8	12	69	6236251	6236339
8	29	70	6236338	6236342
8	29	71	6236344	6238346
8	29	72	6238351	6238352
8	29	73	6238363	6239364
8	29	74	6239366	6239877
8	29	75	6239930	6240825
8	29	76	6241067	6243678
8	29	77	6243968	6248793
8	6	78	6248795	6249567
8	6	79	6250250	6250722
8	6	80	6250756	6252707
8	6	81	6252709	6253553
8	6	82	6253581	6265237
8	12	83	6265257	6265810
8	12	84	6265809	6269791
8	12	85	6269862	6271930
8	12	86	6271932	6276469
8	12	87	6276480	6276493
8	12	88	6276507	6279346
8	12	89	6279345	6279379
8	12	90	6279378	6279550
8	31	91	6279602	6286315
8	31	92	6286367	6288768
8	31	93	6288767	6293574
8	31	94	6293600	6294267
8	31	95	6294266	6298764
8	19	96	6298772	6298773
8	19	97	6298775	6299613
8	19	98	6299615	6303087
8	19	99	6303086	6303651
8	19	100	6303695	6303870
8	19	101	6303869	6314109
8	2	102	6314108	6314109
8	2	103	6314111	6318743
8	2	104	6318770	6318813
8	2	105	6318815	6328212
8	2	106	6328274	6332418
8	2	107	6332420	6333249
8	57	108	6333266	6337605
8	57	109	6338405	6343986
8	57	110	6343985	6352725
8	57	111	6352724	6352848
8	31	112	6352847	6358428
8	31	113	6358430	6360531
8	31	114	6360536	6362826
8	31	115	6362825	6363687
8	31	116	6363686	6367923
8	31	117	6367934	6368657
8	31	118	6368694	6369980
8	8	119	6369997	6374342
8	8	120	6374347	6376523
8	8	121	6376546	6378755
8	8	122	6378809	6384369
8	8	123	6384371	6384372
8	8	124	6384371	6386082
8	8	125	6386087	6386253
8	8	126	6386252	6386253
8	8	127	6386252	6386253
8	8	128	6386252	6386457
8	28	129	6386456	6393130
8	28	130	6393132	6395488
8	28	131	6395487	6395674
8	28	132	6395688	6400132
8	28	133	6400131	6405205
8	46	134	6405207	6410238
8	46	135	6410258	6414939
8	46	136	6414941	6419274
8	46	137	6419282	6421026
8	46	138	6421079	6421134
8	46	139	6421133	6421889
8	19	140	6422001	6426301
8	19	141	6426540	6427678
8	19	142	6427677	6431566
8	19	143	6431568	6433633
8	19	144	6433632	6435520
8	19	145	6435519	6437602
8	19	146	6437604	6440980
8	19	147	6441006	6441049
8	19	148	6441421	6441668
8	5	149	6441667	6445187
8	5	150	6445186	6447152
8	5	151	6447151	6449795
8	5	152	6449806	6451877
8	5	153	6451876	6454373
8	5	154	6454381	6455840
8	5	155	6455839	6457043
8	5	156	6457042	6458312
8	5	157	6458311	6463568
8	8	158	6463570	6463574
8	8	159	6463576	6463583
8	8	160	6463585	6467606
8	8	161	6467629	6469943
8	8	162	6469965	6471841
8	8	163	6471840	6473884
8	8	164	6473886	6473962
8	8	165	6473961	6478576
8	45	166	6478578	6478582
8	45	167	6478581	6480772
8	45	168	6480774	6482785
8	45	169	6482784	6488656
8	45	170	6488655	6493378
8	45	171	6493380	6496678
8	5	172	6496677	6499333
8	5	173	6499332	6501157
8	5	174	6501156	6503119
8	5	175	6503118	6504868
8	5	176	6504867	6506755
8	5	177	6506754	6508561
8	5	178	6508585	6510464
8	5	179	6510484	6510821
8	5	180	6510820	6512990
8	20	181	6513007	6515039
8	20	182	6515038	6517157
8	20	183	6517156	6519383
8	20	184	6519382	6523709
8	20	185	6523708	6527729
8	20	186	6527728	6532331
8	20	187	6532330	6533114
8	20	188	6533113	6533744
8	20	189	6533743	6533765
8	20	190	6533764	6533936
8	20	191	6535645	6535649
8	53	192	6540286	6540290
8	53	193	6540292	6540293
8	53	194	6540295	6543857
8	53	195	6543856	6545735
8	53	196	6545818	6549926
8	53	197	6549925	6550445
8	53	198	6550489	6551888
8	53	199	6551940	6554086
8	53	200	6554085	6558457
8	39	201	6558471	6565063
8	39	202	6565063	6567257
8	39	203	6567256	6569111
8	39	204	6569110	6570887
8	39	205	6570886	6572918
8	39	206	6572917	6574667
8	39	207	6574669	6578024
8	15	208	6578023	6580913
8	15	209	6580912	6583001
8	15	210	6583003	6585074
8	15	211	6585073	6587150
8	15	212	6587152	6589025
8	15	213	6589024	6594251
8	3	214	6594250	6598919
8	3	215	6598921	6600614
8	3	216	6600649	6603650
8	3	217	6603652	6604748
8	3	218	6604781	6604899
8	3	219	6604898	6605685
8	3	220	6606320	6606372
8	3	221	6606374	6606864
8	27	222	6606866	6612003
8	27	223	6612002	6616776
8	27	224	6616775	6621927
8	27	225	6621962	6622605
8	27	226	6622610	6627966
8	58	227	6627965	6632829
8	58	228	6632831	6637260
8	58	229	6637324	6637433
8	58	230	6637432	6641840
8	58	231	6641839	6643412
8	58	232	6643414	6646250
8	13	236	6661627	6668990
8	13	237	6668992	6671207
8	13	238	6671242	6675848
8	13	239	6675917	6680406
8	13	240	6680408	6680672
8	19	241	6680674	6681050
8	19	242	6681064	6687164
8	19	243	6687163	6692036
8	19	244	6692035	6696319
8	19	245	6696318	6697552
8	19	246	6697551	6699407
8	45	247	6699406	6704918
8	45	248	6704917	6708539
8	45	249	6708541	6713738
8	45	250	6713767	6714071
8	45	251	6714106	6719282
8	59	252	6719281	6726797
8	59	253	6726799	6727859
8	59	254	6727870	6732254
8	59	255	6732329	6732708
8	59	256	6732830	6737196
8	59	257	6737235	6737461
8	58	258	6737460	6743062
8	58	259	6743061	6744442
8	58	260	6744441	6749989
8	58	261	6749998	6756308
8	29	262	6756307	6762160
8	29	263	6762159	6762481
8	29	264	6762536	6774501
8	29	265	6774503	6775254
8	29	266	6775305	6775569
8	29	267	6775594	6776024
8	8	268	6776053	6777185
8	8	269	6777211	6777212
8	8	270	6777214	6788875
8	8	271	6788902	6792185
8	8	272	6792301	6793619
8	5	273	6793618	6794837
8	5	274	6794836	6799184
8	5	275	6799219	6799673
8	5	276	6799672	6799721
8	5	277	6799720	6799721
8	5	278	6799720	6805199
8	5	279	6805216	6806024
8	5	280	6806041	6812855
8	2	281	6812854	6821603
8	2	282	6821602	6826328
8	2	283	6826495	6826643
8	2	284	6826642	6833648
8	40	290	6851443	6851447
8	40	291	6851446	6856979
8	40	292	6857013	6862654
9	14	1	6862653	6862681
9	14	2	6862683	6866611
9	14	3	6866610	6868714
9	14	4	6868713	6868912
9	14	5	6868911	6868933
9	14	6	6868995	6869044
9	14	7	6869046	6872090
9	14	8	6872089	6872735
9	14	9	6873058	6877673
9	14	10	6877672	6877763
9	60	11	6877771	6881801
9	60	12	6881825	6882567
9	60	13	6882581	6891959
9	60	14	6892059	6892222
9	60	15	6892221	6897364
9	60	16	6897363	6897964
9	60	17	6897963	6902098
9	60	18	6902112	6907008
9	60	19	6907013	6911928
9	60	20	6911942	6915831
9	60	21	6915872	6917109
9	60	22	6917108	6926937
9	60	23	6926936	6938235
9	60	24	6938278	6948007
9	60	25	6948015	6953209
9	60	26	6953217	6953308
9	60	27	6953307	6958717
9	50	28	6958716	6963928
9	50	29	6963938	6968757
9	50	30	6968756	6973518
9	50	31	6973526	6978507
9	52	32	6978506	6980532
9	52	33	6980531	6984513
9	52	34	6984557	6989964
9	52	35	6989963	6992337
9	52	36	6992336	6995577
9	60	37	6995576	7006200
9	60	38	7006246	7006382
9	60	39	7006411	7012060
9	37	40	7012101	7012102
9	37	41	7012104	7017280
9	37	42	7017288	7022659
9	37	43	7022658	7022833
9	37	44	7022844	7029061
9	37	45	7029420	7030096
9	26	46	7030095	7030096
9	26	47	7030098	7031236
9	26	48	7031235	7035208
9	26	49	7035213	7041043
9	26	50	7041045	7046521
9	11	51	7046523	7046536
9	11	52	7047300	7052089
9	11	53	7052088	7065937
9	52	54	7065948	7065949
9	52	55	7065951	7075963
9	52	56	7075962	7082506
9	52	57	7082603	7090929
9	52	58	7090939	7092833
9	52	59	7092832	7093661
9	49	60	7093763	7093767
9	49	61	7093769	7104831
9	49	62	7104848	7104960
9	49	63	7104959	7110003
9	49	64	7110002	7112049
9	10	65	7112075	7112076
9	10	66	7112078	7125585
9	10	67	7125584	7134936
9	52	68	7134935	7140423
9	52	69	7140422	7144806
9	52	70	7144825	7149290
9	52	71	7149309	7149853
9	52	72	7149858	7150180
9	19	73	7150197	7150198
9	19	74	7150200	7155022
9	19	75	7155021	7160110
9	19	76	7160109	7165246
9	19	77	7165245	7170965
9	14	78	7170964	7170965
9	14	79	7170967	7174340
9	14	80	7174525	7185692
9	14	81	7185798	7186369
9	14	82	7186430	7190856
9	11	83	7190855	7191984
9	11	84	7191983	7196541
9	11	85	7196549	7202207
9	11	86	7202206	7207286
9	11	87	7207285	7211518
9	11	88	7211541	7211680
9	49	89	7211679	7216936
9	49	90	7216994	7219422
9	49	91	7219433	7221255
9	49	92	7221254	7222161
9	49	93	7222244	7222392
9	49	94	7222394	7226562
9	49	95	7226597	7227798
9	52	96	7227797	7232283
9	52	97	7232309	7237118
9	52	98	7237144	7241647
9	52	99	7241709	7241902
9	52	100	7241907	7242022
9	52	101	7242067	7248275
9	11	102	7248301	7248302
9	11	103	7248304	7253156
9	11	104	7253158	7257950
9	11	105	7257970	7258574
9	11	106	7258573	7263509
9	11	107	7263508	7267733
9	11	108	7267732	7267895
9	55	109	7267924	7273132
9	55	110	7273131	7277911
9	55	111	7277919	7282306
9	55	112	7282335	7287715
9	61	113	7287714	7287715
9	61	114	7287717	7292602
9	61	115	7292652	7294969
9	61	116	7294974	7297108
9	61	117	7297107	7302052
9	61	118	7302081	7305061
9	61	119	7305060	7306480
9	61	120	7306479	7306621
9	2	121	7306638	7307614
9	2	122	7307613	7309798
9	2	123	7309812	7313221
9	14	124	7313400	7313401
9	14	125	7313403	7313932
9	14	126	7313967	7318795
9	14	127	7318845	7329100
9	12	128	7329123	7329127
9	12	129	7329126	7331938
9	12	130	7331937	7333780
9	12	131	7333782	7335595
9	12	132	7335594	7337269
9	12	133	7337268	7339078
9	12	134	7339077	7340287
9	12	135	7340286	7341451
9	12	136	7341471	7342513
9	12	137	7342512	7345504
9	61	138	7345503	7348096
9	61	139	7348095	7349920
9	61	140	7349919	7351744
9	61	141	7351743	7353670
9	61	142	7353669	7357189
9	61	143	7357188	7359124
9	61	144	7359123	7361011
9	61	145	7361010	7364584
9	53	146	7364601	7364605
9	53	147	7364607	7364608
9	53	148	7364607	7371809
9	53	149	7371866	7372134
9	53	150	7372133	7375983
9	53	151	7375982	7384608
9	46	152	7384607	7386651
9	46	153	7386653	7393617
9	46	154	7393616	7395423
9	46	155	7395422	7397292
9	0	156	7397291	7399104
9	0	157	7399103	7402509
9	18	158	7402526	7402527
9	18	159	7402529	7409583
9	18	160	7409582	7412940
9	18	161	7412939	7414659
9	18	162	7414658	7414659
9	18	163	7414661	7416168
9	18	164	7416167	7420863
9	18	165	7420862	7421040
9	62	166	7421075	7427661
9	62	167	7427685	7429363
9	62	168	7429362	7431226
9	62	169	7431231	7432993
9	62	170	7432992	7434802
9	62	171	7434801	7434871
9	62	172	7434888	7434922
9	62	173	7434921	7438219
9	45	174	7438245	7438249
9	45	175	7438251	7440634
9	45	176	7440633	7449100
9	45	177	7449099	7451233
9	30	178	7451232	7456543
9	30	179	7456634	7461594
9	30	180	7461596	7466664
9	30	181	7466663	7468812
9	30	182	7469051	7469064
9	30	183	7469151	7471552
9	29	184	7471551	7471552
9	29	185	7471554	7476637
9	29	186	7476642	7481566
9	29	187	7481568	7482427
9	29	188	7482426	7486372
9	29	189	7486374	7489426
9	29	190	7489437	7490761
9	48	191	7490805	7495627
9	48	192	7495641	7499857
9	48	193	7499856	7500034
9	48	194	7500048	7504645
9	48	195	7504705	7506311
9	48	196	7506319	7509203
9	14	197	7509320	7510632
9	14	198	7510695	7515640
9	14	199	7515639	7524565
9	14	200	7524583	7526015
9	14	201	7526029	7526336
9	14	202	7526335	7526339
9	14	203	7526341	7529546
9	14	204	7529545	7531415
9	14	205	7531420	7540034
9	14	206	7540033	7545491
9	14	207	7545517	7546835
9	14	208	7547176	7548359
9	55	209	7548358	7552877
9	55	210	7552876	7557461
9	55	211	7557460	7562591
9	55	212	7562590	7567619
9	55	213	7567624	7571945
9	55	214	7571947	7576355
9	55	215	7576360	7581194
9	55	216	7581196	7581410
9	55	217	7581611	7586505
9	2	218	7586531	7590804
9	2	219	7590863	7591605
9	2	220	7591693	7597929
9	2	221	7597964	7607676
9	55	222	7607737	7607738
9	55	223	7607737	7613588
9	55	224	7613596	7619075
9	55	225	7619122	7619210
9	55	226	7619209	7619755
9	55	227	7619754	7625620
9	63	228	7625676	7625680
9	63	229	7625682	7626025
9	63	230	7626024	7626028
9	63	231	7626027	7632640
9	63	232	7632654	7639015
9	63	233	7639040	7641660
9	63	234	7641668	7645053
9	24	235	7645052	7646889
9	24	236	7646897	7656588
9	24	237	7656587	7658418
9	24	238	7658483	7661100
9	24	239	7661102	7663131
9	8	240	7663154	7669098
9	8	241	7669127	7670154
9	8	242	7670153	7674768
9	8	243	7675382	7675581
9	8	244	7675580	7681344
9	11	245	7681732	7687514
9	11	246	7687513	7688123
9	11	247	7688122	7693943
9	11	248	7693942	7699115
9	2	256	7716363	7721968
9	2	257	7722048	7722664
9	2	258	7722677	7722720
9	2	259	7722869	7723128
9	2	260	7723127	7728801
9	2	261	7728800	7734646
9	14	262	7734669	7734670
9	14	263	7734672	7734991
9	14	264	7734990	7739992
9	14	265	7740033	7740406
9	14	266	7740427	7745900
9	14	267	7745914	7750568
9	14	268	7750567	7750934
9	14	269	7751302	7751837
9	8	270	7751836	7762406
9	8	271	7762405	7768952
9	11	272	7768978	7769405
9	11	273	7769404	7774523
9	11	274	7774537	7780301
9	11	275	7780351	7780754
9	11	276	7780753	7781786
