0	0	1	-1	28533
0	0	2	28593	45368
0	0	3	46625	47289
0	0	4	47288	53553
0	0	5	53552	53553
0	0	6	53553	53626
0	0	7	55538	69469
0	1	8	69468	86990
0	1	9	87131	90065
0	1	10	90064	109128
0	1	11	109127	129585
0	1	12	129584	130239
0	1	13	130238	151019
0	0	14	151018	171459
0	0	15	171458	192455
0	0	16	192454	211197
0	0	17	211232	212071
0	0	18	212070	212581
0	0	19	212580	231558
0	2	20	231557	231558
0	2	21	231558	251088
0	2	22	251200	270614
0	2	23	270705	271442
0	2	24	271441	276089
0	2	25	276225	292675
0	2	26	292674	314370
0	3	27	314369	334186
0	3	28	334209	362982
0	3	29	363063	374768
0	3	30	374768	398257
0	4	31	398449	398451
0	4	32	398450	418656
0	4	33	418655	438282
0	4	34	438282	457532
0	4	35	457531	458115
0	4	36	458114	477924
0	5	37	477923	506097
0	5	38	506194	532667
0	5	39	533087	533514
0	5	40	533513	541841
0	5	41	541879	559857
0	5	42	559903	566301
0	6	43	566343	566347
0	6	44	566348	593466
0	6	45	593465	621089
0	6	46	621088	621720
0	6	47	621719	652644
0	7	48	652643	682200
0	7	49	682254	688739
0	7	50	688778	710944
0	7	51	710956	717553
0	7	52	717838	733518
0	7	53	733558	740136
0	8	54	740135	740138
0	8	55	740137	769050
0	8	56	769050	797642
0	8	57	797642	827986
0	8	58	828386	828470
0	8	59	828469	828981
0	9	60	829194	829196
0	9	61	829196	847215
0	9	62	847214	847816
0	9	63	847815	898393
0	10	70	967998	1008788
0	10	71	1008847	1009404
0	10	72	1009403	1036495
0	11	73	1036494	1036495
0	11	74	1036495	1057976
0	11	75	1058061	1103284
0	12	76	1103283	1119871
0	12	77	1119870	1168017
0	12	78	1168016	1169184
0	3	79	1169183	1189952
0	3	80	1189951	1192991
0	3	81	1192990	1210575
0	3	82	1210574	1229979
0	3	83	1230005	1251580
0	13	84	1251906	1251909
0	13	85	1251908	1271682
0	13	86	1271681	1293609
0	13	87	1293608	1313654
0	13	88	1313653	1334171
0	14	89	1334170	1334171
0	14	90	1334171	1354579
0	14	91	1355125	1361702
0	14	92	1361701	1375434
0	14	93	1375433	1405067
0	12	94	1405066	1405069
0	12	95	1405068	1408206
0	12	96	1408205	1425721
0	12	97	1425720	1449826
0	12	98	1450096	1473237
0	12	99	1473236	1478717
0	12	100	1478716	1479209
0	15	101	1479208	1497411
0	15	102	1497567	1517475
0	15	103	1517580	1528379
0	15	104	1528675	1535108
0	15	105	1535107	1538282
0	15	106	1538282	1548672
0	15	107	1548671	1549305
0	5	108	1549304	1549954
0	5	109	1549953	1559212
0	5	110	1559257	1568603
0	5	111	1568686	1585224
0	5	112	1585223	1589416
0	5	113	1589415	1608086
0	5	114	1608266	1614551
0	13	115	1614550	1646162
0	13	116	1646195	1656412
0	13	117	1656411	1678872
0	13	118	1678871	1685766
0	13	119	1685765	1687524
0	13	120	1687656	1688312
0	16	121	1688311	1709114
0	16	122	1709135	1719328
0	16	123	1719393	1730071
0	16	124	1730134	1751067
0	16	125	1751127	1752970
0	16	126	1753005	1753870
0	16	127	1753869	1753870
0	16	128	1753869	1764887
0	17	129	1764926	1764928
0	17	130	1764928	1786702
0	17	131	1787373	1806689
0	17	132	1806927	1824713
0	17	133	1824813	1824814
0	17	134	1824813	1830420
0	17	135	1830423	1854393
0	18	136	1854394	1876777
0	18	137	1876776	1876778
0	18	138	1876778	1897674
0	18	139	1897761	1907570
0	18	140	1907570	1910547
0	18	141	1910674	1929493
0	18	142	1929494	1930011
0	3	143	1930011	1949095
0	3	144	1949094	1959884
0	3	145	1960074	1979842
0	3	146	1979842	2024554
0	19	147	2024553	2035350
0	19	148	2035349	2055418
0	19	149	2055417	2066747
0	19	150	2066746	2076330
0	19	151	2076349	2086555
0	19	152	2086636	2086637
0	19	153	2086637	2106645
0	20	154	2106707	2106708
0	20	155	2106708	2139188
0	20	156	2142602	2153153
0	20	157	2153152	2175208
0	20	158	2175399	2186232
0	20	159	2186231	2196435
0	20	160	2196657	2196673
0	20	161	2196672	2197709
0	18	162	2197795	2207147
0	18	163	2207146	2238426
0	18	164	2238425	2257808
0	18	165	2257807	2277952
0	18	166	2277951	2287534
0	18	167	2287533	2287536
0	18	168	2287535	2288388
0	21	169	2288388	2288389
0	21	170	2288388	2298839
0	21	171	2298838	2309205
0	21	172	2309204	2326355
0	21	173	2326560	2330906
0	21	174	2330906	2350866
0	21	175	2350866	2365225
0	15	176	2365345	2379006
0	15	177	2379005	2388926
0	15	178	2388925	2409279
0	15	179	2409278	2411306
0	15	180	2411577	2419420
0	15	181	2419419	2429070
0	15	182	2429069	2429070
0	15	183	2429070	2449446
0	13	184	2449446	2478433
0	13	185	2478432	2497698
0	13	186	2497714	2507591
0	13	187	2507591	2516880
0	13	188	2516880	2524899
0	13	189	2525158	2536781
0	19	190	2536780	2539506
0	19	191	2539505	2547433
0	19	192	2547432	2566804
0	19	193	2566813	2581118
0	19	194	2581117	2587616
0	19	195	2587615	2627996
0	13	196	2627995	2649450
0	13	197	2649607	2670670
0	13	198	2670849	2692109
0	13	199	2692184	2722768
0	19	200	2722767	2745529
0	19	201	2745528	2767865
0	19	202	2767864	2768356
0	19	203	2768355	2813245
0	22	204	2813244	2835494
0	22	205	2835493	2843791
0	22	206	2843940	2857405
0	22	207	2857404	2858263
0	22	208	2858262	2880530
0	22	209	2880529	2901831
0	22	210	2901830	2902382
0	23	211	2902381	2925989
0	23	212	2925988	2935266
0	23	213	2935357	2947850
0	23	214	2947937	2954035
0	23	215	2954483	2954670
0	23	216	2954808	2990976
0	23	217	2990975	2995795
0	0	218	2995794	2995867
0	0	219	2996017	3041932
0	0	220	3042119	3048220
0	0	221	3048219	3074453
0	22	222	3074453	3082553
0	22	223	3082868	3096357
0	22	224	3096356	3117592
0	22	225	3117591	3126042
0	22	226	3126041	3127188
0	22	227	3127280	3128361
0	22	228	3128361	3134498
0	24	229	3134497	3160432
0	24	230	3160434	3178031
0	24	231	3178030	3201293
0	24	232	3201543	3202705
0	24	233	3202708	3226692
0	4	234	3227111	3247152
0	4	235	3248045	3257013
0	4	236	3257064	3268819
0	4	237	3268818	3269295
0	4	238	3269294	3290996
0	4	239	3290995	3293431
0	4	240	3295087	3295290
0	4	241	3297723	3299500
0	25	242	3299678	3329449
0	25	243	3329647	3362075
0	22	244	3362074	3393380
0	22	245	3393669	3399779
0	22	246	3399778	3425081
0	22	247	3425080	3425768
0	22	248	3425821	3426520
0	22	249	3426519	3426520
0	22	250	3426524	3449594
0	26	251	3449770	3449771
0	26	252	3449771	3479370
0	26	253	3479369	3485600
0	26	254	3485599	3507221
0	26	255	3507221	3507805
0	26	256	3507804	3536826
0	26	257	3536842	3542699
0	27	266	3610275	3615975
0	27	267	3615974	3623006
0	27	268	3623005	3623116
0	27	269	3623115	3623116
0	27	270	3623115	3625005
0	27	271	3626585	3628021
0	27	272	3628197	3674310
0	27	273	3674309	3702324
0	3	274	3702525	3730444
0	3	275	3730444	3732397
0	3	276	3732396	3739708
0	3	277	3741562	3761107
0	3	278	3761170	3789890
0	3	279	3791503	3793545
0	28	280	3793545	3793546
0	28	281	3793545	3821024
0	28	282	3821023	3822974
0	28	283	3822973	3849280
0	28	284	3849279	3878631
0	28	285	3878630	3878631
0	28	286	3878630	3879188
0	29	287	3879187	3881232
0	29	288	3881231	3907023
0	29	289	3907220	3934403
0	29	290	3934858	3937076
0	29	291	3937075	3942725
0	29	292	3942804	3953421
0	29	293	3953528	3965021
0	30	294	3965020	3965021
0	30	295	3965021	3992882
0	30	296	3992881	3994773
0	30	297	3994869	4023474
0	30	298	4023473	4025592
1	31	4	4040056	4057179
1	31	5	4057178	4068209
1	31	6	4068208	4083366
1	31	7	4083365	4098835
1	31	8	4098834	4103087
1	31	9	4104323	4112652
1	27	10	4112651	4131181
1	27	11	4131335	4150146
1	27	12	4150145	4153404
1	27	13	4153495	4185831
1	27	14	4185983	4189684
1	30	15	4189683	4189684
1	30	16	4189684	4208845
1	30	17	4208845	4230014
1	30	18	4230013	4230572
1	30	19	4230571	4249422
1	30	20	4249421	4267562
1	29	31	4427026	4465427
1	29	32	4465426	4470414
1	29	33	4470413	4481949
1	29	34	4482156	4487580
1	29	35	4487626	4504065
1	29	36	4504064	4507161
1	3	37	4507161	4507162
1	3	38	4507161	4535615
1	3	39	4535696	4547949
1	3	40	4547948	4564182
1	3	41	4564310	4567247
1	3	42	4567246	4598237
1	32	43	4598236	4627025
1	32	44	4627239	4636989
1	32	45	4636988	4655624
1	32	46	4655623	4676683
1	32	47	4676796	4683523
1	32	48	4683522	4684088
1	32	49	4684087	4684607
1	29	53	4776091	4782235
1	10	59	4875644	4904353
1	10	60	4904388	4970981
1	33	73	5117963	5180932
1	33	74	5180931	5197799
1	33	75	5197958	5219638
1	33	76	5219901	5219904
1	33	77	5219903	5249730
1	33	78	5249778	5318751
1	17	79	5318824	5331042
2	2	1	5331095	5345633
2	2	2	5345740	5360219
2	2	3	5360370	5374126
2	2	4	5374126	5388322
2	2	5	5388345	5394479
2	2	6	5394805	5413551
2	2	7	5413693	5432684
2	2	8	5432781	5434645
2	2	9	5434644	5440724
2	2	10	5440763	5452603
2	2	11	5452714	5472074
2	2	12	5472074	5476789
2	34	13	5476788	5496172
2	34	14	5496255	5496856
2	34	15	5496856	5516690
2	34	16	5516690	5525428
2	34	17	5525687	5537087
2	34	18	5537087	5552871
2	34	19	5553072	5556950
2	34	20	5556949	5577341
2	34	21	5577340	5597312
2	34	22	5597312	5606821
2	34	23	5606900	5606904
2	34	24	5607978	5619187
2	34	25	5619187	5640348
2	34	26	5640347	5659962
2	34	27	5659961	5678847
2	34	28	5678975	5679557
2	34	29	5679556	5699414
2	34	30	5699413	5720339
2	35	31	5720338	5740649
2	35	32	5740648	5779888
2	35	33	5780020	5780718
2	35	34	5780717	5781501
2	35	35	5781620	5801716
2	36	36	5801715	5811527
2	36	37	5811603	5832442
2	36	38	5832441	5861426
2	36	39	5861425	5862134
2	36	40	5862133	5872103
2	36	41	5872102	5892092
2	8	42	5892158	5892159
2	8	43	5892159	5920888
2	8	44	5920887	5948511
2	8	45	5948510	5984989
2	5	46	5984988	5990967
2	5	47	5990966	6013926
2	5	48	6013925	6052711
2	5	49	6052710	6073019
2	5	50	6073132	6074227
2	10	51	6074226	6102701
2	10	52	6102700	6102702
2	10	53	6102701	6131616
2	10	54	6131615	6162068
2	5	55	6162067	6165806
2	5	56	6165861	6185213
2	5	57	6185212	6198495
2	5	58	6200509	6237748
2	5	59	6237747	6238385
2	2	60	6238487	6296262
2	2	61	6296404	6302545
2	2	62	6302624	6322009
2	14	63	6322008	6322009
2	30	64	6322009	6322011
2	30	65	6322011	6341793
2	30	66	6342070	6364682
2	30	67	6364681	6381144
2	30	68	6381143	6397139
2	2	69	6397139	6399378
2	2	70	6399377	6399454
2	2	71	6399529	6420311
2	2	72	6420311	6462494
2	2	73	6462732	6474866
2	2	74	6474865	6495574
2	2	75	6495573	6517043
2	2	76	6517136	6529123
2	2	77	6529122	6534099
2	2	78	6534098	6542836
2	2	79	6542835	6559206
2	2	80	6559237	6559364
2	2	81	6559423	6560945
2	19	82	6560944	6584010
2	19	83	6584009	6587233
2	19	84	6587232	6605790
2	19	85	6605789	6626089
2	19	86	6626088	6646919
2	37	87	6647342	6668040
2	37	88	6668041	6678110
2	37	89	6678158	6689908
2	37	90	6689959	6710735
2	37	91	6710930	6713492
2	37	92	6713491	6730482
2	31	93	6730482	6752480
2	31	94	6752687	6762486
2	5	95	6762551	6784004
2	5	96	6784003	6795171
2	5	97	6795170	6795171
2	5	98	6795170	6795802
2	28	99	6795913	6815979
2	28	100	6816013	6836427
2	28	101	6836464	6856652
2	27	102	6856694	6859139
2	27	103	6860447	6878968
2	27	104	6878967	6915623
2	27	105	6915622	6923991
2	27	106	6924048	6945404
2	19	107	6945403	6977516
2	19	108	6977583	6988169
2	19	109	6988230	7010056
2	19	110	7010055	7010533
2	19	111	7010548	7031956
2	8	112	7031997	7054552
2	8	113	7054640	7065767
2	8	114	7065805	7097461
2	8	115	7097500	7116919
2	8	116	7117221	7121340
2	8	117	7121339	7142201
2	8	118	7142335	7146854
2	8	119	7146854	7165279
2	8	120	7165386	7175030
2	8	121	7175039	7184276
2	8	122	7184276	7194020
2	8	123	7194020	7205837
2	38	124	7205837	7236722
2	38	125	7236721	7256387
2	38	126	7256387	7285592
2	38	127	7285591	7295931
2	38	128	7295999	7297865
2	39	129	7297864	7332223
2	39	130	7332222	7351455
2	39	131	7351554	7362381
2	39	132	7362382	7371323
2	39	133	7371322	7382268
2	40	134	7382267	7382269
2	40	135	7382269	7403187
2	40	136	7403243	7413342
2	40	137	7413389	7423623
2	40	138	7423622	7433356
2	40	139	7433356	7443183
2	40	140	7443182	7453084
2	40	141	7453083	7463774
2	40	142	7463773	7464372
2	41	143	7464371	7474690
2	41	144	7474689	7484362
2	41	145	7484437	7494792
2	41	146	7494791	7504203
2	41	147	7504202	7514543
2	41	148	7514605	7524966
2	41	149	7524965	7535590
2	41	150	7535589	7536059
2	41	151	7536058	7547410
2	17	152	7547409	7554978
2	17	153	7558442	7561117
2	39	154	7561204	7581848
2	39	155	7581925	7581926
2	39	156	7581926	7602137
2	39	157	7602138	7602139
2	39	158	7602139	7612181
2	39	159	7612180	7622290
2	39	160	7622289	7633321
2	5	165	7732958	7732959
2	5	166	7732959	7762759
2	5	167	7762758	7772695
2	5	168	7772694	7782384
2	5	169	7782383	7792515
2	5	170	7792514	7802721
2	5	171	7802720	7812178
2	5	172	7812177	7824473
2	42	181	7918161	7941894
2	42	182	7942047	7946033
2	42	183	7946032	7964244
2	42	184	7964243	7987110
2	42	185	7987110	7996478
2	22	186	7996477	8020120
2	22	187	8020119	8044205
2	22	188	8044204	8050580
2	22	189	8050609	8073320
2	22	190	8073372	8081548
2	43	204	8267420	8303389
2	43	205	8303617	8313251
2	43	206	8313250	8356795
2	43	207	8356830	8357570
3	38	1	8357569	8532876
3	38	2	8357569	8532876
3	38	3	8357569	8532876
3	38	4	8357569	8532876
3	38	5	8357569	8532876
3	38	6	8357569	8532876
3	38	7	8357569	8532876
3	26	8	8357569	8532876
3	26	9	8357569	8532876
3	26	10	8357569	8532876
3	26	11	8357569	8532876
3	26	12	8357569	8532876
3	36	13	8357569	8532876
3	36	14	8357569	8532876
3	36	15	8357569	8532876
3	36	16	8357569	8532876
3	36	17	8357569	8532876
3	36	18	8357569	8532876
3	37	19	8357569	8532876
3	37	20	8357569	8532876
3	37	21	8357569	8532876
3	37	22	8357569	8532876
3	37	23	8357569	8532876
3	37	24	8357569	8532876
3	37	25	8357569	8532876
3	37	26	8357569	8532876
3	36	27	8357569	8532876
3	36	28	8357569	8532876
3	36	29	8357569	8532876
3	36	30	8357569	8532876
3	36	31	8357569	8532876
3	36	32	8357569	8532876
3	10	33	8357569	8532876
3	10	34	8532876	8561669
3	10	35	8561762	8562241
3	10	36	8562240	8593463
3	10	37	8593462	8593463
3	39	38	8593462	8623576
3	39	39	8623575	8652465
3	39	40	8652700	8653270
3	39	41	8653269	8683296
3	39	42	8683295	8683760
3	44	43	8683759	8769393
3	44	44	8769416	8770237
3	36	45	8770236	8776338
3	36	46	8776337	8800002
3	36	47	8800001	8829993
3	36	48	8830004	8862365
3	45	49	8862365	8909873
3	45	50	8910006	8946741
3	38	51	8946740	8968330
3	38	52	8968389	8986865
3	38	53	8986865	8987472
3	38	54	8987471	9021163
3	29	55	9021162	9080410
3	29	56	9080409	9081512
3	29	57	9081571	9110227
3	38	58	9110226	9154990
3	38	59	9154989	9182216
3	38	60	9182318	9182319
3	38	61	9182318	9187470
3	30	62	9187659	9213304
3	30	63	9213353	9234991
3	30	64	9234990	9263674
3	30	65	9263673	9270422
3	30	66	9270421	9270422
3	45	67	9270422	9270423
3	45	68	9270423	9273597
3	45	69	9273596	9291015
3	45	70	9291014	9310867
3	45	71	9310867	9331868
3	45	72	9331867	9332480
3	45	73	9332479	9353048
3	11	74	9353135	9353136
3	11	75	9353136	9356079
3	11	76	9356078	9373104
3	11	77	9373103	9382521
3	11	78	9382648	9402296
3	11	79	9406281	9406414
3	11	80	9406654	9418367
3	11	81	9418366	9418367
3	11	82	9418366	9419370
3	26	83	9419563	9439244
3	26	84	9439243	9449166
3	26	85	9449215	9458880
3	26	86	9458879	9478428
3	26	87	9478427	9498606
3	26	88	9498652	9499232
3	29	89	9499337	9502878
3	29	90	9502877	9520600
3	29	91	9520600	9546155
3	29	92	9546280	9563096
3	29	93	9563289	9575237
3	37	94	9575236	9594757
3	37	95	9595402	9606165
3	37	96	9606212	9615270
3	37	97	9615269	9634621
3	37	98	9634755	9654372
3	30	99	9654371	9673746
3	30	100	9673745	9693157
3	30	101	9693156	9715670
3	30	102	9715669	9736932
3	44	103	9736931	9753880
3	44	104	9753907	9780813
3	44	105	9780885	9814691
3	44	106	9814816	9816508
3	37	107	9816507	9846469
3	37	108	9846524	9856261
3	37	109	9856408	9856966
3	37	110	9856965	9876799
3	37	111	9876798	9896616
3	44	112	9896943	9930027
3	44	113	9930083	9957237
3	44	114	9957322	9976317
3	2	115	9976316	9986404
3	2	116	9986403	10005413
3	2	117	10005412	10023510
3	2	118	10023509	10026840
3	2	119	10026839	10029972
3	2	120	10029971	10033184
3	2	121	10033219	10039380
3	2	122	10039379	10048164
3	2	123	10048198	10048316
3	2	124	10048349	10050075
3	41	125	10050075	10070055
3	41	126	10070054	10070606
3	20	127	10070803	10070804
3	20	128	10070804	10086029
3	20	129	10087259	10088198
3	20	130	10088197	10106278
3	20	131	10106277	10115627
3	20	132	10115626	10125854
3	20	133	10125853	10163395
3	44	134	10163394	10173641
3	44	135	10173641	10183536
3	44	136	10183581	10204037
3	44	137	10204037	10214514
3	44	138	10214513	10229194
3	44	139	10229193	10242883
3	19	140	10242882	10270998
3	19	141	10270997	10289801
3	19	142	10289800	10298925
3	19	143	10298926	10307802
3	19	144	10309361	10311063
3	19	145	10311063	10324037
3	19	146	10324462	10326557
3	29	147	10326556	10334214
3	29	148	10337204	10339808
3	29	149	10339808	10360115
3	29	150	10360114	10379754
3	29	151	10379910	10389831
3	29	152	10389830	10399582
3	29	153	10399581	10410039
3	35	154	10410038	10441621
3	35	155	10441620	10470898
3	35	156	10470926	10479925
3	35	157	10480196	10518088
3	41	158	10518208	10518210
3	41	159	10518210	10538195
3	41	160	10538195	10547838
3	41	161	10547837	10557184
3	41	162	10557183	10567276
3	41	163	10567326	10577122
3	41	164	10577121	10587116
3	41	165	10587115	10587552
3	41	166	10587551	10587557
3	41	167	10587556	10598647
3	38	168	10598646	10598647
3	38	169	10598647	10608903
3	38	170	10608902	10658732
3	38	171	10658783	10679344
3	38	172	10679343	10688313
3	38	173	10688430	10691275
3	35	174	10691462	10713985
3	35	175	10713984	10734189
3	35	176	10734282	10756199
3	35	177	10756198	10760975
3	35	178	10762388	10785199
3	45	179	10785198	10788021
3	45	180	10789600	10833323
3	45	181	10833322	10854212
3	45	182	10854211	10854260
3	45	183	10854433	10877105
3	21	184	10877105	10899564
3	21	185	10899563	10920317
3	21	186	10920316	10941377
3	21	187	10941376	10964381
3	21	188	10964460	10965401
3	35	189	10965400	11031202
3	35	190	11031201	11036027
3	35	191	11036104	11044448
3	35	192	11044488	11059942
3	16	193	11059941	11079920
3	16	194	11079983	11098991
3	16	195	11099024	11122152
3	16	196	11122188	11136332
3	35	197	11136337	11158909
3	35	198	11158971	11180659
3	35	199	11180954	11194933
3	35	200	11194933	11203458
3	35	201	11203550	11209800
3	35	202	11209823	11227145
3	19	203	11227144	11247532
3	19	204	11247532	11247557
3	19	205	11247695	11256077
3	19	206	11257195	11269654
3	19	207	11269654	11303328
3	19	208	11303327	11324134
3	30	209	11324133	11345117
3	30	210	11345237	11364582
3	30	211	11364655	11364656
3	30	212	11364656	11384807
3	30	213	11384806	11385448
3	30	214	11385447	11406333
3	36	215	11406332	11408816
3	36	216	11408815	11410963
3	36	217	11412529	11436991
3	36	218	11436990	11464830
3	36	219	11464919	11470632
3	40	220	11470631	11472161
3	40	221	11472196	11500981
3	40	222	11501010	11531307
3	40	223	11531306	11559385
3	17	224	11559384	11575365
3	17	225	11575364	11588015
3	17	226	11588014	11593880
3	17	227	11593879	11616459
3	17	228	11616458	11625688
3	17	229	11627251	11637832
3	32	230	11638370	11646639
3	32	231	11646638	11648419
3	32	232	11649999	11650987
3	32	233	11650986	11650987
3	32	234	11650986	11655607
3	32	235	11655606	11677387
3	32	236	11677386	11677863
3	32	237	11677862	11708052
3	23	238	11708051	11763262
3	23	239	11763261	11764541
3	23	240	11764622	11777729
3	37	245	11829329	11857090
3	37	246	11857089	11884412
3	37	247	11884411	11905405
3	37	248	11905404	11914581
3	37	249	11914646	11916352
3	37	250	11917950	11920503
3	35	251	11920734	11981967
3	35	252	11981966	11989887
3	35	253	11990059	12013233
3	19	254	12013232	12040255
3	19	255	12040289	12042325
3	19	256	12042324	12068148
3	19	257	12068147	12098194
3	17	258	12098193	12100530
3	17	259	12100529	12126000
3	17	260	12126144	12153157
3	17	261	12153156	12155279
3	17	262	12155278	12160774
3	17	263	12160843	12172854
3	17	264	12173113	12184735
3	41	265	12184734	12191151
3	41	266	12192868	12202159
3	41	267	12202368	12216137
3	41	268	12216158	12245166
3	41	269	12245190	12247269
3	41	270	12247268	12252781
4	0	1	12252857	12272833
4	0	2	12272832	12291417
4	0	3	12291416	12311753
4	0	4	12311752	12312403
4	0	5	12312402	12333035
4	7	6	12333411	12344653
4	7	7	12344700	12354664
4	7	8	12354664	12374121
4	7	9	12374120	12378603
4	7	10	12378602	12394358
4	7	11	12394357	12401934
4	7	12	12401994	12404400
4	7	13	12406046	12407410
4	46	14	12407848	12435996
4	46	15	12436049	12447696
4	46	16	12447695	12462704
4	46	17	12462703	12490797
4	46	18	12490796	12493092
4	46	19	12494591	12496281
4	10	20	12496281	12496282
4	10	21	12496281	12524957
4	10	22	12524956	12524957
4	15	48	12807695	12817243
4	15	49	12817328	12860912
4	15	50	12860999	12872429
4	15	51	12872428	12873044
4	15	52	12873112	12891769
4	3	53	12891768	12913957
4	3	54	12914122	12923463
4	3	55	12924406	12936248
4	3	56	12936247	12956084
4	3	57	12956276	12965140
4	3	58	12965139	12965654
4	10	59	12965826	12965827
4	10	60	12965827	12985611
4	10	61	12985708	13005194
4	10	62	13005250	13006066
4	10	63	13006113	13030687
4	10	64	13031863	13033840
4	20	65	13033839	13063978
4	20	66	13063977	13063979
4	20	67	13063978	13063980
4	20	68	13063979	13063982
4	21	69	13063981	13063983
4	21	70	13063982	13063984
4	21	71	13063983	13063986
4	21	72	13063985	13063987
4	21	73	13063986	13063988
4	27	74	13063987	13063989
4	27	75	13063988	13063990
4	27	76	13063989	13063992
4	27	77	13063992	13063994
4	27	78	13063993	13063996
4	27	79	13063995	13063998
4	27	80	13063997	13064002
4	27	81	13064001	13064004
4	13	82	13064003	13064006
4	13	83	13064005	13064009
4	13	84	13064008	13064010
4	13	85	13064009	13064012
4	13	86	13064011	13064014
4	46	87	13064013	13064016
4	46	88	13064015	13064018
4	46	89	13064017	13064020
4	27	90	13064019	13064022
4	27	91	13064021	13064023
4	27	92	13064022	13064025
4	27	93	13064025	13064027
4	44	94	13064026	13064028
4	44	95	13064027	13064028
4	44	96	13064027	13064029
4	44	97	13064028	13064030
4	44	98	13064029	13064032
4	44	99	13064031	13064032
4	47	100	13064031	13064033
4	47	101	13064032	13064034
4	47	102	13064033	13064034
4	47	103	13064034	13064035
4	47	104	13064034	13064035
4	27	105	13064034	13064037
4	27	106	13064036	13064038
4	27	107	13064037	13064039
4	27	108	13064038	13064041
4	27	109	13064040	13064042
4	33	116	13064048	13064049
4	3	119	13064051	13064053
4	3	120	13064052	13064054
4	3	121	13064053	13064056
4	3	122	13064055	13064057
4	3	123	13064056	13064058
4	3	124	13064057	13064059
4	3	125	13064058	13064060
5	47	1	13064059	13080740
5	47	2	13080739	13091788
5	47	3	13091788	13106757
5	47	4	13106756	13122609
5	47	5	13122654	13122752
5	47	6	13122938	13124920
5	47	7	13124936	13126068
5	47	8	13126323	13126953
5	47	9	13128247	13128297
5	47	10	13128739	13134702
5	3	11	13134701	13153132
5	3	12	13153252	13171921
5	3	13	13171920	13181163
5	3	14	13181229	13190428
5	3	15	13190488	13212653
5	3	16	13212668	13214090
5	3	17	13214089	13233952
5	3	18	13233951	13252787
5	3	19	13252786	13262065
5	3	20	13262095	13272333
5	3	21	13272450	13281955
5	6	22	13281955	13301087
5	6	23	13301102	13319960
5	6	24	13320025	13320026
5	6	25	13320026	13339151
5	6	26	13339183	13339733
5	6	27	13339732	13361165
5	31	28	13361164	13389575
5	31	29	13389648	13400263
5	31	30	13400262	13436375
5	6	31	13436374	13436375
5	6	32	13436375	13459633
5	6	33	13459636	13480183
5	6	34	13480251	13500134
5	6	35	13500134	13500730
5	6	36	13500729	13522143
5	45	37	13522142	13523425
5	45	38	13523426	13553577
5	29	39	13553576	13553577
5	29	40	13553576	13553577
5	29	41	13553576	13567771
5	29	42	13567770	13567771
5	29	43	13567773	13584068
5	29	44	13584069	13593490
5	29	45	13593489	13613016
5	29	46	13613016	13629806
5	29	47	13629805	13642296
5	48	48	13642296	13671634
5	48	49	13671633	13681188
5	48	50	13681187	13699365
5	48	51	13699525	13711324
5	48	52	13711612	13722145
5	48	53	13722270	13729211
5	23	54	13729210	13735088
5	23	55	13735087	13735088
5	23	56	13735087	13757636
5	23	57	13757635	13786475
5	23	58	13786474	13787135
5	23	59	13787134	13789983
5	23	60	13791607	13793902
5	23	61	13793901	13816195
5	23	62	13818591	13824772
5	2	63	13824771	13871739
5	2	64	13871738	13884808
5	2	65	13889021	13908232
5	45	66	13908231	13908232
5	45	67	13908232	13949869
5	45	68	13949868	13983911
5	45	69	13984112	13984123
5	45	70	13984122	13984911
5	46	71	13985129	14006250
5	46	72	14006249	14063062
5	12	73	14063061	14086030
5	12	74	14087301	14088687
5	12	75	14088729	14111067
5	12	76	14111294	14133873
5	12	77	14134056	14135913
5	12	78	14136061	14136431
5	4	79	14136430	14162326
5	4	80	14162325	14219572
5	4	81	14219672	14227180
5	49	82	14227179	14227180
5	49	83	14227180	14239398
5	49	84	14240346	14248707
5	49	85	14248862	14269081
5	49	86	14269080	14269621
5	49	87	14269620	14289963
5	49	88	14289962	14297785
5	38	89	14297784	14297785
5	38	90	14297785	14300725
5	38	91	14300725	14318128
5	38	92	14318127	14318985
5	38	93	14319052	14358802
5	3	94	14358802	14368487
5	3	95	14368644	14409357
5	3	96	14409452	14430233
5	3	97	14430331	14431395
5	10	98	14431545	14435531
5	10	99	14435530	14452947
5	10	100	14453050	14473155
5	10	101	14473340	14473871
5	10	102	14473870	14516568
5	14	103	14516567	14516568
5	14	104	14516568	14537100
5	14	105	14537099	14537100
5	14	106	14537099	14555319
5	14	107	14557439	14582387
5	14	108	14582386	14607010
5	49	109	14607009	14607010
5	49	110	14607010	14607709
5	49	111	14607708	14617104
5	49	112	14617175	14627354
5	49	113	14627353	14644714
5	49	114	14644754	14648830
5	49	115	14648829	14668176
5	49	116	14668175	14674850
5	49	117	14674849	14674850
5	49	118	14674850	14695020
5	49	119	14695026	14704225
5	49	120	14704284	14715349
5	49	121	14715404	14719428
5	49	122	14719427	14736280
5	49	123	14736279	14737016
5	49	124	14737015	14742375
5	5	125	14742375	14745340
5	5	126	14745339	14762777
5	5	127	14762894	14782181
5	5	128	14782184	14790647
5	5	129	14796124	14807891
5	5	130	14810700	14823589
5	39	131	14823726	14855180
5	39	132	14855179	14865764
5	39	133	14865763	14866400
5	39	134	14866454	14886842
5	39	135	14886841	14906742
5	48	141	14990641	15001526
5	48	142	15001525	15013435
5	48	143	15013487	15033677
5	48	144	15033738	15062213
5	48	145	15062304	15069768
5	48	146	15069767	15073555
5	48	147	15073909	15091788
5	48	148	15091944	15103619
5	48	149	15103661	15123630
5	48	150	15123650	15134936
5	48	151	15134935	15157059
5	4	152	15157204	15167332
5	4	153	15167332	15197364
5	4	154	15197363	15206996
5	4	155	15206995	15234381
5	4	156	15234584	15236616
5	4	157	15236615	15246931
5	41	185	15555457	15556883
5	41	186	15556882	15584594
5	41	187	15584594	15584595
5	41	188	15584594	15615067
5	41	189	15615066	15633815
5	41	190	15633814	15644968
5	24	191	15645178	15675605
5	24	192	15675604	15685262
5	24	193	15685261	15695048
5	24	194	15695047	15704669
5	24	195	15704668	15737090
5	24	196	15737089	15737090
5	24	197	15737089	15737090
5	24	198	15737089	15737090
5	24	199	15737089	15737090
5	24	200	15737089	15737090
5	24	201	15737089	15737090
5	22	202	15737089	15737132
5	22	203	15737325	15766727
5	22	204	15766726	15786669
5	22	205	15786746	15806526
5	22	206	15806525	15824114
5	35	214	15890836	15891638
5	35	215	15891637	15901362
5	35	216	15901361	15901362
5	19	217	15901361	15920400
5	19	218	15920399	15941839
5	19	219	15941838	15961204
5	19	220	15961232	15962520
5	19	221	15962873	15974364
5	40	235	16125736	16125737
5	40	236	16125737	16146706
5	40	237	16146727	16174898
5	40	238	16174939	16215006
6	45	1	16392642	16407098
6	45	2	16407097	16420982
6	45	3	16420981	16421646
6	45	4	16421688	16427415
6	45	5	16427552	16442008
6	50	6	16442008	16453533
6	50	7	16453532	16463359
6	50	8	16463358	16482696
6	50	9	16482695	16485414
6	50	10	16485413	16521336
6	45	11	16521335	16541203
6	45	12	16541203	16561035
6	45	13	16561034	16561592
6	45	14	16561591	16581507
6	45	15	16581672	16583944
6	45	16	16585449	16586987
6	45	17	16587306	16587967
6	51	18	16588251	16608376
6	51	19	16608596	16629373
6	51	20	16629372	16630120
6	51	21	16630119	16649647
6	51	22	16649646	16666161
6	51	23	16666313	16670478
6	29	24	16670477	16670480
6	29	25	16670480	16686983
6	29	26	16687287	16726239
6	29	27	16726238	16757114
6	31	28	16757114	16796342
6	31	29	16796341	16796713
6	31	30	16796758	16800463
6	31	31	16800462	16826831
6	31	32	16826830	16836526
6	35	33	16836525	16836577
6	35	34	16837570	16869018
6	35	35	16869116	16898629
6	35	36	16898739	16899403
6	35	37	16899402	16935920
6	35	38	16935919	16996689
6	35	39	16996782	16997434
6	35	40	16997433	16997746
6	35	41	16997745	17034537
6	3	42	17034536	17063213
6	3	43	17063240	17098459
6	3	44	17098458	17111443
6	3	45	17111461	17122773
6	3	46	17122951	17129722
6	29	47	17129721	17158241
6	29	48	17158242	17163583
6	29	49	17163582	17187114
6	29	50	17187113	17189953
6	29	51	17189952	17208307
6	29	52	17209049	17211909
6	29	53	17212279	17218740
6	31	54	17218740	17241068
6	31	55	17241067	17261358
6	31	56	17261606	17262260
6	31	57	17262259	17269681
6	31	58	17269680	17289703
6	49	59	17290201	17313382
6	49	60	17313381	17346108
6	49	61	17346221	17364663
6	49	62	17364662	17366720
6	31	63	17366719	17389145
6	31	64	17389271	17412536
6	31	65	17412758	17440719
6	31	66	17440718	17444616
6	35	67	17444615	17486527
6	35	68	17486526	17517734
6	51	69	17517962	17557677
6	51	70	17557676	17558241
6	51	71	17558240	17558892
6	51	72	17558891	17593792
6	51	73	17593791	17616399
6	51	74	17616507	17633124
6	51	75	17633123	17633701
6	51	76	17633700	17634122
6	51	77	17634180	17656774
6	51	78	17656995	17656996
6	51	79	17656996	17677924
6	51	80	17677923	17722112
6	8	81	17722111	17743705
6	8	82	17744404	17766025
6	8	83	17766079	17786176
6	8	84	17786362	17808449
6	8	85	17808448	17808453
6	8	86	17808452	17809129
6	11	87	17809128	17812759
6	11	88	17812758	17832035
6	11	89	17833528	17854764
6	11	90	17854763	17857573
6	23	91	17857850	17878022
6	23	92	17878122	17895365
6	23	93	17895440	17922820
6	29	94	17922887	17922888
6	29	95	17922888	17949071
6	29	96	17949368	17966529
6	29	97	17966715	17970872
6	29	98	17970871	17974943
6	29	99	17974942	17992099
6	29	100	17992098	17992767
6	38	101	17992766	18036290
6	38	102	18036289	18036932
6	38	103	18036931	18057612
6	38	104	18057728	18078226
6	38	105	18078225	18099015
6	38	106	18099014	18138366
6	38	107	18138409	18158259
6	38	108	18158342	18159060
6	38	109	18160748	18161993
6	38	110	18162082	18162620
6	38	111	18162788	18162789
6	30	112	18162788	18204160
6	30	113	18204163	18229171
6	30	114	18229170	18250101
6	30	115	18250235	18252661
6	3	116	18252660	18252661
6	3	117	18252661	18274193
6	3	118	18274414	18293997
6	3	119	18294171	18311990
6	3	120	18312110	18312111
6	3	121	18312135	18318388
6	3	122	18318410	18343171
6	11	123	18343170	18343172
6	11	124	18343172	18365903
6	11	125	18365970	18365971
6	11	126	18365971	18386408
6	11	127	18386407	18396142
6	11	128	18396197	18399095
6	11	129	18399353	18417894
6	11	130	18417988	18417989
6	11	131	18417992	18418539
6	52	132	18418743	18428980
6	52	133	18428979	18448844
6	52	134	18448843	18465655
6	52	135	18465654	18481167
6	52	136	18481166	18495319
6	52	137	18496120	18499219
6	24	138	18499218	18509301
6	24	139	18509300	18538670
6	24	140	18538730	18548478
6	24	141	18548571	18575870
6	24	142	18576064	18578123
6	24	143	18578122	18588315
6	18	144	18588314	18588315
6	18	145	18588315	18620344
6	18	146	18620471	18630893
6	18	147	18630936	18652383
6	18	148	18652470	18663388
6	18	149	18663673	18674893
6	18	150	18674892	18675898
6	23	151	18675898	18687876
6	23	152	18687875	18697632
6	23	153	18697632	18707463
6	23	154	18707462	18707463
6	23	155	18707462	18726547
6	23	156	18726546	18736458
6	23	157	18736457	18743254
6	23	158	18743253	18749718
6	23	159	18749717	18749739
6	23	160	18749881	18751194
6	11	161	18751552	18772000
6	11	162	18772073	18782530
6	11	163	18782529	18803760
6	11	164	18803759	18824146
6	11	165	18824221	18844808
6	12	166	18844807	18844809
6	12	167	18844809	18857426
6	12	168	18857425	18867351
6	12	169	18867350	18878050
6	12	170	18878049	18888108
6	12	171	18888107	18915550
6	12	172	18915549	18917413
6	12	173	18917416	18925681
6	40	174	18925681	18956389
6	40	175	18956388	18966472
6	40	176	18966471	18975591
6	40	177	18975717	18985106
6	40	178	18985142	19004617
6	40	179	19004616	19015750
6	32	180	19015749	19026224
6	32	181	19026224	19036261
6	32	182	19036260	19046272
6	32	183	19046271	19056217
6	32	184	19056216	19066229
6	32	185	19066228	19076500
6	32	186	19076499	19098688
6	32	187	19100381	19102551
6	53	188	19103182	19113034
6	53	189	19113169	19149490
6	53	190	19149489	19159251
6	53	191	19159353	19171441
6	53	192	19171658	19172383
6	53	193	19172623	19194481
6	42	194	19194480	19217695
6	42	195	19217814	19236962
6	42	196	19237070	19237901
6	42	197	19237900	19259227
6	42	198	19259226	19280517
6	42	199	19280520	19280524
6	42	200	19280524	19281034
6	12	206	19364156	19372402
6	12	207	19372515	19386387
6	12	208	19386388	19394599
6	12	209	19394677	19408838
6	12	210	19408837	19415379
6	12	211	19415459	19434974
6	12	212	19434973	19435507
6	12	213	19435556	19442300
6	12	214	19442477	19443513
6	52	215	19443512	19466751
6	52	216	19466750	19489062
6	52	217	19489602	19496014
6	52	218	19496076	19522619
6	52	219	19523091	19523812
6	12	220	19523811	19531946
6	12	221	19532170	19545700
6	12	222	19545699	19566862
6	12	223	19566861	19573399
6	12	224	19573486	19597042
6	12	225	19597122	19597303
6	12	226	19597411	19597831
6	12	227	19597830	19598625
6	37	228	19598624	19620842
6	37	229	19620841	19621875
6	37	230	19621874	19643674
6	37	231	19643818	19644633
6	37	232	19644745	19666457
6	37	233	19666457	19668784
6	37	234	19668840	19669314
6	37	235	19670936	19671122
6	37	236	19672646	19681655
6	16	237	19681847	19719977
6	16	238	19719986	19742642
6	16	239	19742676	19758114
6	30	240	19758155	19788164
6	30	241	19788163	19817249
6	30	242	19817317	19817839
6	30	243	19817838	19820385
6	30	244	19820384	19846792
6	30	245	19846792	19850866
6	54	246	19850865	19884147
6	54	247	19884146	19915624
6	54	248	19915623	19929931
6	54	249	19931542	19947619
6	29	250	19947618	19957079
6	29	251	19957270	19977026
6	29	252	19977417	20008165
6	29	253	20008164	20015147
6	29	254	20018212	20042562
6	29	255	20042561	20043129
6	3	256	20043128	20074323
6	3	257	20074322	20080473
6	3	258	20080472	20103531
6	3	259	20103530	20104092
6	3	260	20104091	20134292
6	55	261	20134292	20162265
6	55	262	20162356	20193143
6	55	263	20193276	20195861
6	55	264	20195860	20208711
6	55	265	20208836	20226097
6	55	266	20226096	20227575
6	19	272	20318044	20328446
6	19	273	20328445	20378361
6	19	274	20378360	20407349
6	23	279	20504587	20561400
6	23	280	20561422	20561531
6	23	281	20561630	20591997
6	23	282	20594574	20594721
6	19	283	20594877	20594878
6	19	284	20594878	20600934
6	19	285	20602204	20623358
6	19	286	20623357	20626009
6	19	287	20626068	20656914
6	19	288	20656982	20659070
6	19	289	20659069	20665072
7	23	1	20665199	20667896
7	23	2	20668055	20692815
7	23	3	20692814	20707308
7	23	4	20707307	20707806
7	23	5	20707805	20708452
7	23	6	20708491	20727556
7	23	7	20727555	20738089
7	36	8	20738424	20750391
7	36	9	20750474	20780335
7	36	10	20780359	20783105
7	36	11	20783104	20819267
7	51	12	20819266	20839938
7	51	13	20839937	20860427
7	51	14	20860426	20880065
7	51	15	20880064	20880519
7	51	16	20880518	20899770
7	13	17	20899769	20899770
7	13	18	20899770	20919753
7	13	19	20919752	20919753
7	13	20	20919754	20928490
7	13	21	20928773	20939584
7	13	22	20939584	20943050
7	13	23	20943049	20960738
7	52	24	20960737	20979918
7	52	25	20980048	20999694
7	52	26	20999808	21000342
7	52	27	21000401	21002740
7	52	28	21002739	21020320
7	23	29	21020319	21023722
7	23	30	21023721	21058579
7	23	31	21058578	21074285
7	23	32	21074284	21093043
7	23	33	21093042	21102376
7	23	34	21104001	21105811
7	26	35	21105810	21134371
7	26	36	21134370	21140069
7	26	37	21140068	21161838
7	26	38	21161837	21184238
7	26	39	21184404	21190661
7	50	40	21190682	21196678
7	50	41	21196677	21248851
7	50	42	21248881	21278241
7	49	43	21278240	21284238
7	49	44	21284237	21306831
7	49	45	21306830	21345381
7	49	46	21345380	21365250
7	49	47	21365335	21365821
7	49	48	21365820	21366395
7	24	55	21424645	21470291
7	24	56	21470290	21470863
7	24	57	21470906	21487391
7	24	58	21487390	21495890
7	8	59	21496022	21527168
7	8	60	21527174	21549352
7	8	61	21549386	21582307
7	20	75	21810148	21810149
7	20	76	21810149	21831042
7	20	77	21831041	21831635
7	20	78	21831634	21851435
7	20	79	21851434	21893188
7	8	80	21893187	21893189
7	8	81	21893189	21930283
7	8	82	21930457	21948814
7	8	83	21949053	21951582
7	8	84	21951756	21969217
7	40	85	21969438	21972505
7	40	86	21972504	21991356
7	40	87	21991355	22013503
7	40	88	22013502	22033717
7	40	89	22033716	22048840
7	40	90	22048839	22049428
7	8	99	22217120	22217121
7	8	100	22217121	22261242
7	8	101	22261241	22284994
7	8	102	22284993	22298613
7	8	103	22298806	22303386
7	19	132	22688875	22718718
7	19	133	22719054	22739077
7	19	134	22739328	22781247
7	28	135	22781246	22802108
7	28	136	22802107	22812198
7	28	137	22812197	22822345
7	28	138	22822413	22845325
7	56	153	23013829	23028116
7	56	154	23028117	23048629
7	56	155	23048712	23058187
7	56	156	23058186	23068289
7	56	157	23068400	23078278
7	56	158	23078277	23099347
7	52	159	23099350	23130373
7	52	160	23130373	23158059
7	52	161	23158058	23167579
7	52	162	23167579	23196714
7	0	164	23225640	23231398
7	0	165	23231401	23254571
7	0	166	23254570	23264734
7	0	167	23264949	23283487
7	0	168	23283486	23314557
7	8	169	23314557	23320628
7	8	170	23320859	23341779
7	8	171	23341779	23344449
7	8	172	23344519	23374978
7	8	173	23375541	23378048
8	28	1	23378163	23378164
8	28	2	23378163	23391304
8	28	3	23391324	23404176
8	28	4	23404175	23404176
8	28	5	23404175	23409242
8	28	6	23409241	23417708
8	28	7	23417725	23418286
8	28	8	23418286	23433313
8	28	9	23433320	23446804
8	31	10	23446804	23466529
8	31	11	23466529	23476697
8	31	12	23476752	23490040
8	31	13	23490039	23506647
8	31	14	23506677	23525601
8	31	15	23525645	23526760
8	27	16	23526760	23566910
8	27	17	23566909	23566910
8	27	18	23566910	23582680
8	27	19	23582679	23585286
8	27	20	23585286	23607607
8	46	21	23607607	23626665
8	46	22	23626707	23645725
8	46	23	23645758	23664928
8	46	24	23664967	23665530
8	46	25	23665529	23679510
8	47	26	23679509	23698723
8	47	27	23698756	23718276
8	47	28	23718275	23738039
8	47	29	23738038	23758601
8	27	30	23758689	23781810
8	27	31	23781878	23803871
8	27	32	23803870	23835653
8	27	33	23835942	23840069
8	3	34	23840442	23871672
8	3	35	23871804	23899873
8	3	36	23899919	23905285
8	3	37	23905327	23933106
8	4	38	23933105	23962195
8	4	39	23962194	23990886
8	4	40	23990885	23991469
8	4	41	23991492	24022061
8	13	42	24022060	24022728
8	13	43	24022866	24050275
8	13	44	24050345	24078715
8	13	45	24078715	24079205
8	13	46	24079204	24108466
8	13	47	24108466	24114993
8	39	48	24114992	24142165
8	39	49	24142164	24169820
8	39	50	24169819	24170455
8	39	51	24170454	24171160
8	39	52	24171343	24202527
8	39	53	24202526	24203328
8	49	54	24203327	24218641
8	49	55	24218844	24235585
8	49	56	24235606	24266816
8	49	57	24266908	24276662
8	49	58	24276661	24277327
8	3	59	24277326	24291459
8	3	60	24291576	24318283
8	3	61	24318432	24319126
8	3	62	24319151	24354992
8	12	63	24354991	24354994
8	12	64	24354994	24373485
8	12	65	24373484	24374265
8	12	66	24374265	24414181
8	12	67	24414364	24422776
8	12	68	24422775	24425213
8	12	69	24425212	24425715
8	29	70	24425714	24425716
8	29	71	24425716	24436184
8	29	72	24436248	24436249
8	29	73	24436280	24442196
8	29	74	24442196	24444027
8	29	75	24444312	24449241
8	29	76	24450657	24467810
8	29	77	24468904	24497514
8	6	78	24497513	24499967
8	6	79	24501670	24503215
8	6	80	24503285	24514792
8	6	81	24514859	24518179
8	6	82	24518265	24585194
8	12	83	24585197	24587788
8	12	84	24587790	24606023
8	12	85	24606224	24615461
8	12	86	24615513	24636201
8	12	87	24636281	24636396
8	12	88	24636520	24649469
8	12	89	24649470	24649553
8	12	90	24649552	24650435
8	31	91	24650588	24681112
8	31	92	24681179	24692072
8	31	93	24692071	24712556
8	31	94	24712555	24715202
8	31	95	24715201	24730777
8	19	96	24730776	24730777
8	19	97	24730777	24734480
8	19	98	24734604	24751597
8	19	99	24751596	24754681
8	19	100	24754806	24755421
8	19	101	24755420	24799419
8	2	102	24799418	24799419
8	2	103	24799419	24819549
8	2	104	24819608	24819718
8	2	105	24819777	24864517
8	2	106	24864679	24883573
8	2	107	24883574	24887272
8	57	108	24887573	24908303
8	57	109	24910440	24936561
8	57	110	24936562	24977449
8	57	111	24977448	24978133
8	31	112	24978132	25001717
8	31	113	25001864	25011482
8	31	114	25011530	25022461
8	31	115	25022460	25025445
8	31	116	25025444	25044557
8	31	117	25044556	25046673
8	31	118	25046717	25052824
8	8	119	25052823	25073278
8	8	120	25073468	25083378
8	8	121	25083425	25093615
8	8	122	25093673	25116741
8	8	123	25116741	25116742
8	8	124	25116741	25124597
8	8	125	25124764	25125386
8	8	126	25125385	25125386
8	8	127	25125385	25125386
8	8	128	25125385	25126505
8	28	129	25126504	25156785
8	28	130	25156784	25167280
8	28	131	25167279	25167946
8	28	132	25167981	25188990
8	28	133	25188989	25209918
8	46	134	25209918	25230632
8	46	135	25230949	25250774
8	46	136	25250863	25270317
8	46	137	25270316	25276119
8	46	138	25276185	25276851
8	46	139	25278422	25281399
8	19	140	25281647	25302424
8	19	141	25303815	25308447
8	19	142	25308446	25326784
8	19	143	25326805	25336391
8	19	144	25336390	25345584
8	19	145	25345606	25355359
8	19	146	25355372	25365080
8	19	147	25365236	25365325
8	19	148	25365781	25366892
8	5	149	25366892	25378665
8	5	150	25378664	25387827
8	5	151	25387826	25396592
8	5	152	25396637	25405239
8	5	153	25405238	25414117
8	5	154	25414137	25418504
8	5	155	25418503	25424218
8	5	156	25424217	25429499
8	5	157	25429498	25445715
8	8	158	25445887	25445889
8	8	159	25445889	25445892
8	8	160	25445892	25465939
8	8	161	25466009	25476738
8	8	162	25476819	25486617
8	8	163	25486617	25496952
8	8	164	25497404	25497750
8	8	165	25498615	25518463
8	45	166	25518463	25518464
8	45	167	25518464	25528457
8	45	168	25529443	25539846
8	45	169	25539845	25569736
8	45	170	25569735	25593788
8	45	171	25593845	25605319
8	5	172	25605320	25616140
8	5	173	25616139	25625483
8	5	174	25625482	25635212
8	5	175	25635211	25644247
8	5	176	25644246	25653896
8	5	177	25653895	25663331
8	5	178	25663384	25673360
8	5	179	25673413	25674991
8	5	180	25674990	25683513
8	20	181	25683556	25692782
8	20	182	25692782	25703173
8	20	183	25703172	25713664
8	20	184	25713663	25734813
8	20	185	25734812	25754953
8	20	186	25754952	25775573
8	20	187	25775572	25779268
8	20	188	25779267	25782734
8	20	189	25782733	25782782
8	20	190	25782781	25783564
8	20	191	25788126	25788132
8	53	192	25800502	25800634
8	53	193	25800849	25800850
8	53	194	25800849	25813651
8	53	195	25813650	25823584
8	53	196	25823883	25844718
8	53	197	25844717	25846582
8	53	198	25846758	25854697
8	53	199	25854909	25864609
8	53	200	25864608	25884702
8	39	201	25884701	25914251
8	39	202	25914268	25925167
8	39	203	25925166	25934292
8	39	204	25934291	25943693
8	39	205	25943693	25953883
8	39	206	25953882	25962871
8	39	207	25962870	25974049
8	15	208	25974048	25984649
8	15	209	25984650	25994668
8	15	210	25994668	26004696
8	15	211	26004695	26014706
8	15	212	26014705	26024288
8	15	213	26024287	26041783
8	3	214	26041782	26064691
8	3	215	26064872	26072991
8	3	216	26073064	26086794
8	3	217	26086793	26092336
8	3	218	26092442	26092800
8	3	219	26092800	26095412
8	3	220	26096942	26097074
8	3	221	26097129	26098796
8	27	222	26099476	26122292
8	27	223	26122292	26144721
8	27	224	26144720	26167552
8	27	225	26167618	26169763
8	27	226	26169824	26193772
8	58	227	26193771	26216466
8	58	228	26216466	26237434
8	58	229	26237601	26238034
8	58	230	26238033	26259730
8	58	231	26259730	26268210
8	58	232	26268209	26281668
8	13	236	26353269	26389683
8	13	237	26389739	26399662
8	13	238	26399726	26421751
8	13	239	26421919	26443488
8	13	240	26443579	26444319
8	19	241	26444323	26446013
8	19	242	26446829	26472802
8	19	243	26472801	26497911
8	19	244	26497910	26518853
8	19	245	26518853	26525068
8	19	246	26525068	26531522
8	45	247	26531521	26557461
8	45	248	26557461	26575147
8	45	249	26575146	26598362
8	45	250	26598421	26599506
8	45	251	26599613	26622870
8	59	252	26622871	26661234
8	59	253	26661372	26665462
8	59	254	26665461	26686809
8	59	255	26686996	26688267
8	59	256	26688582	26710652
8	59	257	26710800	26712055
8	58	258	26712226	26742060
8	58	259	26742059	26749426
8	58	260	26749425	26775437
8	58	261	26775464	26809167
8	29	262	26809166	26840445
8	29	263	26840444	26841353
8	29	264	26841442	26903685
8	29	265	26903684	26906543
8	29	266	26906691	26907633
8	29	267	26907745	26909133
8	8	268	26909262	26913123
8	8	269	26913129	26913130
8	8	270	26913130	26972613
8	8	271	26972667	26989980
8	8	272	26990161	26996843
8	5	273	26996842	27002419
8	5	274	27002418	27025287
8	5	275	27025364	27027229
8	5	276	27027230	27027295
8	5	277	27027294	27027295
8	5	278	27027294	27055440
8	5	279	27055439	27058126
8	5	280	27058146	27084612
8	2	281	27084611	27121961
8	2	282	27121960	27145549
8	2	283	27145977	27146519
8	2	284	27146518	27183921
8	40	290	27276795	27276797
8	40	291	27276796	27304858
8	40	292	27304941	27333476
9	14	1	27333475	27333532
9	14	2	27333532	27351619
9	14	3	27351618	27360592
9	14	4	27360591	27361261
9	14	5	27361260	27361310
9	14	6	27366812	27367060
9	14	7	27367060	27380426
9	14	8	27380425	27382336
9	14	9	27383823	27403829
9	14	10	27403828	27404188
9	60	11	27404187	27422013
9	60	12	27422088	27425007
9	60	13	27425173	27462277
9	60	14	27462437	27463201
9	60	15	27463200	27482477
9	60	16	27482476	27485201
9	60	17	27485200	27501769
9	60	18	27501768	27520779
9	60	19	27520780	27539814
9	60	20	27539814	27556696
9	60	21	27556894	27560926
9	60	22	27560925	27598007
9	60	23	27598006	27640287
9	60	24	27640396	27679614
9	60	25	27679614	27701013
9	60	26	27701012	27701473
9	60	27	27701472	27722436
9	50	28	27722435	27742891
9	50	29	27742908	27762772
9	50	30	27762771	27782850
9	50	31	27782849	27802468
9	52	32	27802468	27813413
9	52	33	27813412	27834387
9	52	34	27834445	27862886
9	52	35	27862885	27873434
9	52	36	27873433	27892605
9	60	37	27892604	27951137
9	60	38	27951246	27951766
9	60	39	27951765	27981876
9	37	40	27982221	27982222
9	37	41	27982222	28010787
9	37	42	28010786	28039522
9	37	43	28039521	28040120
9	37	44	28040179	28072930
9	37	45	28074605	28076906
9	26	46	28076905	28076906
9	26	47	28076906	28082850
9	26	48	28082849	28105825
9	26	49	28105824	28133737
9	26	50	28133736	28163524
9	11	51	28163523	28163544
9	11	52	28165494	28190771
9	11	53	28190770	28263182
9	52	54	28263410	28263411
9	52	55	28263411	28288147
9	52	56	28288146	28305406
9	52	57	28305597	28328939
9	52	58	28329022	28334645
9	52	59	28334644	28336888
9	49	60	28337141	28337144
9	49	61	28337143	28380933
9	49	62	28380932	28381478
9	49	63	28381477	28402825
9	49	64	28402824	28412487
9	10	65	28412486	28412487
9	10	66	28412487	28454168
9	10	67	28454167	28481950
9	52	68	28481949	28506387
9	52	69	28506386	28528836
9	52	70	28528869	28552165
9	52	71	28552211	28555070
9	52	72	28555164	28556458
9	19	73	28556838	28556839
9	19	74	28556839	28576014
9	19	75	28576014	28595563
9	19	76	28595562	28615899
9	19	77	28615962	28637647
9	14	78	28637646	28637647
9	14	79	28637647	28652809
9	14	80	28653018	28694587
9	14	81	28694812	28697416
9	14	82	28697537	28715078
9	11	83	28715077	28719211
9	11	84	28719210	28737894
9	11	85	28737893	28760344
9	11	86	28760343	28780665
9	11	87	28780664	28795713
9	11	88	28795809	28796300
9	49	89	28796299	28816988
9	49	90	28817119	28826780
9	49	91	28826779	28834382
9	49	92	28834381	28837327
9	49	93	28837326	28837949
9	49	94	28837948	28855272
9	49	95	28855393	28858984
9	52	96	28858983	28877249
9	52	97	28877622	28897449
9	52	98	28897448	28916459
9	52	99	28916606	28917310
9	52	100	28917309	28917867
9	52	101	28917928	28939928
9	11	102	28940300	28940301
9	11	103	28940301	28960058
9	11	104	28960057	28979677
9	11	105	28979676	28982353
9	11	106	28982352	29002314
9	11	107	29002313	29018984
9	11	108	29018983	29019514
9	55	109	29019514	29040372
9	55	110	29040456	29060556
9	55	111	29060555	29078315
9	55	112	29078387	29100383
9	61	113	29100382	29100383
9	61	114	29100383	29119491
9	61	115	29119585	29129371
9	61	116	29129370	29138109
9	61	117	29138108	29157733
9	61	118	29157797	29170555
9	61	119	29170554	29177529
9	61	120	29177528	29177977
9	2	121	29177976	29181815
9	2	122	29181814	29190226
9	2	123	29190360	29202581
9	14	124	29203012	29203013
9	14	125	29203012	29205452
9	14	126	29205523	29222416
9	14	127	29222548	29262773
9	12	128	29262772	29262774
9	12	129	29262773	29274064
9	12	130	29274063	29282979
9	12	131	29282979	29291876
9	12	132	29291875	29300459
9	12	133	29300458	29309574
9	12	134	29309573	29314362
9	12	135	29314361	29320063
9	12	136	29320179	29325173
9	12	137	29325172	29341010
9	61	138	29341009	29351440
9	61	139	29351439	29360723
9	61	140	29360722	29370034
9	61	141	29370033	29379520
9	61	142	29379519	29397195
9	61	143	29397194	29406823
9	61	144	29406822	29416007
9	61	145	29416006	29427066
9	53	146	29427065	29427067
9	53	147	29427067	29427068
9	53	148	29427067	29457664
9	53	149	29457814	29459545
9	53	150	29459544	29479160
9	53	151	29479159	29519670
9	46	152	29519669	29528167
9	46	153	29528166	29564475
9	46	154	29564474	29573918
9	46	155	29573917	29583263
9	0	156	29583262	29593018
9	0	157	29593017	29603897
9	18	158	29604163	29604164
9	18	159	29604164	29634514
9	18	160	29634513	29653200
9	18	161	29653199	29662591
9	18	162	29662590	29662591
9	18	163	29662591	29671461
9	18	164	29671460	29690860
9	18	165	29690859	29691353
9	62	166	29691353	29720705
9	62	167	29720807	29730353
9	62	168	29730352	29740295
9	62	169	29740331	29750133
9	62	170	29750132	29760175
9	62	171	29760174	29760601
9	62	172	29760600	29760626
9	62	173	29760625	29771719
9	45	174	29771719	29771721
9	45	175	29771720	29780639
9	45	176	29780638	29820683
9	45	177	29820682	29831794
9	30	178	29831793	29854489
9	30	179	29854744	29875468
9	30	180	29875467	29896921
9	30	181	29896920	29905379
9	30	182	29906209	29906224
9	30	183	29906456	29914735
9	29	184	29914734	29914735
9	29	185	29914735	29936235
9	29	186	29936234	29958014
9	29	187	29958013	29962182
9	29	188	29963450	29981680
9	29	189	29981680	29996204
9	29	190	29996334	30001248
9	48	191	30001247	30023249
9	48	192	30023248	30043580
9	48	193	30043579	30044129
9	48	194	30044358	30065433
9	48	195	30065583	30073964
9	48	196	30073963	30086551
9	14	197	30086829	30090906
9	14	198	30091027	30112392
9	14	199	30112391	30153071
9	14	200	30153096	30159811
9	14	201	30159810	30160612
9	14	202	30160611	30160613
9	14	203	30160613	30174371
9	14	204	30174370	30182832
9	14	205	30182831	30219488
9	14	206	30219487	30240740
9	14	207	30242148	30245260
9	14	208	30246857	30251487
9	55	209	30251486	30272693
9	55	210	30272692	30294057
9	55	211	30294056	30316660
9	55	212	30316659	30339722
9	55	213	30340027	30360790
9	55	214	30360789	30381945
9	55	215	30381944	30405670
9	55	216	30405721	30407106
9	55	217	30407591	30430201
9	2	218	30430200	30450190
9	2	219	30450275	30452961
9	2	220	30453132	30480983
9	2	221	30481090	30521125
9	55	222	30521272	30521273
9	55	223	30521273	30549994
9	55	224	30550152	30577347
9	55	225	30577468	30578023
9	55	226	30578022	30580913
9	55	227	30580912	30606386
9	63	228	30606509	30606511
9	63	229	30606511	30607384
9	63	230	30607383	30607385
9	63	231	30607384	30636305
9	63	232	30636646	30667219
9	63	233	30667244	30680810
9	63	234	30681456	30697594
9	24	235	30697593	30706621
9	24	236	30706672	30753773
9	24	237	30753772	30762516
9	24	238	30762739	30775376
9	24	239	30775400	30785054
9	8	240	30785493	30813848
9	8	241	30813848	30819341
9	8	242	30819340	30841475
9	8	243	30843061	30843772
9	8	244	30843771	30872455
9	11	245	30873452	30902013
9	11	246	30902012	30904319
9	11	247	30904318	30933581
9	11	248	30933580	30959300
9	2	256	31043541	31071192
9	2	257	31071401	31073829
9	2	258	31073906	31074022
9	2	259	31074200	31075504
9	2	260	31075503	31103161
9	2	261	31103160	31132099
9	14	262	31132098	31132099
9	14	263	31132099	31134082
9	14	264	31134081	31159162
9	14	265	31159162	31160534
9	14	266	31160690	31186608
9	14	267	31186607	31208821
9	14	268	31208820	31210117
9	14	269	31211841	31213445
9	8	270	31213444	31265854
9	8	271	31265853	31297061
9	11	272	31297061	31299372
9	11	273	31299371	31324798
9	11	274	31324987	31351891
9	11	275	31352010	31354163
9	11	276	31354162	31359806
