0	0	1	-1	36000
0	0	2	36070	56831
0	0	3	58501	59948
0	0	4	59947	73737
0	0	5	76001	76002
0	0	6	76001	76012
0	0	7	78837	96274
0	1	8	96273	121717
0	1	9	121958	129213
0	1	10	129672	159355
0	1	11	159715	193175
0	1	12	193645	195278
0	1	13	195277	229542
0	0	14	229541	262790
0	0	15	262832	297138
0	0	16	297183	327343
0	0	17	327396	329461
0	0	18	329460	330406
0	0	19	330405	362254
0	2	20	362852	362853
0	2	21	362852	395094
0	2	22	395261	426609
0	2	23	426749	427893
0	2	24	427892	437778
0	2	25	438128	462024
0	2	26	462242	500206
0	3	27	500205	532783
0	3	28	532811	578991
0	3	29	579061	598319
0	3	30	598435	639691
0	4	31	639690	639691
0	4	32	639690	674146
0	4	33	674318	706578
0	4	34	706889	738177
0	4	35	738381	739765
0	4	36	739764	774454
0	5	37	774567	806107
0	5	38	806106	835024
0	5	39	835879	836668
0	5	40	836835	846499
0	5	41	846668	866314
0	5	42	866380	882671
0	6	43	882740	882741
0	6	44	882740	912653
0	6	45	912790	943433
0	6	46	943937	945465
0	6	47	945464	980682
0	7	48	981499	1013447
0	7	49	1013527	1021793
0	7	50	1021861	1045274
0	7	51	1045273	1053647
0	7	52	1053861	1068973
0	7	53	1069068	1078090
0	8	54	1078089	1078090
0	8	55	1078089	1110124
0	8	56	1110123	1141955
0	8	57	1141954	1177067
0	8	58	1178132	1178346
0	8	59	1178345	1179999
0	9	60	1180279	1180280
0	9	61	1180279	1223786
0	9	62	1223785	1225094
0	9	63	1225093	1347128
0	10	70	1465439	1559665
0	10	71	1559664	1561048
0	10	72	1561047	1623541
0	11	73	1623540	1623541
0	11	74	1623540	1671373
0	11	75	1671684	1779391
0	12	76	1779906	1813993
0	12	77	1813992	1910725
0	12	78	1910724	1912846
0	3	79	1912845	1947514
0	3	80	1947972	1954522
0	3	81	1954521	1983193
0	3	82	1983192	2014483
0	3	83	2014524	2052433
0	13	84	2052432	2052433
0	13	85	2052432	2085226
0	13	86	2085369	2122635
0	13	87	2122634	2157684
0	13	88	2157683	2191185
0	14	89	2191184	2191185
0	14	90	2191184	2224882
0	14	91	2227068	2242915
0	14	92	2242914	2261338
0	14	93	2261337	2315733
0	12	94	2316055	2316056
0	12	95	2316055	2322707
0	12	96	2322706	2348843
0	12	97	2349699	2390230
0	12	98	2390229	2430911
0	12	99	2430910	2438591
0	12	100	2438590	2440868
0	15	101	2440867	2470829
0	15	102	2471065	2503867
0	15	103	2504025	2521765
0	15	104	2522024	2530212
0	15	105	2530211	2538288
0	15	106	2538431	2563056
0	15	107	2563055	2564688
0	5	108	2564687	2565903
0	5	109	2565902	2580615
0	5	110	2580729	2596105
0	5	111	2596216	2619972
0	5	112	2619971	2630211
0	5	113	2630210	2660031
0	5	114	2660298	2676115
0	13	115	2676208	2724643
0	13	116	2724748	2741690
0	13	117	2741689	2776958
0	13	118	2777092	2793656
0	13	119	2793715	2796419
0	13	120	2796660	2797924
0	16	121	2798470	2830654
0	16	122	2830661	2845890
0	16	123	2846041	2863706
0	16	124	2863730	2898528
0	16	125	2898548	2901774
0	16	126	2901890	2902593
0	16	127	2902634	2902638
0	16	128	2903540	2922036
0	17	129	2922048	2922049
0	17	130	2922048	2955667
0	17	131	2955666	2986204
0	17	132	2986294	3009854
0	17	133	3010032	3010033
0	17	134	3010032	3023986
0	17	135	3023985	3064465
0	18	136	3064853	3093372
0	18	137	3093371	3093372
0	18	138	3093371	3115757
0	18	139	3116108	3126591
0	18	140	3126590	3129684
0	18	141	3129738	3149205
0	18	142	3149204	3150198
0	3	143	3150197	3172842
0	3	144	3172841	3184273
0	3	145	3184872	3204898
0	3	146	3204897	3249702
0	19	147	3249701	3264690
0	19	148	3264689	3284889
0	19	149	3284888	3296445
0	19	150	3296444	3306435
0	19	151	3306494	3316977
0	19	152	3317129	3317130
0	19	153	3317129	3338706
0	20	154	3338729	3338730
0	20	155	3338729	3377172
0	20	156	3380243	3390864
0	20	157	3390863	3412896
0	20	158	3413103	3423568
0	20	159	3423567	3439333
0	20	160	3440056	3440096
0	20	161	3440095	3442052
0	18	162	3442083	3455839
0	18	163	3455838	3486340
0	18	164	3486339	3504763
0	18	165	3504762	3524317
0	18	166	3524316	3538276
0	18	167	3538275	3538276
0	18	168	3538275	3539875
0	21	169	3539874	3539875
0	21	170	3539874	3550342
0	21	171	3550341	3560638
0	21	172	3560637	3577738
0	21	173	3578125	3582641
0	21	174	3582640	3602648
0	21	175	3602647	3624035
0	15	176	3624034	3639896
0	15	177	3639895	3649808
0	15	178	3649807	3670328
0	15	179	3670327	3672557
0	15	180	3672765	3680485
0	15	181	3680484	3690130
0	15	182	3690129	3690130
0	15	183	3690129	3712483
0	13	184	3713627	3745797
0	13	185	3745796	3765140
0	13	186	3765188	3775125
0	13	187	3775124	3784767
0	13	188	3784766	3793227
0	13	189	3793521	3806653
0	19	190	3806652	3809920
0	19	191	3809919	3821221
0	19	192	3821220	3840196
0	19	193	3840216	3854101
0	19	194	3854100	3860074
0	19	195	3860073	3903814
0	13	196	3903813	3925402
0	13	197	3925401	3947197
0	13	198	3947265	3971275
0	13	199	3971550	4016515
0	19	200	4016966	4040385
0	19	201	4040429	4064202
0	19	202	4064288	4065630
0	19	203	4065629	4110213
0	22	204	4110212	4133004
0	22	205	4133192	4141338
0	22	206	4141478	4155597
0	22	207	4155596	4157733
0	22	208	4157732	4181622
0	22	209	4181621	4203272
0	22	210	4203271	4204478
0	23	211	4204477	4230187
0	23	212	4230500	4240716
0	23	213	4240799	4253595
0	23	214	4253653	4260521
0	23	215	4260851	4261137
0	23	216	4261353	4296917
0	23	217	4296916	4302830
0	0	218	4302965	4302990
0	0	219	4303034	4350820
0	0	220	4350874	4358177
0	0	221	4358176	4393686
0	22	222	4393685	4402011
0	22	223	4402296	4416508
0	22	224	4417068	4438645
0	22	225	4439560	4450765
0	22	226	4450764	4452655
0	22	227	4452872	4454513
0	22	228	4454512	4463483
0	24	229	4463482	4491623
0	24	230	4491622	4509563
0	24	231	4510210	4536830
0	24	232	4536829	4539170
0	24	233	4539169	4564112
0	4	234	4564111	4584323
0	4	235	4584651	4593985
0	4	236	4594100	4606173
0	4	237	4606359	4607728
0	4	238	4607727	4630600
0	4	239	4630800	4635829
0	4	240	4638810	4639171
0	4	241	4643501	4645488
0	25	242	4645487	4682853
0	25	243	4682929	4725050
0	22	244	4725049	4763009
0	22	245	4763113	4772849
0	22	246	4772848	4801715
0	22	247	4802248	4804124
0	22	248	4804372	4805687
0	22	249	4805686	4805687
0	22	250	4805686	4836101
0	26	251	4836163	4836164
0	26	252	4836163	4872608
0	26	253	4872607	4883186
0	26	254	4883185	4907207
0	26	255	4907206	4908923
0	26	256	4908922	4945591
0	26	257	4945596	4955662
0	27	266	5063011	5072393
0	27	267	5072777	5090787
0	27	268	5090786	5090982
0	27	269	5090981	5090982
0	27	270	5090981	5096769
0	27	271	5100155	5103117
0	27	272	5103356	5164032
0	27	273	5164031	5200949
0	3	274	5201221	5238338
0	3	275	5243768	5248554
0	3	276	5248553	5258418
0	3	277	5259035	5282091
0	3	278	5282288	5320363
0	3	279	5323821	5327344
0	28	280	5327343	5327344
0	28	281	5327343	5363457
0	28	282	5363456	5368041
0	28	283	5368040	5400698
0	28	284	5400697	5439323
0	28	285	5439322	5439323
0	28	286	5439322	5440688
0	29	287	5440825	5445857
0	29	288	5445856	5476625
0	29	289	5476920	5512573
0	29	290	5512572	5517718
0	29	291	5517717	5525389
0	29	292	5525450	5537599
0	29	293	5537699	5551860
0	30	294	5551859	5551860
0	30	295	5551859	5588163
0	30	296	5588249	5592216
0	30	297	5592579	5631289
0	30	298	5631369	5636692
1	31	4	5656118	5677715
1	31	5	5677714	5691236
1	31	6	5691340	5711747
1	31	7	5711746	5731832
1	31	8	5732056	5737067
1	31	9	5739715	5759230
1	27	10	5759510	5790660
1	27	11	5790659	5822265
1	27	12	5822632	5829773
1	27	13	5829919	5880085
1	27	14	5880314	5888739
1	30	15	5888899	5888900
1	30	16	5888899	5920370
1	30	17	5920369	5953346
1	30	18	5953345	5954618
1	30	19	5954617	5984246
1	30	20	5984536	6015167
1	29	31	6276724	6342967
1	29	32	6342966	6353385
1	29	33	6353384	6367539
1	29	34	6367832	6379197
1	29	35	6379297	6403352
1	29	36	6403351	6410624
1	3	37	6411049	6411050
1	3	38	6411049	6442607
1	3	39	6442726	6456812
1	3	40	6456811	6474683
1	3	41	6474879	6478790
1	3	42	6478789	6519350
1	32	43	6519669	6550234
1	32	44	6550559	6561870
1	32	45	6561869	6581205
1	32	46	6581501	6603348
1	32	47	6603646	6612374
1	32	48	6612487	6613472
1	32	49	6613471	6614576
1	29	53	6711781	6723257
1	10	59	6834549	6865939
1	10	60	6866131	6937364
1	33	73	7163900	7252694
1	33	74	7252693	7277219
1	33	75	7277341	7307918
1	33	76	7307917	7307918
1	33	77	7307917	7340219
1	33	78	7340458	7415408
1	17	79	7415539	7434125
2	2	1	7434221	7452159
2	2	2	7452317	7469775
2	2	3	7470002	7486578
2	2	4	7486898	7504550
2	2	5	7504583	7519911
2	2	6	7519910	7548720
2	2	7	7548926	7579851
2	2	8	7580000	7583862
2	2	9	7583861	7592604
2	2	10	7592722	7611746
2	2	11	7611915	7643254
2	2	12	7643598	7655794
2	34	13	7655793	7687525
2	34	14	7687840	7689119
2	34	15	7689229	7720325
2	34	16	7720521	7734553
2	34	17	7734735	7752886
2	34	18	7752990	7776316
2	34	19	7776591	7786162
2	34	20	7786161	7820096
2	34	21	7820278	7852634
2	34	22	7852744	7867623
2	34	23	7867676	7867677
2	34	24	7868219	7887579
2	34	25	7887690	7923103
2	34	26	7923279	7955011
2	34	27	7955169	7986268
2	34	28	7986450	7987813
2	34	29	7987812	8019985
2	34	30	8020182	8056225
2	35	31	8056224	8089681
2	35	32	8089680	8154500
2	35	33	8154690	8156506
2	35	34	8156505	8157973
2	35	35	8158182	8190925
2	36	36	8190924	8202202
2	36	37	8202322	8225192
2	36	38	8225358	8258716
2	36	39	8258715	8260009
2	36	40	8260138	8272067
2	36	41	8272066	8295034
2	8	42	8295130	8295131
2	8	43	8295130	8326523
2	8	44	8326522	8357228
2	8	45	8357227	8407862
2	5	46	8407861	8415113
2	5	47	8415112	8439227
2	5	48	8439409	8480579
2	5	49	8480649	8501113
2	5	50	8501161	8503407
2	10	51	8503406	8533944
2	10	52	8533943	8533944
2	10	53	8533943	8564118
2	10	54	8564117	8596785
2	5	55	8596868	8603658
2	5	56	8603702	8630475
2	5	57	8630599	8648888
2	5	58	8650231	8702668
2	5	59	8702667	8703901
2	2	60	8703943	8782784
2	2	61	8783123	8791188
2	2	62	8791277	8817528
2	14	63	8817527	8817528
2	30	64	8817527	8817528
2	30	65	8817527	8866821
2	30	66	8867460	8923876
2	30	67	8923875	8966335
2	30	68	8966334	9004369
2	2	69	9004368	9008962
2	2	70	9008961	9009307
2	2	71	9009923	9054345
2	2	72	9054344	9147261
2	2	73	9147260	9172518
2	2	74	9172917	9205270
2	2	75	9205352	9237009
2	2	76	9237043	9255608
2	2	77	9255607	9261602
2	2	78	9261601	9281267
2	2	79	9281266	9304635
2	2	80	9304687	9304997
2	2	81	9305232	9308170
2	19	82	9308169	9341734
2	19	83	9341931	9350959
2	19	84	9350958	9376687
2	19	85	9376782	9409813
2	19	86	9409950	9443452
2	37	87	9443600	9475683
2	37	88	9475967	9491926
2	37	89	9492026	9511317
2	37	90	9511626	9545911
2	37	91	9545983	9551561
2	37	92	9551560	9590084
2	31	93	9590083	9623180
2	31	94	9623257	9638507
2	5	95	9638643	9672985
2	5	96	9673190	9697248
2	5	97	9697247	9697248
2	5	98	9697247	9698607
2	28	99	9698651	9729426
2	28	100	9729437	9762168
2	28	101	9762182	9794670
2	27	102	9794684	9799284
2	27	103	9801638	9832113
2	27	104	9832112	9887062
2	27	105	9887061	9904637
2	27	106	9904727	9940053
2	19	107	9940052	9987309
2	19	108	9987437	10005192
2	19	109	10005215	10040631
2	19	110	10040705	10042020
2	19	111	10042097	10076541
2	8	112	10076555	10111851
2	8	113	10111850	10129581
2	8	114	10129658	10184517
2	8	115	10184689	10214801
2	8	116	10215286	10224728
2	8	117	10225076	10253540
2	8	118	10253665	10258247
2	8	119	10258246	10278266
2	8	120	10278492	10289338
2	8	121	10289352	10299499
2	8	122	10299498	10310347
2	8	123	10310346	10323535
2	38	124	10323534	10359301
2	38	125	10359300	10378513
2	38	126	10378512	10407991
2	38	127	10407990	10424526
2	38	128	10424612	10428009
2	39	129	10428008	10463898
2	39	130	10463897	10483290
2	39	131	10483506	10494845
2	39	132	10494844	10503851
2	39	133	10503850	10515902
2	40	134	10515901	10515902
2	40	135	10515901	10537823
2	40	136	10537974	10548253
2	40	137	10548370	10558370
2	40	138	10558369	10568078
2	40	139	10568077	10577924
2	40	140	10577923	10587710
2	40	141	10587709	10598954
2	40	142	10598953	10600130
2	41	143	10600219	10611344
2	41	144	10611343	10621205
2	41	145	10621396	10631893
2	41	146	10631892	10641403
2	41	147	10641402	10651261
2	41	148	10651406	10661334
2	41	149	10661333	10671784
2	41	150	10671783	10672408
2	41	151	10672407	10685098
2	17	152	10685097	10696987
2	17	153	10704123	10706929
2	39	154	10707120	10728175
2	39	155	10728388	10728389
2	39	156	10728388	10749419
2	39	157	10749418	10749419
2	39	158	10749418	10759529
2	39	159	10759528	10769956
2	39	160	10769955	10781776
2	5	165	10892272	10892273
2	5	166	10892272	10922558
2	5	167	10922557	10932156
2	5	168	10932155	10941486
2	5	169	10941485	10951113
2	5	170	10951112	10960836
2	5	171	10960835	10970292
2	5	172	10970291	10989639
2	42	181	11091598	11116262
2	42	182	11116311	11121112
2	42	183	11121111	11140189
2	42	184	11140421	11166327
2	42	185	11166326	11187783
2	22	186	11187782	11211273
2	22	187	11211272	11235309
2	22	188	11235496	11243233
2	22	189	11243422	11268417
2	22	190	11268494	11287680
2	43	204	11483404	11521380
2	43	205	11521621	11532629
2	43	206	11532628	11577638
2	43	207	11577677	11579406
3	38	1	11579405	11782728
3	38	2	11782727	11803819
3	38	3	11803948	11817077
3	38	4	11817190	11830048
3	38	5	11830117	11833050
3	38	6	11833095	11835586
3	38	7	11835806	11846815
3	26	8	11846814	11867983
3	26	9	11867982	11878931
3	26	10	11879004	11896086
3	26	11	11896085	11912976
3	26	12	11913111	11933552
3	36	13	11933611	11937656
3	36	14	11937655	11954894
3	36	15	11954932	11976207
3	36	16	11976206	11997199
3	36	17	11997216	12011547
3	36	18	12011546	12019677
3	37	19	12019930	12031848
3	37	20	12031915	12042846
3	37	21	12042845	12062092
3	37	22	12062261	12067992
3	37	23	12067991	12108137
3	37	24	12108283	12140158
3	37	25	12140245	12153022
3	37	26	12153117	12201344
3	36	27	12201482	12206087
3	36	28	12206086	12223630
3	36	29	12223673	12245136
3	36	30	12245262	12269435
3	36	31	12269434	12270301
3	36	32	12270370	12293993
3	10	33	12294014	12294015
3	10	34	12294014	12325503
3	10	35	12325643	12326721
3	10	36	12326720	12361770
3	10	37	12362124	12362125
3	39	38	12362124	12395527
3	39	39	12395916	12428071
3	39	40	12428070	12429385
3	39	41	12429384	12462751
3	39	42	12462750	12464164
3	44	43	12464163	12561921
3	44	44	12562017	12563779
3	36	45	12563778	12571534
3	36	46	12571533	12597073
3	36	47	12597182	12632066
3	36	48	12632134	12673629
3	45	49	12673970	12755454
3	45	50	12755784	12819784
3	38	51	12819783	12874060
3	38	52	12874384	12923939
3	38	53	12923938	12925415
3	38	54	12925414	13014875
3	29	55	13015177	13082965
3	29	56	13082964	13084711
3	29	57	13085235	13119373
3	38	58	13119372	13232409
3	38	59	13232408	13300557
3	38	60	13300703	13300704
3	38	61	13300703	13311252
3	30	62	13311529	13342427
3	30	63	13342515	13367821
3	30	64	13367820	13400929
3	30	65	13400928	13410021
3	30	66	13410020	13410021
3	45	67	13410020	13410021
3	45	68	13410020	13417215
3	45	69	13417214	13444653
3	45	70	13444939	13477427
3	45	71	13477768	13512926
3	45	72	13512925	13514063
3	45	73	13514062	13548527
3	11	74	13548655	13548656
3	11	75	13548655	13554680
3	11	76	13554679	13581374
3	11	77	13581675	13596018
3	11	78	13596118	13628089
3	11	79	13631083	13631219
3	11	80	13631482	13650932
3	11	81	13650931	13650932
3	11	82	13650931	13653502
3	26	83	13653789	13685533
3	26	84	13685684	13701396
3	26	85	13701497	13717395
3	26	86	13717551	13749919
3	26	87	13750103	13782725
3	26	88	13782801	13784554
3	29	89	13784674	13792067
3	29	90	13792066	13819121
3	29	91	13819603	13864040
3	29	92	13864183	13889405
3	29	93	13889404	13909592
3	37	94	13910164	13941701
3	37	95	13942643	13959339
3	37	96	13959508	13976177
3	37	97	13976176	14008777
3	37	98	14008970	14042313
3	30	99	14042312	14075940
3	30	100	14076032	14108784
3	30	101	14108896	14147929
3	30	102	14147928	14181459
3	44	103	14181575	14206140
3	44	104	14206199	14254946
3	44	105	14255109	14309047
3	44	106	14309642	14314110
3	37	107	14314259	14362292
3	37	108	14362430	14379612
3	37	109	14379837	14381212
3	37	110	14381211	14413807
3	37	111	14413934	14445963
3	44	112	14445962	14498835
3	44	113	14498956	14546783
3	44	114	14546992	14577320
3	2	115	14577489	14593660
3	2	116	14593659	14615654
3	2	117	14615653	14636249
3	2	118	14636248	14640044
3	2	119	14640043	14643434
3	2	120	14643433	14647394
3	2	121	14647480	14653562
3	2	122	14653561	14665964
3	2	123	14666030	14666346
3	2	124	14666525	14670627
3	41	125	14670626	14691180
3	41	126	14691179	14692610
3	20	127	14692898	14692899
3	20	128	14692898	14711078
3	20	129	14712460	14713511
3	20	130	14713510	14732315
3	20	131	14732314	14742140
3	20	132	14742139	14752928
3	20	133	14752927	14801633
3	44	134	14802393	14813008
3	44	135	14813007	14823352
3	44	136	14823444	14845402
3	44	137	14845401	14856874
3	44	138	14856873	14872336
3	44	139	14872335	14890234
3	19	140	14890233	14924153
3	19	141	14924152	14943539
3	19	142	14943538	14953358
3	19	143	14953357	14962328
3	19	144	14963502	14965093
3	19	145	14965092	14981800
3	19	146	14984643	14988465
3	29	147	14988464	15000639
3	29	148	15004454	15007320
3	29	149	15007319	15028969
3	29	150	15028968	15049444
3	29	151	15049794	15060097
3	29	152	15060096	15070534
3	29	153	15070694	15082485
3	35	154	15082484	15120504
3	35	155	15120503	15150308
3	35	156	15150376	15159791
3	35	157	15160396	15206261
3	41	158	15206402	15206403
3	41	159	15206402	15227991
3	41	160	15227990	15238320
3	41	161	15238319	15248295
3	41	162	15248294	15258834
3	41	163	15258948	15269413
3	41	164	15269412	15280000
3	41	165	15279999	15280795
3	41	166	15280794	15280903
3	41	167	15280902	15293344
3	38	168	15294295	15294296
3	38	169	15294295	15308753
3	38	170	15308752	15361988
3	38	171	15362098	15383559
3	38	172	15383558	15397041
3	38	173	15397508	15403005
3	35	174	15403279	15427706
3	35	175	15427705	15450558
3	35	176	15450691	15476609
3	35	177	15476608	15487868
3	35	178	15489988	15515546
3	45	179	15515545	15520223
3	45	180	15523606	15578310
3	45	181	15578309	15601443
3	45	182	15601442	15601518
3	45	183	15601804	15629063
3	21	184	15629062	15655133
3	21	185	15655132	15678701
3	21	186	15682185	15707245
3	21	187	15707244	15734450
3	21	188	15734646	15736594
3	35	189	15736593	15811419
3	35	190	15811418	15817701
3	35	191	15817838	15827127
3	35	192	15827192	15850215
3	16	193	15850508	15873468
3	16	194	15873563	15895119
3	16	195	15895168	15921296
3	16	196	15921343	15937814
3	35	197	15937818	15962617
3	35	198	15962706	15986449
3	35	199	15986448	16003603
3	35	200	16003741	16012865
3	35	201	16012997	16020537
3	35	202	16020574	16039517
3	19	203	16039620	16062973
3	19	204	16063275	16063312
3	19	205	16063518	16073092
3	19	206	16074537	16090075
3	19	207	16090074	16129446
3	19	208	16129445	16153191
3	30	209	16153871	16178748
3	30	210	16178900	16201059
3	30	211	16201175	16201176
3	30	212	16201175	16223982
3	30	213	16224266	16225782
3	30	214	16225781	16256481
3	36	215	16256480	16261650
3	36	216	16261649	16265151
3	36	217	16267970	16296087
3	36	218	16296263	16332375
3	36	219	16332504	16348456
3	40	220	16348636	16351175
3	40	221	16351332	16388797
3	40	222	16388844	16428515
3	40	223	16428514	16464737
3	17	224	16464736	16487222
3	17	225	16488606	16503613
3	17	226	16506541	16517141
3	17	227	16517140	16545302
3	17	228	16545301	16558907
3	17	229	16560912	16576855
3	32	230	16576854	16596181
3	32	231	16596180	16599730
3	32	232	16603119	16605253
3	32	233	16605252	16605253
3	32	234	16605252	16613386
3	32	235	16613385	16638586
3	32	236	16639765	16640831
3	32	237	16640830	16681727
3	23	238	16681726	16753641
3	23	239	16753640	16755345
3	23	240	16755463	16787981
3	37	245	16861918	16897202
3	37	246	16897382	16933276
3	37	247	16933275	16961398
3	37	248	16961397	16973827
3	37	249	16974087	16977736
3	37	250	16981167	16986605
3	35	251	16986927	17063968
3	35	252	17063967	17075857
3	35	253	17076052	17103924
3	19	254	17103923	17138919
3	19	255	17138966	17143791
3	19	256	17143790	17175888
3	19	257	17175887	17216214
3	17	258	17216261	17221725
3	17	259	17221724	17252316
3	17	260	17252528	17288148
3	17	261	17288480	17293665
3	17	262	17293664	17301111
3	17	263	17301175	17314681
3	17	264	17314943	17329177
3	41	265	17329176	17337091
3	41	266	17337663	17347522
3	41	267	17347837	17367848
3	41	268	17367847	17404775
3	41	269	17404810	17409914
3	41	270	17409913	17417642
4	0	1	17417738	17451671
4	0	2	17451714	17482504
4	0	3	17482557	17517550
4	0	4	17517621	17519287
4	0	5	17519286	17554813
4	7	6	17555355	17573512
4	7	7	17573732	17590971
4	7	8	17590970	17622687
4	7	9	17622926	17633601
4	7	10	17633600	17657844
4	7	11	17657916	17676544
4	7	12	17676651	17681242
4	7	13	17684772	17687272
4	46	14	17687271	17718028
4	46	15	17718102	17731555
4	46	16	17731554	17747455
4	46	17	17747649	17778280
4	46	18	17778455	17783073
4	46	19	17786285	17790126
4	10	20	17790366	17790367
4	10	21	17790366	17821600
4	10	22	17821599	17821600
4	15	48	18230312	18240570
4	15	49	18240826	18291815
4	15	50	18292078	18305600
4	15	51	18305599	18307097
4	15	52	18307198	18328001
4	3	53	18328000	18351917
4	3	54	18351916	18362069
4	3	55	18364909	18380050
4	3	56	18380049	18403099
4	3	57	18403098	18413233
4	3	58	18413232	18414001
4	10	59	18414258	18414259
4	10	60	18414258	18436624
4	10	61	18436740	18458962
4	10	62	18459045	18460816
4	10	63	18460988	18491715
4	10	64	18494234	18498648
4	20	65	18498647	18532167
4	20	66	18532166	18532167
4	20	67	18532166	18532167
4	20	68	18532166	18532167
4	21	69	18532166	18532167
4	21	70	18532166	18532167
4	21	71	18532166	18532167
4	21	72	18532166	18532167
4	21	73	18532166	18532167
4	27	74	18532166	18532167
4	27	75	18532166	18532167
4	27	76	18532166	18532167
4	27	77	18532166	18532167
4	27	78	18532166	18532167
4	27	79	18532166	18532167
4	27	80	18532166	18532167
4	27	81	18532166	18532167
4	13	82	18532166	18532167
4	13	83	18532166	18532167
4	13	84	18532166	18532167
4	13	85	18532166	18532167
4	13	86	18532166	18532167
4	46	87	18532166	18532167
4	46	88	18532166	18532167
4	46	89	18532166	18532167
4	27	90	18532166	18532167
4	27	91	18532166	18532167
4	27	92	18532166	18532167
4	27	93	18532166	18532167
4	44	94	18532166	18532167
4	44	95	18532166	18532167
4	44	96	18532166	18532167
4	44	97	18532166	18532167
4	44	98	18532166	18532167
4	44	99	18532166	18532167
4	47	100	18532166	18532167
4	47	101	18532166	18532167
4	47	102	18532166	18532167
4	47	103	18532166	18532167
4	47	104	18532166	18532167
4	27	105	18532166	18532167
4	27	106	18532166	18532167
4	27	107	18532166	18532167
4	27	108	18532166	18532167
4	27	109	18532166	18532167
4	33	116	18532166	18532167
4	3	119	18532166	18532167
4	3	120	18532166	18532167
4	3	121	18532166	18532167
4	3	122	18532166	18532167
4	3	123	18532166	18532167
4	3	124	18532166	18532167
4	3	125	18532166	18532167
5	47	1	18532166	18552756
5	47	2	18552755	18566366
5	47	3	18566377	18585759
5	47	4	18585758	18606403
5	47	5	18606464	18606492
5	47	6	18606628	18610448
5	47	7	18610474	18612572
5	47	8	18613293	18614785
5	47	9	18616734	18616795
5	47	10	18616794	18632938
5	3	11	18632937	18663697
5	3	12	18663879	18694825
5	3	13	18694824	18709597
5	3	14	18709755	18726085
5	3	15	18726174	18763875
5	3	16	18763910	18766761
5	3	17	18766760	18798900
5	3	18	18798899	18829377
5	3	19	18829376	18844287
5	3	20	18844322	18862077
5	3	21	18862253	18885426
5	6	22	18885425	18916491
5	6	23	18916517	18946464
5	6	24	18946562	18946563
5	6	25	18946562	18978369
5	6	26	18978415	18979631
5	6	27	18979630	19015535
5	31	28	19015534	19063008
5	31	29	19063316	19082306
5	31	30	19082305	19155255
5	6	31	19155254	19155255
5	6	32	19155254	19190540
5	6	33	19190539	19222997
5	6	34	19223037	19254493
5	6	35	19254553	19256165
5	6	36	19256164	19289164
5	45	37	19289163	19289452
5	45	38	19289451	19322287
5	29	39	19322286	19322287
5	29	40	19322286	19322287
5	29	41	19322286	19337049
5	29	42	19337048	19337049
5	29	43	19337048	19353396
5	29	44	19353428	19363899
5	29	45	19363898	19383857
5	29	46	19383856	19401716
5	29	47	19401715	19414868
5	48	48	19415938	19446689
5	48	49	19449104	19459971
5	48	50	19459970	19478688
5	48	51	19478747	19491525
5	48	52	19491694	19499858
5	48	53	19500190	19509437
5	23	54	19509436	19516742
5	23	55	19516741	19516742
5	23	56	19516741	19540179
5	23	57	19540288	19570445
5	23	58	19570594	19572542
5	23	59	19572541	19578932
5	23	60	19581850	19585934
5	23	61	19586075	19608978
5	23	62	19611244	19619186
5	2	63	19619185	19729085
5	2	64	19729084	19760822
5	2	65	19769849	19815798
5	45	66	19815797	19815798
5	45	67	19815797	19904844
5	45	68	19904843	19975749
5	45	69	19976066	19976076
5	45	70	19976075	19977354
5	46	71	19977437	20020911
5	46	72	20020910	20138625
5	12	73	20139101	20179068
5	12	74	20180936	20184201
5	12	75	20184373	20224268
5	12	76	20224634	20264139
5	12	77	20264413	20268368
5	12	78	20268583	20270067
5	4	79	20270066	20307223
5	4	80	20307222	20382828
5	4	81	20382864	20392793
5	49	82	20392906	20392907
5	49	83	20392906	20411420
5	49	84	20413089	20427496
5	49	85	20427495	20459416
5	49	86	20459549	20461083
5	49	87	20461082	20492484
5	49	88	20492806	20510825
5	38	89	20510824	20510825
5	38	90	20510824	20516819
5	38	91	20516818	20543669
5	38	92	20543668	20545664
5	38	93	20545687	20606402
5	3	94	20606500	20627402
5	3	95	20627401	20691135
5	3	96	20691134	20723850
5	3	97	20724083	20724678
5	10	98	20724677	20732757
5	10	99	20732756	20758548
5	10	100	20758589	20789181
5	10	101	20789248	20790785
5	10	102	20790784	20859371
5	14	103	20859370	20859371
5	14	104	20859370	20890485
5	14	105	20890484	20890485
5	14	106	20890484	20917803
5	14	107	20921809	20964964
5	14	108	20965182	21007906
5	49	109	21007905	21007906
5	49	110	21007905	21009115
5	49	111	21009114	21023644
5	49	112	21023852	21039507
5	49	113	21039736	21064604
5	49	114	21064647	21075046
5	49	115	21075045	21105661
5	49	116	21106018	21121790
5	49	117	21121789	21121790
5	49	118	21121789	21153351
5	49	119	21153350	21167211
5	49	120	21167385	21186210
5	49	121	21186508	21195671
5	49	122	21195670	21221891
5	49	123	21222070	21223340
5	49	124	21223339	21236426
5	5	125	21236425	21242522
5	5	126	21242521	21267488
5	5	127	21267532	21297929
5	5	128	21298111	21311539
5	5	129	21315644	21333501
5	5	130	21334554	21364836
5	39	131	21364835	21412263
5	39	132	21412418	21429597
5	39	133	21429596	21431478
5	39	134	21431739	21464278
5	39	135	21464412	21495649
5	48	141	21627650	21644913
5	48	142	21644912	21659925
5	48	143	21660047	21681876
5	48	144	21682054	21712165
5	48	145	21712427	21722226
5	48	146	21722225	21730752
5	48	147	21730751	21752880
5	48	148	21753112	21765158
5	48	149	21765250	21785303
5	48	150	21785356	21796574
5	48	151	21796573	21821387
5	4	152	21821441	21836313
5	4	153	21836312	21866478
5	4	154	21866477	21876105
5	4	155	21876104	21902964
5	4	156	21903149	21905532
5	4	157	21905531	21917178
5	41	185	22243835	22247298
5	41	186	22247297	22276674
5	41	187	22276673	22276674
5	41	188	22276673	22306062
5	41	189	22306061	22324604
5	41	190	22324603	22336466
5	24	191	22336549	22372359
5	24	192	22372358	22382067
5	24	193	22382066	22391430
5	24	194	22391429	22400817
5	24	195	22400816	22439230
5	24	196	22439229	22439230
5	24	197	22439229	22439230
5	24	198	22439229	22439230
5	24	199	22439229	22439230
5	24	200	22439229	22439230
5	24	201	22439229	22439230
5	22	202	22439229	22439245
5	22	203	22439309	22469592
5	22	204	22469591	22490379
5	22	205	22490548	22509782
5	22	206	22509781	22535275
5	35	214	22617777	22619146
5	35	215	22619145	22639488
5	35	216	22639810	22639811
5	19	217	22639810	22659830
5	19	218	22662661	22687025
5	19	219	22687363	22708487
5	19	220	22708556	22712352
5	19	221	22713053	22726455
5	40	235	22898744	22898745
5	40	236	22898744	22920236
5	40	237	22920244	22949451
5	40	238	22949536	22990103
6	45	1	23287423	23305250
6	45	2	23305435	23322362
6	45	3	23322765	23324425
6	45	4	23324616	23337058
6	45	5	23337260	23354994
6	50	6	23355258	23372953
6	50	7	23372952	23389600
6	50	8	23389656	23421181
6	50	9	23421207	23427169
6	50	10	23427168	23485193
6	45	11	23485192	23516978
6	45	12	23517232	23549552
6	45	13	23549551	23550764
6	45	14	23550763	23583176
6	45	15	23583175	23587649
6	45	16	23590879	23593735
6	45	17	23594512	23595941
6	51	18	23595940	23628806
6	51	19	23628805	23662604
6	51	20	23663002	23664950
6	51	21	23664949	23698091
6	51	22	23698305	23723905
6	51	23	23724083	23734506
6	29	24	23734505	23734506
6	29	25	23734505	23758074
6	29	26	23758634	23827521
6	29	27	23827520	23884750
6	31	28	23884977	23952063
6	31	29	23952062	23953089
6	31	30	23953340	23962050
6	31	31	23962049	24002601
6	31	32	24002744	24019545
6	35	33	24019607	24019668
6	35	34	24020859	24056308
6	35	35	24056444	24089170
6	35	36	24089338	24090632
6	35	37	24090631	24139067
6	35	38	24139066	24206981
6	35	39	24207110	24208263
6	35	40	24208262	24209058
6	35	41	24209057	24259138
6	3	42	24259137	24289117
6	3	43	24289116	24329013
6	3	44	24329270	24344220
6	3	45	24344261	24354129
6	3	46	24354790	24363902
6	29	47	24364033	24394202
6	29	48	24394944	24401455
6	29	49	24401454	24425527
6	29	50	24425526	24429148
6	29	51	24429147	24446512
6	29	52	24448002	24452374
6	29	53	24452625	24460257
6	31	54	24460256	24517581
6	31	55	24517580	24568974
6	31	56	24569068	24570959
6	31	57	24570958	24589589
6	31	58	24589588	24639290
6	49	59	24639468	24694942
6	49	60	24694941	24770812
6	49	61	24770935	24815219
6	49	62	24815218	24818403
6	31	63	24818402	24875190
6	31	64	24875422	24935429
6	31	65	24935596	25005863
6	31	66	25005862	25015673
6	35	67	25015672	25121711
6	35	68	25121710	25200245
6	51	69	25200329	25265826
6	51	70	25266098	25267869
6	51	71	25267868	25269279
6	51	72	25269278	25328370
6	51	73	25328838	25380523
6	51	74	25380642	25418569
6	51	75	25418568	25419634
6	51	76	25419633	25420597
6	51	77	25420684	25455974
6	51	78	25455973	25455974
6	51	79	25455973	25489923
6	51	80	25489922	25560123
6	8	81	25560384	25593414
6	8	82	25593676	25627455
6	8	83	25627708	25660322
6	8	84	25660389	25696360
6	8	85	25696359	25696360
6	8	86	25696359	25697995
6	11	87	25697994	25705318
6	11	88	25705317	25732855
6	11	89	25732854	25765762
6	11	90	25769694	25777045
6	23	91	25777515	25806712
6	23	92	25806711	25831390
6	23	93	25831527	25879324
6	29	94	25879351	25879352
6	29	95	25879351	25918583
6	29	96	25918582	25943411
6	29	97	25943628	25954461
6	29	98	25954460	25963280
6	29	99	25963279	25987613
6	29	100	25987612	25989050
6	38	101	25989393	26058248
6	38	102	26058247	26059601
6	38	103	26059600	26091404
6	38	104	26091445	26122784
6	38	105	26122783	26154848
6	38	106	26154847	26217503
6	38	107	26217799	26248967
6	38	108	26249290	26250587
6	38	109	26253631	26255546
6	38	110	26255671	26256605
6	38	111	26256667	26256668
6	30	112	26256667	26322221
6	30	113	26322220	26364779
6	30	114	26364778	26396854
6	30	115	26397084	26401605
6	3	116	26401983	26401984
6	3	117	26401983	26435470
6	3	118	26435469	26465920
6	3	119	26465988	26490082
6	3	120	26490293	26490294
6	3	121	26490319	26504735
6	3	122	26504839	26545649
6	11	123	26545648	26545649
6	11	124	26545648	26574090
6	11	125	26574284	26574285
6	11	126	26574284	26596017
6	11	127	26596016	26606445
6	11	128	26606618	26609691
6	11	129	26609815	26629386
6	11	130	26629512	26629513
6	11	131	26629512	26630476
6	52	132	26630556	26644636
6	52	133	26644635	26664493
6	52	134	26664492	26682831
6	52	135	26682890	26698655
6	52	136	26698654	26714171
6	52	137	26716576	26724449
6	24	138	26725298	26740104
6	24	139	26740103	26769528
6	24	140	26769707	26779678
6	24	141	26779938	26806702
6	24	142	26806845	26809237
6	24	143	26809236	26821054
6	18	144	26821564	26821565
6	18	145	26821564	26859014
6	18	146	26859323	26869842
6	18	147	26869976	26891516
6	18	148	26891742	26902162
6	18	149	26902870	26918666
6	18	150	26918665	26920637
6	23	151	26920636	26933852
6	23	152	26933851	26944052
6	23	153	26944051	26953907
6	23	154	26953906	26953907
6	23	155	26953906	26973633
6	23	156	26973632	26983284
6	23	157	26983283	26991360
6	23	158	26991359	26998860
6	23	159	26998859	26998884
6	23	160	26999097	27001378
6	11	161	27001512	27028906
6	11	162	27029134	27039071
6	11	163	27039070	27059525
6	11	164	27059524	27079872
6	11	165	27080102	27105573
6	12	166	27105572	27105573
6	12	167	27105572	27120216
6	12	168	27120215	27129969
6	12	169	27129968	27140634
6	12	170	27140633	27150705
6	12	171	27150704	27178200
6	12	172	27178199	27179970
6	12	173	27179969	27188754
6	40	174	27188753	27219462
6	40	175	27219461	27229866
6	40	176	27229865	27238965
6	40	177	27239330	27248736
6	40	178	27248821	27268004
6	40	179	27268003	27280541
6	32	180	27280540	27291791
6	32	181	27291790	27301475
6	32	182	27301474	27311249
6	32	183	27311248	27320753
6	32	184	27320752	27330287
6	32	185	27330286	27340286
6	32	186	27340285	27364313
6	32	187	27367363	27370811
6	53	188	27371050	27380639
6	53	189	27380871	27418635
6	53	190	27418634	27428190
6	53	191	27428368	27441056
6	53	192	27441445	27442913
6	53	193	27443005	27465875
6	42	194	27465874	27489182
6	42	195	27489226	27509299
6	42	196	27509337	27511744
6	42	197	27511743	27534226
6	42	198	27534570	27556072
6	42	199	27556071	27556072
6	42	200	27556071	27557158
6	12	206	27660460	27668438
6	12	207	27668628	27683308
6	12	208	27683670	27691744
6	12	209	27691859	27706635
6	12	210	27707210	27714605
6	12	211	27714758	27734685
6	12	212	27735023	27736479
6	12	213	27736681	27752684
6	12	214	27753055	27755153
6	52	215	27755639	27779391
6	52	216	27780007	27803535
6	52	217	27803741	27811941
6	52	218	27812101	27847655
6	52	219	27848574	27849963
6	12	220	27850202	27858507
6	12	221	27858742	27872972
6	12	222	27872971	27894485
6	12	223	27894782	27903069
6	12	224	27903395	27927009
6	12	225	27927136	27927473
6	12	226	27927652	27929105
6	12	227	27929104	27930767
6	37	228	27931162	27952778
6	37	229	27952777	27953957
6	37	230	27953956	27976001
6	37	231	27976000	27978170
6	37	232	27978534	28002247
6	37	233	28002246	28006429
6	37	234	28006632	28007477
6	37	235	28010401	28010720
6	37	236	28013457	28034953
6	16	237	28035028	28073287
6	16	238	28073289	28096240
6	16	239	28096278	28111738
6	30	240	28111751	28149288
6	30	241	28149287	28185051
6	30	242	28185050	28186557
6	30	243	28186556	28193574
6	30	244	28193906	28223826
6	30	245	28224215	28230387
6	54	246	28230386	28275643
6	54	247	28275891	28316812
6	54	248	28316811	28336972
6	54	249	28339398	28357393
6	29	250	28357392	28371640
6	29	251	28371931	28393580
6	29	252	28393732	28429670
6	29	253	28430325	28442995
6	29	254	28448266	28475264
6	29	255	28475263	28476317
6	3	256	28476316	28512944
6	3	257	28512943	28523324
6	3	258	28523323	28548884
6	3	259	28549211	28550922
6	3	260	28550921	28590103
6	55	261	28590102	28624591
6	55	262	28624623	28661286
6	55	263	28661426	28667748
6	55	264	28668258	28683901
6	55	265	28684106	28703775
6	55	266	28703774	28706226
6	19	272	28819217	28834773
6	19	273	28834772	28897131
6	19	274	28897130	28932843
6	23	279	29062878	29133265
6	23	280	29133399	29133856
6	23	281	29134269	29172667
6	23	282	29173638	29173651
6	19	283	29173650	29173651
6	19	284	29173650	29181013
6	19	285	29182251	29205775
6	19	286	29205774	29211523
6	19	287	29211546	29248612
6	19	288	29248638	29253973
6	19	289	29253972	29261800
7	23	1	29261940	29265286
7	23	2	29265459	29295562
7	23	3	29295561	29314009
7	23	4	29314008	29315371
7	23	5	29315370	29317060
7	23	6	29317206	29343848
7	23	7	29343847	29356769
7	36	8	29357240	29375484
7	36	9	29375629	29424108
7	36	10	29424143	29430477
7	36	11	29430476	29488461
7	51	12	29488460	29521383
7	51	13	29521784	29555502
7	51	14	29555816	29587954
7	51	15	29587953	29588632
7	51	16	29588631	29620702
7	13	17	29621089	29621090
7	13	18	29621089	29654669
7	13	19	29654782	29654783
7	13	20	29654782	29668268
7	13	21	29668380	29686783
7	13	22	29688218	29695821
7	13	23	29695820	29722959
7	52	24	29723860	29755346
7	52	25	29755514	29789535
7	52	26	29789690	29790930
7	52	27	29791201	29796134
7	52	28	29796133	29826056
7	23	29	29826055	29833439
7	23	30	29833438	29886603
7	23	31	29886982	29909504
7	23	32	29909503	29941415
7	23	33	29941414	29959021
7	23	34	29962500	29967094
7	26	35	29967189	29998459
7	26	36	29998542	30005626
7	26	37	30005625	30030379
7	26	38	30030452	30053892
7	26	39	30054288	30062566
7	50	40	30062601	30070162
7	50	41	30070161	30127425
7	50	42	30127472	30161393
7	49	43	30161404	30168893
7	49	44	30168892	30193805
7	49	45	30194156	30236985
7	49	46	30237209	30258543
7	49	47	30258703	30259619
7	49	48	30259618	30261065
7	24	55	30327457	30449087
7	24	56	30449086	30450380
7	24	57	30450583	30494207
7	24	58	30494206	30515798
7	8	59	30515797	30552518
7	8	60	30552550	30579674
7	8	61	30579729	30618811
7	20	75	31043300	31043301
7	20	76	31043300	31077631
7	20	77	31077775	31078808
7	20	78	31078807	31111741
7	20	79	31111740	31180510
7	8	80	31180883	31180884
7	8	81	31180883	31243245
7	8	82	31243473	31273096
7	8	83	31273095	31279057
7	8	84	31279287	31305397
7	40	85	31305685	31312601
7	40	86	31312600	31341449
7	40	87	31341618	31381025
7	40	88	31381024	31414357
7	40	89	31414356	31433773
7	40	90	31433772	31435507
7	8	99	31712436	31712437
7	8	100	31712436	31785212
7	8	101	31785211	31826425
7	8	102	31826424	31844026
7	8	103	31844271	31854991
7	19	132	32429949	32464953
7	19	133	32465291	32485290
7	19	134	32485554	32532968
7	28	135	32532967	32559995
7	28	136	32559994	32570120
7	28	137	32570119	32579942
7	28	138	32580154	32602733
7	56	153	32779011	32798305
7	56	154	32798304	32818889
7	56	155	32819032	32828843
7	56	156	32828842	32839019
7	56	157	32839232	32849055
7	56	158	32849054	32871684
7	52	159	32871683	32910105
7	52	160	32910104	32938788
7	52	161	32938787	32947968
7	52	162	32947967	32981235
7	0	164	33013568	33020388
7	0	165	33020387	33049041
7	0	166	33049266	33061066
7	0	167	33061291	33086729
7	0	168	33086728	33126203
7	8	169	33126376	33133739
7	8	170	33133920	33157969
7	8	171	33157968	33163592
7	8	172	33163619	33200772
7	8	173	33200972	33206859
8	28	1	33206858	33207104
8	28	2	33207103	33222968
8	28	3	33222994	33239057
8	28	4	33239218	33239219
8	28	5	33239218	33245285
8	28	6	33245284	33255125
8	28	7	33255148	33256523
8	28	8	33256522	33274796
8	28	9	33274804	33291149
8	31	10	33291333	33323944
8	31	11	33323943	33340438
8	31	12	33340572	33365977
8	31	13	33365976	33391927
8	31	14	33391926	33423061
8	31	15	33423116	33425880
8	27	16	33425879	33493332
8	27	17	33493331	33493332
8	27	18	33493331	33516810
8	27	19	33516809	33523294
8	27	20	33523293	33562135
8	46	21	33562134	33592918
8	46	22	33592982	33623766
8	46	23	33623810	33655719
8	46	24	33655774	33657023
8	46	25	33657022	33690388
8	47	26	33690387	33721795
8	47	27	33721846	33754901
8	47	28	33754900	33787448
8	47	29	33787561	33822500
8	27	30	33822627	33862387
8	27	31	33862487	33899643
8	27	32	33899642	33947404
8	27	33	33947846	33957174
8	3	34	33957705	33993625
8	3	35	33993781	34024229
8	3	36	34024297	34035226
8	3	37	34035285	34066555
8	4	38	34066554	34098427
8	4	39	34098642	34130185
8	4	40	34130373	34131586
8	4	41	34131794	34167899
8	13	42	34168167	34169242
8	13	43	34169460	34198752
8	13	44	34198776	34228606
8	13	45	34228703	34230021
8	13	46	34230020	34261888
8	13	47	34261991	34277910
8	39	48	34278266	34307214
8	39	49	34307494	34337670
8	39	50	34337893	34339694
8	39	51	34339693	34341155
8	39	52	34341225	34375276
8	39	53	34375275	34377094
8	49	54	34377363	34410259
8	49	55	34410470	34449858
8	49	56	34449947	34522878
8	49	57	34522971	34543825
8	49	58	34543824	34545235
8	3	59	34545234	34580773
8	3	60	34580951	34647984
8	3	61	34648040	34650063
8	3	62	34650194	34742030
8	12	63	34742029	34742030
8	12	64	34742029	34783916
8	12	65	34783915	34785638
8	12	66	34785637	34870086
8	12	67	34870501	34888475
8	12	68	34888474	34893607
8	12	69	34893606	34894663
8	29	70	34894662	34894663
8	29	71	34894662	34909624
8	29	72	34909788	34909789
8	29	73	34909871	34918172
8	29	74	34918171	34921829
8	29	75	34922058	34930555
8	29	76	34932441	34956055
8	29	77	34957786	34997270
8	6	78	34997575	35001862
8	6	79	35004927	35008081
8	6	80	35008261	35024834
8	6	81	35025066	35034462
8	6	82	35034752	35130366
8	12	83	35130794	35136282
8	12	84	35136281	35162835
8	12	85	35162903	35176923
8	12	86	35176956	35209313
8	12	87	35209368	35209561
8	12	88	35209789	35229812
8	12	89	35229811	35229941
8	12	90	35229940	35232050
8	31	91	35232099	35279979
8	31	92	35280158	35298408
8	31	93	35298407	35331030
8	31	94	35331404	35337099
8	31	95	35337098	35376610
8	19	96	35376820	35376821
8	19	97	35376820	35384177
8	19	98	35384458	35409248
8	19	99	35409319	35415518
8	19	100	35415565	35417576
8	19	101	35417575	35490197
8	2	102	35490196	35490197
8	2	103	35490196	35522316
8	2	104	35522391	35522647
8	2	105	35522880	35593432
8	2	106	35593491	35622589
8	2	107	35622588	35630341
8	57	108	35630340	35662933
8	57	109	35663733	35706604
8	57	110	35706603	35765394
8	57	111	35765393	35766864
8	31	112	35766863	35801226
8	31	113	35801225	35816640
8	31	114	35816751	35835217
8	31	115	35835216	35843563
8	31	116	35843562	35870398
8	31	117	35870857	35874583
8	31	118	35874657	35889780
8	8	119	35890002	35921281
8	8	120	35921280	35937142
8	8	121	35937240	35954080
8	8	122	35954360	35990532
8	8	123	35990648	35990649
8	8	124	35990648	36008562
8	8	125	36008561	36009567
8	8	126	36009566	36009567
8	8	127	36009566	36009567
8	8	128	36009566	36010419
8	28	129	36010418	36057345
8	28	130	36057395	36074886
8	28	131	36074885	36077058
8	28	132	36077213	36110163
8	28	133	36110246	36142662
8	46	134	36142661	36175008
8	46	135	36175007	36205458
8	46	136	36205457	36236871
8	46	137	36237010	36252112
8	46	138	36252279	36253705
8	46	139	36257076	36261491
8	19	140	36261592	36290336
8	19	141	36291775	36296441
8	19	142	36296440	36316421
8	19	143	36316477	36327185
8	19	144	36327184	36337052
8	19	145	36337126	36347792
8	19	146	36347830	36361094
8	19	147	36361395	36361552
8	19	148	36361905	36364066
8	5	149	36364065	36377701
8	5	150	36377700	36386845
8	5	151	36386844	36395842
8	5	152	36395939	36404757
8	5	153	36404756	36414114
8	5	154	36414169	36418523
8	5	155	36418522	36424499
8	5	156	36424498	36429440
8	5	157	36429439	36450659
8	8	158	36450658	36450659
8	8	159	36450658	36450659
8	8	160	36450658	36470762
8	8	161	36470948	36482550
8	8	162	36482717	36493068
8	8	163	36493067	36503642
8	8	164	36504912	36505885
8	8	165	36508476	36530207
8	45	166	36530206	36530207
8	45	167	36530206	36544590
8	45	168	36547550	36558090
8	45	169	36558089	36587577
8	45	170	36587576	36611469
8	45	171	36611629	36623975
8	5	172	36623974	36636125
8	5	173	36636124	36645518
8	5	174	36645517	36655250
8	5	175	36655249	36664211
8	5	176	36664210	36674111
8	5	177	36674110	36683618
8	5	178	36683725	36693767
8	5	179	36693939	36695518
8	5	180	36695517	36705295
8	20	181	36705307	36718268
8	20	182	36718267	36728381
8	20	183	36728380	36738461
8	20	184	36738460	36758738
8	20	185	36758737	36778313
8	20	186	36778312	36803915
8	20	187	36803914	36809021
8	20	188	36809020	36814145
8	20	189	36814144	36814397
8	20	190	36814396	36816107
8	20	191	36822958	36822962
8	53	192	36841505	36841506
8	53	193	36841505	36841506
8	53	194	36841505	36856440
8	53	195	36856439	36866610
8	53	196	36866962	36888659
8	53	197	36888658	36890828
8	53	198	36891077	36899076
8	53	199	36899337	36909361
8	53	200	36909360	36932104
8	39	201	36932545	36962904
8	39	202	36962942	36974289
8	39	203	36974288	36983379
8	39	204	36983378	36992781
8	39	205	36992780	37002480
8	39	206	37002479	37011477
8	39	207	37011476	37024271
8	15	208	37024270	37035839
8	15	209	37035838	37045481
8	15	210	37045480	37055072
8	15	211	37055071	37064546
8	15	212	37064545	37073990
8	15	213	37073989	37098050
8	3	214	37098049	37120697
8	3	215	37120696	37128785
8	3	216	37128910	37144340
8	3	217	37144617	37150804
8	3	218	37150972	37151543
8	3	219	37151542	37156149
8	3	220	37158902	37159182
8	3	221	37159408	37161626
8	27	222	37161625	37185107
8	27	223	37185106	37208240
8	27	224	37208239	37232927
8	27	225	37233201	37237201
8	27	226	37237413	37264573
8	58	227	37264572	37287547
8	58	228	37287546	37308775
8	58	229	37309038	37309936
8	58	230	37310145	37332775
8	58	231	37333065	37342369
8	58	232	37342711	37356542
8	13	236	37439975	37476786
8	13	237	37476879	37488699
8	13	238	37489016	37512672
8	13	239	37512735	37534394
8	13	240	37534548	37536036
8	19	241	37536035	37538349
8	19	242	37539483	37569454
8	19	243	37569453	37597954
8	19	244	37597953	37620936
8	19	245	37620935	37635543
8	19	246	37638407	37650799
8	45	247	37650798	37677841
8	45	248	37677840	37695760
8	45	249	37696044	37722229
8	45	250	37722521	37724538
8	45	251	37724686	37749970
8	59	252	37749969	37788670
8	59	253	37788804	37793032
8	59	254	37793386	37814636
8	59	255	37814714	37817790
8	59	256	37818305	37840788
8	59	257	37841035	37842278
8	58	258	37842277	37879520
8	58	259	37879519	37891031
8	58	260	37891030	37920725
8	58	261	37920734	37960983
8	29	262	37960982	37999304
8	29	263	37999595	38001648
8	29	264	38002022	38079138
8	29	265	38079373	38083028
8	29	266	38083227	38084608
8	29	267	38084802	38086546
8	8	268	38086695	38092963
8	8	269	38093292	38093293
8	8	270	38093292	38168212
8	8	271	38168521	38192202
8	8	272	38192363	38200917
8	5	273	38200999	38207924
8	5	274	38207923	38236268
8	5	275	38236297	38241083
8	5	276	38241082	38241200
8	5	277	38241199	38241200
8	5	278	38241199	38274956
8	5	279	38275390	38282822
8	5	280	38282889	38313778
8	2	281	38313777	38362342
8	2	282	38362341	38388427
8	2	283	38388591	38389693
8	2	284	38389692	38444437
8	40	290	38560761	38560762
8	40	291	38560761	38596483
8	40	292	38596514	38632671
9	14	1	38632670	38632977
9	14	2	38632976	38657217
9	14	3	38657216	38668065
9	14	4	38668064	38669565
9	14	5	38669564	38669619
9	14	6	38669618	38669664
9	14	7	38669663	38686926
9	14	8	38686925	38690907
9	14	9	38694092	38726672
9	14	10	38726671	38727662
9	60	11	38728093	38754371
9	60	12	38754490	38761721
9	60	13	38761720	38820640
9	60	14	38820879	38823061
9	60	15	38823060	38854597
9	60	16	38854596	38860621
9	60	17	38860620	38886344
9	60	18	38886516	38918529
9	60	19	38918528	38949382
9	60	20	38949553	38974909
9	60	21	38975243	38985288
9	60	22	38985287	39042532
9	60	23	39042531	39113590
9	60	24	39113635	39177976
9	60	25	39178038	39212404
9	60	26	39212551	39213518
9	60	27	39213517	39250791
9	50	28	39250790	39284805
9	50	29	39284828	39317629
9	50	30	39317628	39350314
9	50	31	39350397	39382921
9	52	32	39382920	39394042
9	52	33	39394041	39417352
9	52	34	39417418	39451208
9	52	35	39451207	39464687
9	52	36	39464686	39485966
9	60	37	39485965	39551379
9	60	38	39551517	39552712
9	60	39	39552951	39587737
9	37	40	39587736	39587737
9	37	41	39587736	39619918
9	37	42	39620193	39652441
9	37	43	39652440	39654115
9	37	44	39654441	39695176
9	37	45	39698769	39703735
9	26	46	39703734	39703735
9	26	47	39703734	39711211
9	26	48	39711210	39736477
9	26	49	39736556	39767113
9	26	50	39767154	39801556
9	11	51	39801600	39801628
9	11	52	39804561	39844779
9	11	53	39844778	39952250
9	52	54	39952249	39952250
9	52	55	39952249	39994394
9	52	56	39994393	40025840
9	52	57	40026623	40070946
9	52	58	40071108	40081783
9	52	59	40081782	40085737
9	49	60	40086079	40086080
9	49	61	40086079	40188972
9	49	62	40189159	40190402
9	49	63	40190401	40240541
9	49	64	40240540	40262561
9	10	65	40262772	40262773
9	10	66	40262772	40359958
9	10	67	40359957	40423792
9	52	68	40423791	40487191
9	52	69	40487190	40545184
9	52	70	40545362	40607280
9	52	71	40607508	40615819
9	52	72	40616048	40619449
9	19	73	40619448	40619449
9	19	74	40619448	40652557
9	19	75	40652703	40685041
9	19	76	40685184	40718371
9	19	77	40718370	40754291
9	14	78	40754290	40754291
9	14	79	40754290	40776797
9	14	80	40777245	40849336
9	14	81	40849634	40856730
9	14	82	40856916	40883854
9	11	83	40883853	40892338
9	11	84	40892337	40921968
9	11	85	40922246	40961592
9	11	86	40961591	40995472
9	11	87	40995471	41015340
9	11	88	41015589	41016691
9	49	89	41016690	41050522
9	49	90	41050724	41066295
9	49	91	41066331	41076664
9	49	92	41076663	41083843
9	49	93	41092004	41093781
9	49	94	41093780	41118309
9	49	95	41118461	41127153
9	52	96	41127152	41156592
9	52	97	41156591	41189002
9	52	98	41189400	41220505
9	52	99	41220725	41222101
9	52	100	41222270	41223723
9	52	101	41224001	41261868
9	11	102	41261867	41261868
9	11	103	41261867	41294601
9	11	104	41294890	41326130
9	11	105	41327909	41333679
9	11	106	41333678	41366418
9	11	107	41366417	41392509
9	11	108	41392508	41393934
9	55	109	41394558	41427247
9	55	110	41427246	41459596
9	55	111	41459712	41488252
9	55	112	41488317	41527300
9	61	113	41527299	41527300
9	61	114	41527299	41558554
9	61	115	41558696	41574174
9	61	116	41574212	41589117
9	61	117	41589116	41621934
9	61	118	41622029	41643177
9	61	119	41643176	41655777
9	61	120	41655776	41656896
9	2	121	41657103	41666089
9	2	122	41666088	41679766
9	2	123	41679765	41708293
9	14	124	41708946	41708947
9	14	125	41708946	41714950
9	14	126	41715084	41739658
9	14	127	41739858	41809375
9	12	128	41809953	41809954
9	12	129	41809953	41823250
9	12	130	41823249	41832472
9	12	131	41832471	41841619
9	12	132	41841618	41850679
9	12	133	41850678	41860111
9	12	134	41860110	41864917
9	12	135	41864916	41871202
9	12	136	41871502	41876396
9	12	137	41876395	41898818
9	61	138	41898817	41913944
9	61	139	41913943	41923478
9	61	140	41923477	41933072
9	61	141	41933071	41942837
9	61	142	41942836	41960825
9	61	143	41960824	41970716
9	61	144	41970715	41980250
9	61	145	41980249	41993297
9	53	146	41993538	41993539
9	53	147	41993538	41993539
9	53	148	41993538	42029094
9	53	149	42029322	42030871
9	53	150	42030870	42051136
9	53	151	42051135	42095101
9	46	152	42095100	42107473
9	46	153	42107472	42145384
9	46	154	42145383	42155194
9	46	155	42155193	42165052
9	0	156	42165051	42175240
9	0	157	42175239	42187027
9	18	158	42187026	42187027
9	18	159	42187026	42223615
9	18	160	42223614	42243217
9	18	161	42243216	42253492
9	18	162	42253491	42253492
9	18	163	42253491	42262954
9	18	164	42262953	42283234
9	18	165	42283233	42284563
9	62	166	42285164	42316765
9	62	167	42317004	42327295
9	62	168	42327294	42337588
9	62	169	42337674	42348055
9	62	170	42348054	42358609
9	62	171	42358608	42359704
9	62	172	42360033	42360067
9	62	173	42360066	42372463
9	45	174	42373361	42373362
9	45	175	42373361	42386010
9	45	176	42386009	42428679
9	45	177	42428678	42440700
9	30	178	42440699	42465582
9	30	179	42465927	42489502
9	30	180	42489612	42515296
9	30	181	42515295	42535459
9	30	182	42536592	42536632
9	30	183	42537204	42557658
9	29	184	42557657	42557658
9	29	185	42557657	42582324
9	29	186	42582617	42607491
9	29	187	42607490	42612111
9	29	188	42612872	42633462
9	29	189	42633518	42648558
9	29	190	42648832	42654881
9	48	191	42655376	42681117
9	48	192	42681444	42704374
9	48	193	42704373	42705559
9	48	194	42705558	42729748
9	48	195	42729971	42739176
9	48	196	42739514	42754578
9	14	197	42754988	42759897
9	14	198	42760121	42784884
9	14	199	42784883	42834936
9	14	200	42835068	42852592
9	14	201	42852806	42854202
9	14	202	42854201	42854202
9	14	203	42854201	42870279
9	14	204	42870278	42879258
9	14	205	42879548	42921474
9	14	206	42921473	42945048
9	14	207	42945047	42949818
9	14	208	42953240	42965940
9	55	209	42965939	42990153
9	55	210	42990308	43014624
9	55	211	43014755	43040220
9	55	212	43040219	43066874
9	55	213	43066873	43090436
9	55	214	43090522	43114268
9	55	215	43114400	43141330
9	55	216	43141446	43144303
9	55	217	43144865	43170420
9	2	218	43170894	43193800
9	2	219	43193965	43199060
9	2	220	43199499	43232531
9	2	221	43232761	43279635
9	55	222	43279856	43279857
9	55	223	43279856	43317519
9	55	224	43317518	43352028
9	55	225	43352207	43353585
9	55	226	43353584	43361626
9	55	227	43361625	43392049
9	63	228	43392240	43392241
9	63	229	43392240	43393825
9	63	230	43393824	43393825
9	63	231	43393824	43431217
9	63	232	43431216	43471345
9	63	233	43471420	43491434
9	63	234	43492396	43511198
9	24	235	43511197	43525723
9	24	236	43525947	43585108
9	24	237	43585107	43596695
9	24	238	43596858	43611799
9	24	239	43611944	43627677
9	8	240	43627676	43665336
9	8	241	43668386	43678143
9	8	242	43678142	43703937
9	8	243	43706327	43707807
9	8	244	43707806	43745316
9	11	245	43746786	43784059
9	11	246	43784058	43788874
9	11	247	43788873	43827046
9	11	248	43827045	43857640
9	2	256	43969819	44005001
9	2	257	44005318	44010338
9	2	258	44010459	44010742
9	2	259	44011130	44014803
9	2	260	44014802	44049827
9	2	261	44049826	44087702
9	14	262	44088196	44088197
9	14	263	44088196	44092931
9	14	264	44092930	44123555
9	14	265	44128271	44131632
9	14	266	44132058	44163931
9	14	267	44164490	44194557
9	14	268	44194556	44197194
9	14	269	44200892	44204154
9	8	270	44204153	44274248
9	8	271	44274247	44317337
9	11	272	44317935	44323417
9	11	273	44323416	44354095
9	11	274	44354094	44389357
9	11	275	44389536	44394697
9	11	276	44394696	44402344
