0	0	1	-1	1680
0	0	2	1679	2409
0	0	3	2408	2523
0	0	4	2522	3135
0	0	5	3134	3135
0	0	6	3134	3141
0	0	7	3140	3999
0	1	8	3998	4854
0	1	9	4853	5148
0	1	10	5147	6108
0	1	11	6107	7320
0	1	12	7319	7464
0	1	13	7463	8709
0	0	14	8708	9801
0	0	15	9803	11058
0	0	16	11057	12156
0	0	17	12158	12330
0	0	18	12329	12438
0	0	19	12437	13638
0	2	20	13637	13638
0	2	21	13640	14787
0	2	22	14786	15858
0	2	23	15860	15897
0	2	24	15896	16485
0	2	25	16484	17415
0	2	26	17414	18651
0	3	27	18653	19722
0	3	28	19721	21123
0	3	29	21122	21747
0	3	30	21749	23112
0	4	31	23111	23115
0	4	32	23114	24129
0	4	33	24128	25314
0	4	34	25313	26580
0	4	35	26579	26694
0	4	36	26693	27801
0	5	37	27800	30063
0	5	38	30062	31818
0	5	39	31817	31884
0	5	40	31883	33123
0	5	41	33122	33702
0	5	42	33701	34335
0	6	43	34334	34342
0	6	44	34347	36067
0	6	45	36069	37885
0	6	46	37884	38029
0	6	47	38028	40282
0	7	48	40281	42286
0	7	49	42288	43396
0	7	50	43422	44263
0	7	51	44262	45376
0	7	52	45375	46033
0	7	53	46032	46360
0	8	54	46359	46363
0	8	55	46365	48457
0	8	56	48459	50547
0	8	57	50547	52951
0	8	58	53076	53099
0	8	59	53098	53279
0	9	60	53278	53282
0	9	61	53284	54518
0	9	62	54517	54608
0	9	63	54607	57935
0	10	70	59005	65867
0	10	71	65866	65963
0	10	72	65962	70910
0	11	73	70912	70913
0	11	74	70912	74891
0	11	75	74890	82874
0	12	76	82873	85796
0	12	77	85798	94637
0	12	78	94636	94829
0	3	79	94828	95894
0	3	80	95893	96071
0	3	81	96070	97139
0	3	82	97138	98177
0	3	83	98176	99512
0	13	84	99511	99515
0	13	85	99517	100580
0	13	86	100579	101936
0	13	87	101935	103355
0	13	88	103354	104255
0	14	89	104254	104255
0	14	90	104257	105452
0	14	91	105451	105704
0	14	92	105703	106451
0	14	93	106450	108467
0	12	94	108466	108470
0	12	95	108472	108671
0	12	96	108670	109607
0	12	97	109606	110945
0	12	98	110944	112301
0	12	99	112300	112577
0	12	100	112576	112733
0	15	101	112732	113771
0	15	102	113773	114854
0	15	103	114856	115301
0	15	104	115300	115628
0	15	105	115627	116018
0	15	106	116020	116933
0	15	107	116932	117065
0	5	108	117064	117146
0	5	109	117145	117581
0	5	110	117580	118244
0	5	111	118243	118949
0	5	112	118948	119444
0	5	113	119443	120509
0	5	114	120508	120920
0	13	115	120919	122759
0	13	116	122758	123296
0	13	117	123295	125198
0	13	118	125197	125939
0	13	119	125938	126548
0	13	120	126583	126791
0	16	121	126790	127829
0	16	122	127828	128228
0	16	123	128227	128726
0	16	124	128725	129719
0	16	125	129718	130028
0	16	126	130027	130031
0	16	127	130030	130031
0	16	128	130030	130802
0	17	129	130801	130805
0	17	130	130807	131912
0	17	131	131911	132857
0	17	132	132856	133598
0	17	133	133597	133598
0	17	134	133597	134126
0	17	135	134125	135527
0	18	136	135526	137141
0	18	137	137140	137144
0	18	138	137146	138059
0	18	139	138185	138459
0	18	140	138458	138522
0	18	141	138521	139582
0	18	142	139581	139666
0	3	143	139665	140218
0	3	144	140217	140511
0	3	145	140726	141225
0	3	146	141224	142566
0	19	147	142565	142947
0	19	148	142946	143385
0	19	149	143384	143610
0	19	150	143609	143871
0	19	151	143894	144228
0	19	152	144280	144281
0	19	153	144283	145148
0	20	154	145147	145148
0	20	155	145150	146789
0	20	156	146788	147011
0	20	157	147010	147542
0	20	158	147541	147773
0	20	159	147772	148580
0	20	160	148718	148725
0	20	161	148724	148875
0	18	162	148874	149280
0	18	163	149281	149970
0	18	164	149969	150315
0	18	165	150314	150696
0	18	166	150695	151341
0	18	167	151340	151341
0	18	168	151340	151587
0	21	169	151589	151590
0	21	170	151589	151833
0	21	171	151832	152040
0	21	172	152039	152274
0	21	173	152273	152472
0	21	174	152471	152904
0	21	175	152906	154011
0	15	176	154010	154761
0	15	177	154760	154980
0	15	178	154982	155424
0	15	179	155423	155442
0	15	180	155441	155652
0	15	181	155651	155871
0	15	182	155870	155871
0	15	183	155873	156849
0	13	184	156848	157707
0	13	185	157706	158139
0	13	186	158152	158360
0	13	187	158362	158585
0	13	188	158587	158774
0	13	189	158773	159677
0	19	190	159676	159755
0	19	191	159754	160064
0	19	192	160063	160514
0	19	193	160522	160901
0	19	194	160900	160940
0	19	195	160939	162458
0	13	196	162457	163757
0	13	197	163756	165104
0	13	198	165103	166637
0	13	199	166636	168653
0	19	200	168652	169976
0	19	201	169975	171245
0	19	202	171244	171368
0	19	203	171370	174020
0	22	204	174019	175313
0	22	205	175312	176108
0	22	206	176107	176684
0	22	207	176683	176879
0	22	208	176878	178379
0	22	209	178378	179771
0	22	210	179770	179891
0	23	211	179892	181403
0	23	212	181402	182234
0	23	213	182233	182849
0	23	214	182848	183524
0	23	215	183523	183524
0	23	216	183523	185426
0	23	217	185425	185681
0	0	218	185680	185687
0	0	219	185686	188900
0	0	220	188899	189437
0	0	221	189436	191111
0	22	222	191110	191903
0	22	223	191902	192527
0	22	224	192526	193790
0	22	225	193789	194747
0	22	226	194746	194747
0	22	227	194746	195020
0	22	228	195019	195983
0	24	229	195982	197666
0	24	230	197665	198845
0	24	231	198844	200828
0	24	232	200827	201239
0	24	233	201238	203297
0	4	234	203296	204446
0	4	235	204445	205217
0	4	236	205216	205826
0	4	237	205825	206006
0	4	238	206005	207455
0	4	239	207454	208172
0	4	240	208171	208172
0	4	241	208171	208508
0	25	242	208507	210665
0	25	243	210664	213548
0	22	244	213547	215681
0	22	245	215680	215888
0	22	246	215887	218357
0	22	247	218356	218522
0	22	248	218521	218693
0	22	249	218692	218693
0	22	250	218692	220616
0	26	251	220615	220619
0	26	252	220621	222839
0	26	253	222838	223046
0	26	254	223045	224927
0	26	255	224926	225128
0	26	256	225127	227447
0	26	257	227446	228191
0	27	266	232531	232928
0	27	267	232927	234140
0	27	268	234139	234242
0	27	269	234241	234242
0	27	270	234241	234455
0	27	271	234454	234773
0	27	272	234772	238418
0	27	273	238417	240734
0	3	274	240733	242759
0	3	275	242761	242795
0	3	276	242794	243122
0	3	277	243121	245021
0	3	278	245020	247154
0	3	279	247153	247382
0	28	280	247381	247382
0	28	281	247384	249545
0	28	282	249544	249578
0	28	283	249577	251753
0	28	284	251752	254189
0	28	285	254188	254189
0	28	286	254188	254375
0	29	287	254377	254414
0	29	288	254413	256631
0	29	289	256630	258752
0	29	290	258751	258785
0	29	291	258787	259106
0	29	292	259105	259685
0	29	293	259708	261074
0	30	294	261073	261075
0	30	295	261076	263279
0	30	296	263278	263414
0	30	297	263413	265244
0	30	298	265246	265283
1	31	4	266362	267518
1	31	5	267517	267884
1	31	6	267883	268814
1	31	7	268813	269681
1	31	8	269680	269852
1	31	9	269851	271145
1	27	10	271144	272318
1	27	11	272320	273518
1	27	12	273517	273701
1	27	13	273700	276281
1	27	14	276280	276605
1	30	15	276604	276605
1	30	16	276607	277616
1	30	17	277618	278900
1	30	18	278899	278963
1	30	19	278962	279959
1	30	20	279958	280793
1	29	31	289735	291815
1	29	32	291814	292283
1	29	33	292282	292796
1	29	34	292795	293237
1	29	35	293236	294074
1	29	36	294073	294401
1	3	37	294400	294401
1	3	38	294403	296534
1	3	39	296533	298169
1	3	40	298168	298694
1	3	41	298693	299351
1	3	42	299350	301370
1	32	43	301369	303362
1	32	44	303361	304667
1	32	45	304666	305360
1	32	46	305359	307133
1	32	47	307235	307755
1	32	48	307754	307830
1	32	49	307829	307923
1	29	53	314321	314898
1	10	59	321800	322755
1	10	60	322766	324081
1	33	73	329627	342397
1	33	74	342396	346138
1	33	75	346137	350170
1	33	76	350169	350173
1	33	77	350175	351076
1	33	78	351078	352570
1	17	79	352569	353014
2	2	1	353013	353833
2	2	2	353832	354766
2	2	3	354765	355591
2	2	4	355593	356722
2	2	5	356724	357151
2	2	6	357153	358384
2	2	7	358386	359458
2	2	8	359460	359683
2	2	9	359682	359908
2	2	10	359907	360610
2	2	11	360609	361966
2	2	12	361968	362449
2	34	13	362448	363469
2	34	14	363468	363517
2	34	15	363519	364498
2	34	16	364500	364933
2	34	17	364932	365587
2	34	18	365589	366325
2	34	19	366324	366619
2	34	20	366618	367810
2	34	21	367809	368854
2	34	22	368856	369319
2	34	23	369318	369319
2	34	24	369318	370030
2	34	25	370032	371269
2	34	26	371268	372346
2	34	27	372345	373552
2	34	28	373554	373726
2	34	29	373725	374824
2	34	30	374823	375988
2	35	31	375987	376933
2	35	32	376932	379234
2	35	33	379233	379336
2	35	34	379335	379462
2	35	35	379461	380713
2	36	36	380712	382039
2	36	37	382085	382664
2	36	38	382663	384858
2	36	39	384857	384978
2	36	40	384977	386445
2	36	41	386444	387138
2	8	42	387137	387138
2	8	43	387140	389034
2	8	44	389033	390882
2	8	45	390884	393819
2	5	46	393818	394836
2	5	47	394835	395739
2	5	48	395738	399303
2	5	49	399302	399984
2	5	50	399983	400256
2	10	51	400257	402140
2	10	52	402139	402140
2	10	53	402142	404093
2	10	54	404095	406076
2	5	55	406075	406091
2	5	56	406090	406190
2	5	57	406189	406259
2	5	58	406258	406691
2	5	59	406690	406766
2	2	60	406765	407135
2	2	61	407134	407228
2	2	62	407227	407363
2	14	63	407362	407363
2	30	64	407365	407369
2	30	65	407371	408437
2	30	66	408436	409403
2	30	67	409402	410561
2	30	68	410560	411821
2	2	69	411820	412091
2	2	70	412090	412091
2	2	71	412090	414866
2	2	72	414865	422573
2	2	73	422572	424421
2	2	74	424420	425339
2	2	75	425338	426416
2	2	76	426415	427022
2	2	77	427021	427277
2	2	78	427276	427913
2	2	79	427912	428540
2	2	80	428539	428540
2	2	81	428539	428927
2	19	82	428926	429959
2	19	83	429958	430130
2	19	84	430129	431165
2	19	85	431164	432452
2	19	86	432451	433313
2	37	87	433312	434315
2	37	88	434317	434780
2	37	89	434779	435602
2	37	90	435601	436700
2	37	91	436699	437021
2	37	92	437023	438845
2	31	93	438847	439991
2	31	94	439990	440444
2	5	95	440443	441461
2	5	96	441460	442934
2	5	97	442933	442934
2	5	98	442933	443075
2	28	99	443074	444017
2	28	100	444016	445052
2	28	101	445051	446171
2	27	102	446173	446423
2	27	103	446422	447095
2	27	104	447094	449183
2	27	105	449182	449741
2	27	106	449740	451277
2	19	107	451279	453038
2	19	108	453037	453539
2	19	109	453538	454514
2	19	110	454513	454655
2	19	111	454654	455699
2	8	112	455698	456956
2	8	113	456955	457571
2	8	114	457573	459482
2	8	115	459481	460991
2	8	116	460990	461156
2	8	117	461155	462113
2	8	118	462112	462227
2	8	119	462229	462794
2	8	120	462860	463380
2	8	121	463388	463830
2	8	122	463832	464151
2	8	123	464153	465150
2	38	124	465152	466623
2	38	125	466622	467031
2	38	126	467030	467700
2	38	127	467699	468111
2	38	128	468110	468519
2	39	129	468518	469740
2	39	130	469739	470166
2	39	131	470225	470565
2	39	132	470564	470799
2	39	133	470798	471486
2	40	134	471485	471489
2	40	135	471491	472326
2	40	136	472386	472636
2	40	137	472681	472835
2	40	138	472837	473018
2	40	139	473017	473186
2	40	140	473185	473375
2	40	141	473374	474098
2	40	142	474097	474239
2	41	143	474238	474926
2	41	144	474925	475145
2	41	145	475214	475503
2	41	146	475502	475734
2	41	147	475733	475935
2	41	148	475978	476204
2	41	149	476203	476456
2	41	150	476455	476465
2	41	151	476464	477296
2	17	152	477295	477977
2	17	153	480016	480119
2	39	154	480173	481003
2	39	155	481080	481081
2	39	156	481083	482062
2	39	157	482061	482062
2	39	158	482064	482401
2	39	159	482400	482732
2	39	160	482731	483488
2	5	165	486613	486614
2	5	166	486616	487529
2	5	167	487528	487727
2	5	168	487726	487952
2	5	169	487951	488153
2	5	170	488152	488378
2	5	171	488377	488585
2	5	172	488584	489320
2	42	181	492451	493955
2	42	182	493957	494216
2	42	183	494215	495335
2	42	184	495334	497135
2	42	185	497134	498192
2	22	186	498191	499545
2	22	187	499544	501039
2	22	188	501038	501966
2	22	189	501965	503523
2	22	190	503522	504258
2	43	204	517406	519984
2	43	205	519983	520671
2	43	206	520670	523320
2	43	207	523329	523513
3	38	1	536114	536115
3	38	2	536116	536911
3	38	3	536910	537589
3	38	4	537590	538271
3	38	5	538272	538389
3	38	6	538388	538577
3	38	7	538576	538957
3	26	8	538958	539611
3	26	9	539612	539885
3	26	10	539884	540487
3	26	11	540486	541191
3	26	12	541192	541833
3	36	13	541832	541967
3	36	14	541966	542555
3	36	15	542556	543355
3	36	16	543354	544187
3	36	17	544186	544575
3	36	18	544574	544903
3	37	19	544902	545255
3	37	20	545254	545667
3	37	21	545668	546253
3	37	22	546252	546411
3	37	23	546410	547791
3	37	24	547790	548745
3	37	25	548744	549269
3	37	26	549310	550997
3	36	27	550996	551111
3	36	28	551110	551657
3	36	29	551656	552419
3	36	30	552418	553357
3	36	31	553356	553413
3	36	32	553412	554385
3	10	33	554384	554385
3	10	34	554387	556557
3	10	35	556556	556689
3	10	36	556688	558978
3	10	37	558977	558978
3	39	38	558977	561324
3	39	39	561323	563502
3	39	40	563501	563577
3	39	41	563576	565710
3	39	42	565709	565800
3	44	43	565799	572451
3	44	44	572498	572643
3	36	45	572642	573693
3	36	46	573692	574671
3	36	47	574670	576945
3	36	48	576981	579608
3	45	49	579610	582044
3	45	50	582043	584363
3	38	51	584362	585473
3	38	52	585472	586313
3	38	53	586315	586427
3	38	54	586426	588050
3	29	55	588049	590633
3	29	56	590632	590801
3	29	57	590800	592214
3	38	58	592215	595778
3	38	59	595777	597971
3	38	60	597970	597971
3	38	61	597970	598403
3	30	62	598402	599648
3	30	63	599647	600689
3	30	64	600688	601892
3	30	65	601891	602390
3	30	66	602389	602390
3	45	67	602392	602393
3	45	68	602395	602558
3	45	69	602557	603398
3	45	70	603397	604397
3	45	71	604396	605741
3	45	72	605740	605852
3	45	73	605851	606935
3	11	74	606934	606935
3	11	75	606937	607112
3	11	76	607111	608117
3	11	77	608116	608504
3	11	78	608503	609578
3	11	79	609577	609578
3	11	80	609577	610292
3	11	81	610291	610292
3	11	82	610291	610580
3	26	83	610579	611654
3	26	84	611653	612101
3	26	85	612100	612656
3	26	86	612655	613907
3	26	87	613906	615008
3	26	88	615019	615194
3	29	89	615193	615503
3	29	90	615502	616424
3	29	91	616426	617693
3	29	92	617692	618656
3	29	93	618655	619424
3	37	94	619423	620675
3	37	95	620674	621200
3	37	96	621199	622199
3	37	97	622198	623276
3	37	98	623275	624407
3	30	99	624406	625460
3	30	100	625459	626621
3	30	101	626623	627917
3	30	102	627916	629480
3	44	103	629479	630350
3	44	104	630349	632066
3	44	105	632065	634406
3	44	106	634405	634490
3	37	107	634489	636122
3	37	108	636121	636806
3	37	109	636805	636926
3	37	110	636925	638183
3	37	111	638182	639656
3	44	112	639655	641513
3	44	113	641579	643485
3	44	114	643595	644697
3	2	115	644696	645054
3	2	116	645053	645621
3	2	117	645620	646314
3	2	118	646313	646449
3	2	119	646448	646602
3	2	120	646601	646659
3	2	121	646698	646831
3	2	122	646830	647242
3	2	123	647241	647242
3	2	124	647241	647563
3	41	125	647562	648271
3	41	126	648270	648373
3	20	127	648372	648373
3	20	128	648375	649084
3	20	129	649083	649156
3	20	130	649155	649582
3	20	131	649581	649825
3	20	132	649824	650065
3	20	133	650064	651864
3	44	134	651863	652143
3	44	135	652145	652389
3	44	136	652409	653166
3	44	137	653168	653529
3	44	138	653528	653844
3	44	139	653843	654414
3	19	140	654413	655818
3	19	141	655817	656226
3	19	142	656225	656427
3	19	143	656429	656595
3	19	144	656594	656619
3	19	145	656618	657408
3	19	146	657407	657714
3	29	147	657713	658281
3	29	148	659805	659896
3	29	149	659895	660728
3	29	150	660727	661448
3	29	151	661535	661869
3	29	152	661868	662061
3	29	153	662060	662817
3	35	154	662816	664026
3	35	155	664025	664649
3	35	156	664686	664906
3	35	157	665165	666432
3	41	158	666431	666435
3	41	159	666437	667326
3	41	160	667328	667503
3	41	161	667502	667710
3	41	162	667709	667947
3	41	163	667974	668140
3	41	164	668139	668335
3	41	165	668334	668347
3	41	166	668346	668347
3	41	167	668346	669160
3	38	168	669159	669160
3	38	169	669162	669865
3	38	170	669864	671122
3	38	171	671145	671542
3	38	172	671541	671923
3	38	173	671922	672199
3	35	174	672198	673996
3	35	175	673995	675643
3	35	176	675642	676882
3	35	177	676881	677251
3	35	178	677250	678622
3	45	179	678621	678847
3	45	180	678846	682441
3	45	181	682440	684010
3	45	182	684009	684022
3	45	183	684081	686161
3	21	184	686160	687952
3	21	185	687951	689707
3	21	186	689706	691474
3	21	187	691473	693478
3	21	188	693477	693706
3	35	189	693705	697474
3	35	190	697473	698129
3	35	191	698182	698324
3	35	192	698323	699578
3	16	193	699577	701156
3	16	194	701158	702605
3	16	195	702604	704720
3	16	196	704719	705530
3	35	197	705529	706832
3	35	198	706831	708191
3	35	199	708190	708926
3	35	200	708925	709529
3	35	201	709528	710132
3	35	202	710147	710979
3	19	203	710978	712659
3	19	204	712661	712665
3	19	205	712664	713208
3	19	206	713207	714021
3	19	207	714020	716016
3	19	208	716018	717729
3	30	209	717728	719190
3	30	210	719189	720633
3	30	211	720632	720633
3	30	212	720635	722217
3	30	213	722216	722313
3	30	214	722312	724317
3	36	215	724316	724347
3	36	216	724346	724539
3	36	217	724538	726543
3	36	218	726542	728706
3	36	219	728706	729114
3	40	220	729113	729220
3	40	221	729219	731719
3	40	222	731718	734251
3	40	223	734250	736600
3	17	224	736599	737347
3	17	225	737346	738688
3	17	226	738687	738913
3	17	227	738915	740899
3	17	228	740898	741316
3	17	229	741315	741952
3	32	230	741951	742477
3	32	231	742476	742681
3	32	232	742680	743245
3	32	233	743244	743245
3	32	234	743244	743452
3	32	235	743451	745393
3	32	236	745392	745489
3	32	237	745488	747799
3	23	238	747798	752230
3	23	239	752229	752305
3	23	240	752304	753559
3	37	245	757377	759490
3	37	246	759489	761569
3	37	247	761568	762844
3	37	248	762843	764134
3	37	249	764133	764134
3	37	250	764133	764398
3	35	251	764397	769075
3	35	252	769074	769516
3	35	253	769515	771769
3	19	254	771770	773977
3	19	255	773976	774004
3	19	256	774003	776041
3	19	257	776040	778426
3	17	258	778425	778459
3	17	259	778458	780622
3	17	260	780621	782785
3	17	261	782784	782818
3	17	262	782820	783163
3	17	263	783162	783742
3	17	264	783836	785247
3	41	265	785246	786270
3	41	266	786269	786702
3	41	267	786701	787455
3	41	268	787454	789684
3	41	269	789683	789711
3	41	270	789710	790062
4	0	1	790061	791223
4	0	2	791225	792444
4	0	3	792443	793692
4	0	4	793691	793872
4	0	5	793871	795075
4	7	6	795074	795702
4	7	7	795701	796386
4	7	8	796385	797541
4	7	9	797540	797754
4	7	10	797753	798945
4	7	11	798944	799572
4	7	12	799571	799797
4	7	13	799796	800055
4	46	14	800057	801984
4	46	15	801986	803358
4	46	16	803357	803880
4	46	17	803879	805770
4	46	18	805772	806001
4	46	19	806000	806307
4	10	20	806306	806307
4	10	21	806309	808254
4	10	22	808253	808254
4	15	48	825326	826365
4	15	49	826364	829857
4	15	50	829856	830499
4	15	51	830498	830727
4	15	52	830726	832428
4	3	53	832427	833976
4	3	54	833975	834813
4	3	55	834812	835470
4	3	56	835469	837117
4	3	57	837116	838098
4	3	58	838097	838098
4	10	59	838097	838101
4	10	60	838103	839280
4	10	61	839279	840822
4	10	62	840821	840957
4	10	63	841035	843250
4	10	64	843249	843496
4	20	65	843495	845635
4	20	66	845634	845638
4	20	67	845637	845641
4	20	68	845640	845647
4	21	69	845646	845650
4	21	70	845649	845653
4	21	71	845652	845659
4	21	72	845658	845662
4	21	73	845661	845665
4	27	74	845664	845668
4	27	75	845667	845671
4	27	76	845670	845677
4	27	77	845676	845683
4	27	78	845685	845689
4	27	79	845688	845695
4	27	80	845694	845707
4	27	81	845706	845713
4	13	82	845712	845719
4	13	83	845718	845728
4	13	84	845730	845731
4	13	85	845730	845737
4	13	86	845736	845743
4	46	87	845745	845749
4	46	88	845748	845755
4	46	89	845754	845761
4	27	90	845760	845767
4	27	91	845766	845770
4	27	92	845769	845776
4	27	93	845775	845782
4	44	94	845781	845785
4	44	95	845784	845785
4	44	96	845784	845788
4	44	97	845787	845791
4	44	98	845790	845797
4	44	99	845796	845797
4	47	100	845796	845800
4	47	101	845799	845803
4	47	102	845802	845803
4	47	103	845805	845806
4	47	104	845805	845806
4	27	105	845805	845812
4	27	106	845811	845815
4	27	107	845817	845818
4	27	108	845817	845824
4	27	109	845823	845827
4	33	116	845847	845848
4	3	119	845856	845860
4	3	120	845859	845863
4	3	121	845862	845869
4	3	122	845868	845872
4	3	123	845871	845875
4	3	124	845874	845878
4	3	125	845877	845881
5	47	1	845880	847039
5	47	2	847038	847417
5	47	3	847419	848368
5	47	4	848367	849358
5	47	5	849357	849361
5	47	6	849360	849565
5	47	7	849564	849715
5	47	8	849780	849943
5	47	9	849942	849943
5	47	10	849942	850456
5	3	11	850455	851563
5	3	12	851562	852526
5	3	13	852525	852886
5	3	14	852885	853516
5	3	15	853518	854986
5	3	16	854985	855286
5	3	17	855285	856327
5	3	18	856326	857500
5	3	19	857499	857917
5	3	20	857919	858583
5	3	21	858585	859292
5	6	22	859294	860234
5	6	23	860233	861224
5	6	24	861223	861224
5	6	25	861226	862223
5	6	26	862222	862325
5	6	27	862324	863714
5	31	28	863713	865157
5	31	29	865156	866006
5	31	30	866005	868778
5	6	31	868778	868779
5	6	32	868780	869747
5	6	33	869746	870785
5	6	34	870784	871859
5	6	35	871861	872012
5	6	36	872011	873017
5	45	37	873016	873107
5	45	38	873106	875294
5	29	39	875293	875294
5	29	40	875293	875294
5	29	41	875293	876698
5	29	42	876697	876698
5	29	43	876700	877169
5	29	44	877174	878369
5	29	45	878368	879008
5	29	46	879010	880520
5	29	47	880519	880994
5	48	48	880993	883193
5	48	49	883192	884492
5	48	50	884491	885221
5	48	51	885220	886469
5	48	52	886468	886679
5	48	53	886759	887285
5	23	54	887284	888260
5	23	55	888259	888260
5	23	56	888259	889361
5	23	57	889360	891305
5	23	58	891307	891482
5	23	59	891481	891731
5	23	60	891730	892067
5	23	61	892066	893675
5	23	62	893674	894311
5	2	63	894310	896723
5	2	64	896722	897434
5	2	65	897433	898421
5	45	66	898420	898421
5	45	67	898423	904646
5	45	68	904645	909572
5	45	69	909571	909572
5	45	70	909571	909770
5	46	71	909769	914456
5	46	72	914455	928481
5	12	73	928480	930029
5	12	74	930028	930029
5	12	75	930028	931157
5	12	76	931156	932354
5	12	77	932377	932870
5	12	78	932943	933022
5	4	79	933021	937828
5	4	80	937827	951868
5	4	81	951867	953659
5	49	82	953658	953659
5	49	83	953661	954112
5	49	84	954111	954517
5	49	85	954516	955552
5	49	86	955551	955705
5	49	87	955707	956716
5	49	88	956715	957890
5	38	89	957889	957890
5	38	90	957892	958205
5	38	91	958207	958958
5	38	92	958957	959042
5	38	93	959041	961094
5	3	94	961093	962573
5	3	95	962572	964658
5	3	96	964657	965837
5	3	97	965836	965909
5	10	98	965908	966191
5	10	99	966190	966830
5	10	100	966829	967796
5	10	101	967795	967985
5	10	102	967984	970037
5	14	103	970036	970037
5	14	104	970039	970979
5	14	105	970978	970979
5	14	106	970978	971507
5	14	107	971506	973430
5	14	108	973429	974888
5	49	109	974887	974888
5	49	110	974890	975035
5	49	111	975034	975542
5	49	112	975541	976073
5	49	113	976072	976733
5	49	114	976732	977105
5	49	115	977104	978104
5	49	116	978103	978629
5	49	117	978628	978629
5	49	118	978631	979742
5	49	119	979741	980207
5	49	120	980209	980921
5	49	121	980920	981152
5	49	122	981151	982073
5	49	123	982072	982232
5	49	124	982231	982571
5	5	125	982570	982850
5	5	126	982849	983639
5	5	127	983638	984626
5	5	128	984625	985091
5	5	129	985090	985580
5	5	130	985579	986819
5	39	131	986818	988469
5	39	132	988468	989006
5	39	133	989005	989201
5	39	134	989216	990156
5	39	135	990155	991437
5	48	141	996175	996728
5	48	142	996727	997424
5	48	143	997465	997988
5	48	144	998053	998953
5	48	145	999050	999477
5	48	146	999476	999903
5	48	147	999902	1000464
5	48	148	1000463	1000914
5	48	149	1000933	1001465
5	48	150	1001483	1001721
5	48	151	1001720	1003506
5	4	152	1003505	1003899
5	4	153	1003901	1004556
5	4	154	1004555	1004769
5	4	155	1004768	1005360
5	4	156	1005359	1005411
5	4	157	1005410	1006056
5	41	185	1029187	1029275
5	41	186	1029274	1030002
5	41	187	1030003	1030004
5	41	188	1030003	1030658
5	41	189	1030657	1031226
5	41	190	1031225	1032021
5	24	191	1032020	1033356
5	24	192	1033355	1033599
5	24	193	1033598	1033800
5	24	194	1033799	1033983
5	24	195	1033985	1034976
5	24	196	1034975	1034976
5	24	197	1034975	1034976
5	24	198	1034975	1034976
5	24	199	1034975	1034976
5	24	200	1034975	1034976
5	24	201	1034975	1034976
5	22	202	1034975	1034979
5	22	203	1034978	1035954
5	22	204	1035953	1036755
5	22	205	1036808	1037235
5	22	206	1037234	1038297
5	35	214	1040774	1040898
5	35	215	1040897	1041744
5	35	216	1041743	1041744
5	19	217	1041743	1042923
5	19	218	1042922	1044270
5	19	219	1044269	1045839
5	19	220	1045838	1046025
5	19	221	1046024	1046919
5	40	235	1057569	1057570
5	40	236	1057569	1058887
5	40	237	1058886	1060906
5	40	238	1060905	1062946
6	45	1	1075735	1076516
6	45	2	1076515	1077305
6	45	3	1077304	1077521
6	45	4	1077607	1077950
6	45	5	1077949	1078799
6	50	6	1078801	1079183
6	50	7	1079182	1079807
6	50	8	1079806	1080899
6	50	9	1080898	1081178
6	50	10	1081177	1083538
6	45	11	1083537	1084693
6	45	12	1084695	1085926
6	45	13	1085926	1085977
6	45	14	1085976	1087072
6	45	15	1087074	1087255
6	45	16	1087254	1087423
6	45	17	1087422	1087597
6	51	18	1087596	1088716
6	51	19	1088715	1089907
6	51	20	1089906	1090030
6	51	21	1090029	1091374
6	51	22	1091373	1092154
6	51	23	1092153	1092676
6	29	24	1092675	1092682
6	29	25	1092684	1093684
6	29	26	1093683	1096276
6	29	27	1096275	1098400
6	31	28	1098399	1100764
6	31	29	1100763	1100866
6	31	30	1100865	1101277
6	31	31	1101276	1102735
6	31	32	1102734	1103437
6	35	33	1103436	1103443
6	35	34	1103442	1105663
6	35	35	1105662	1107595
6	35	36	1107594	1107652
6	35	37	1107651	1110613
6	35	38	1110612	1114525
6	35	39	1114524	1114600
6	35	40	1114599	1114732
6	35	41	1114734	1117750
6	3	42	1117749	1119550
6	3	43	1119552	1121929
6	3	44	1121928	1123270
6	3	45	1123269	1123609
6	3	46	1123738	1124048
6	29	47	1124047	1125932
6	29	48	1125934	1126826
6	29	49	1126825	1127615
6	29	50	1127614	1128236
6	29	51	1128235	1129244
6	29	52	1129739	1130073
6	29	53	1130072	1130310
6	31	54	1130309	1132479
6	31	55	1132478	1134624
6	31	56	1134623	1134795
6	31	57	1134794	1135530
6	31	58	1135529	1138098
6	49	59	1138097	1139064
6	49	60	1139063	1140447
6	49	61	1140446	1141344
6	49	62	1141343	1141896
6	31	63	1141895	1142919
6	31	64	1142918	1143846
6	31	65	1143845	1145463
6	31	66	1145462	1145976
6	35	67	1145975	1150626
6	35	68	1150625	1153845
6	51	69	1153844	1156854
6	51	70	1156853	1157064
6	51	71	1157063	1157178
6	51	72	1157177	1159746
6	51	73	1159745	1160949
6	51	74	1160948	1161852
6	51	75	1161851	1162035
6	51	76	1162034	1162119
6	51	77	1162118	1163412
6	51	78	1163413	1163414
6	51	79	1163414	1164597
6	51	80	1164596	1166889
6	8	81	1166888	1167915
6	8	82	1167917	1169139
6	8	83	1169138	1170189
6	8	84	1170191	1171389
6	8	85	1171388	1171389
6	8	86	1171388	1171599
6	11	87	1171598	1171854
6	11	88	1171853	1172679
6	11	89	1172678	1173732
6	11	90	1173731	1173927
6	23	91	1173926	1175160
6	23	92	1175159	1176114
6	23	93	1176113	1178028
6	29	94	1178027	1178028
6	29	95	1178030	1179531
6	29	96	1179530	1180170
6	29	97	1180169	1180584
6	29	98	1180583	1180845
6	29	99	1180844	1181727
6	29	100	1181726	1181919
6	38	101	1181918	1184931
6	38	102	1184930	1185078
6	38	103	1185077	1186197
6	38	104	1186199	1187304
6	38	105	1187303	1188276
6	38	106	1188275	1190403
6	38	107	1190402	1191258
6	38	108	1191257	1191261
6	38	109	1191260	1191513
6	38	110	1191512	1191615
6	38	111	1191614	1191615
6	30	112	1191614	1193571
6	30	113	1193570	1194852
6	30	114	1194851	1196097
6	30	115	1196136	1196485
6	3	116	1196484	1196485
6	3	117	1196487	1197562
6	3	118	1197561	1198480
6	3	119	1198479	1199191
6	3	120	1199190	1199191
6	3	121	1199190	1199737
6	3	122	1199742	1201162
6	11	123	1201161	1201165
6	11	124	1201167	1202644
6	11	125	1202715	1202716
6	11	126	1202718	1203484
6	11	127	1203483	1203721
6	11	128	1203780	1203838
6	11	129	1203837	1205010
6	11	130	1205009	1205010
6	11	131	1205009	1205112
6	52	132	1205111	1205637
6	52	133	1205636	1206113
6	52	134	1206112	1206581
6	52	135	1206580	1207043
6	52	136	1207042	1207538
6	52	137	1207537	1207862
6	24	138	1207861	1208270
6	24	139	1208269	1208924
6	24	140	1208995	1209321
6	24	141	1209418	1210010
6	24	142	1210009	1210067
6	24	143	1210069	1210712
6	18	144	1210711	1210712
6	18	145	1210714	1212185
6	18	146	1212264	1212562
6	18	147	1212609	1213189
6	18	148	1213254	1213504
6	18	149	1213674	1214692
6	18	150	1214691	1214848
6	23	151	1214847	1215574
6	23	152	1215573	1215895
6	23	153	1215894	1216132
6	23	154	1216131	1216132
6	23	155	1216131	1216822
6	23	156	1216821	1217125
6	23	157	1217124	1217488
6	23	158	1217487	1217698
6	23	159	1217697	1217698
6	23	160	1217739	1218046
6	11	161	1218045	1218703
6	11	162	1218781	1218959
6	11	163	1218958	1219397
6	11	164	1219396	1220075
6	11	165	1220158	1221284
6	12	166	1221283	1221287
6	12	167	1221289	1221902
6	12	168	1221901	1222121
6	12	169	1222123	1222340
6	12	170	1222339	1222544
6	12	171	1222543	1223189
6	12	172	1223188	1223204
6	12	173	1223203	1223726
6	40	174	1223725	1224758
6	40	175	1224757	1225025
6	40	176	1225024	1225250
6	40	177	1225387	1225604
6	40	178	1225624	1226081
6	40	179	1226080	1226779
6	32	180	1226778	1227421
6	32	181	1227420	1227616
6	32	182	1227615	1227823
6	32	183	1227822	1228030
6	32	184	1228029	1228231
6	32	185	1228230	1228435
6	32	186	1228434	1229149
6	32	187	1229148	1229689
6	53	188	1229688	1230502
6	53	189	1230501	1232527
6	53	190	1232526	1233400
6	53	191	1233399	1233943
6	53	192	1234059	1234276
6	53	193	1234275	1235839
6	42	194	1235838	1237297
6	42	195	1237296	1239103
6	42	196	1239102	1239292
6	42	197	1239291	1240744
6	42	198	1240743	1242157
6	42	199	1242156	1242157
6	42	200	1242156	1242235
6	12	206	1248309	1249030
6	12	207	1249029	1249663
6	12	208	1249665	1250374
6	12	209	1250373	1250983
6	12	210	1250982	1251562
6	12	211	1251561	1252465
6	12	212	1252464	1252600
6	12	213	1252599	1253431
6	12	214	1253643	1254103
6	52	215	1254102	1255771
6	52	216	1255770	1257250
6	52	217	1257249	1257799
6	52	218	1257798	1259323
6	52	219	1259322	1259521
6	12	220	1259520	1260343
6	12	221	1260342	1260970
6	12	222	1260969	1262215
6	12	223	1262214	1263340
6	12	224	1263339	1264405
6	12	225	1264432	1264475
6	12	226	1264534	1264757
6	12	227	1264756	1264961
6	37	228	1264960	1266398
6	37	229	1266397	1266605
6	37	230	1266604	1267751
6	37	231	1267750	1267874
6	37	232	1267873	1269413
6	37	233	1269412	1269896
6	37	234	1269895	1269896
6	37	235	1269895	1269896
6	37	236	1269898	1270502
6	16	237	1270501	1272914
6	16	238	1272916	1274450
6	16	239	1274449	1275062
6	30	240	1275061	1277180
6	30	241	1277179	1279607
6	30	242	1279609	1279760
6	30	243	1279759	1279937
6	30	244	1279936	1282181
6	30	245	1282183	1282994
6	54	246	1282993	1285685
6	54	247	1285684	1288361
6	54	248	1288363	1289357
6	54	249	1290325	1291994
6	29	250	1291993	1292393
6	29	251	1292392	1294352
6	29	252	1294351	1296509
6	29	253	1296508	1296884
6	29	254	1298645	1300767
6	29	255	1300766	1300881
6	3	256	1300880	1303173
6	3	257	1303172	1303434
6	3	258	1303433	1305579
6	3	259	1305578	1305756
6	3	260	1305755	1308378
6	55	261	1308377	1310553
6	55	262	1310552	1312670
6	55	263	1312669	1312757
6	55	264	1312756	1313714
6	55	265	1313785	1315769
6	55	266	1315768	1315907
6	19	272	1322998	1323416
6	19	273	1323415	1327862
6	19	274	1327861	1330199
6	23	279	1337443	1341842
6	23	280	1341847	1341890
6	23	281	1341889	1344323
6	23	282	1344322	1344323
6	19	283	1344322	1344323
6	19	284	1344325	1345250
6	19	285	1345249	1346171
6	19	286	1346170	1346267
6	19	287	1346266	1348400
6	19	288	1348402	1348469
6	19	289	1348468	1348811
7	23	1	1348813	1349144
7	23	2	1349143	1350368
7	23	3	1350367	1351154
7	23	4	1351153	1351232
7	23	5	1351231	1351433
7	23	6	1351432	1353032
7	23	7	1353031	1353440
7	36	8	1353439	1353956
7	36	9	1353955	1355585
7	36	10	1355584	1355846
7	36	11	1355845	1357998
7	51	12	1357997	1359024
7	51	13	1359023	1360311
7	51	14	1360310	1361358
7	51	15	1361357	1361412
7	51	16	1361411	1362582
7	13	17	1362581	1362582
7	13	18	1362584	1363743
7	13	19	1363742	1363743
7	13	20	1363748	1364139
7	13	21	1364138	1365042
7	13	22	1365044	1365333
7	13	23	1365332	1366473
7	52	24	1366472	1367664
7	52	25	1367663	1368882
7	52	26	1368884	1368948
7	52	27	1369071	1369306
7	52	28	1369305	1370155
7	23	29	1370154	1370518
7	23	30	1370517	1372666
7	23	31	1372665	1373449
7	23	32	1373448	1374616
7	23	33	1374615	1375519
7	23	34	1375518	1375873
7	26	35	1375872	1377859
7	26	36	1377858	1378909
7	26	37	1378908	1379683
7	26	38	1379682	1381528
7	26	39	1381527	1381867
7	50	40	1381866	1382860
7	50	41	1382859	1386010
7	50	42	1386009	1388161
7	49	43	1388160	1389253
7	49	44	1389252	1390162
7	49	45	1390161	1393633
7	49	46	1393632	1394248
7	49	47	1394247	1394335
7	49	48	1394334	1394443
7	24	55	1398744	1400575
7	24	56	1400574	1400704
7	24	57	1400793	1401457
7	24	58	1401456	1401922
7	8	59	1401924	1403284
7	8	60	1403283	1404268
7	8	61	1404267	1405675
7	20	75	1428233	1428234
7	20	76	1428236	1429284
7	20	77	1429286	1429371
7	20	78	1429370	1430514
7	20	79	1430513	1433040
7	8	80	1433039	1433043
7	8	81	1433045	1435350
7	8	82	1435350	1436409
7	8	83	1436408	1436586
7	8	84	1436585	1437573
7	40	85	1437574	1437702
7	40	86	1437701	1438692
7	40	87	1438691	1439898
7	40	88	1439897	1440903
7	40	89	1440902	1441983
7	40	90	1441982	1442163
7	8	99	1451483	1451484
7	8	100	1451486	1453788
7	8	101	1453787	1455219
7	8	102	1455218	1455741
7	8	103	1455740	1456137
7	19	132	1478809	1480173
7	19	133	1480175	1480830
7	19	134	1480829	1482240
7	28	135	1482240	1483296
7	28	136	1483295	1483551
7	28	137	1483550	1483761
7	28	138	1483823	1484244
7	56	153	1489919	1490649
7	56	154	1490648	1491639
7	56	155	1491697	1492013
7	56	156	1492012	1492352
7	56	157	1492437	1492819
7	56	158	1492818	1493893
7	52	159	1493892	1495021
7	52	160	1495023	1495613
7	52	161	1495612	1495790
7	52	162	1495792	1497005
7	0	164	1497859	1498877
7	0	165	1498876	1499915
7	0	166	1499914	1501112
7	0	167	1501185	1502173
7	0	168	1502172	1504507
7	8	169	1504506	1505443
7	8	170	1505442	1506370
7	8	171	1506372	1506454
7	8	172	1506459	1508692
7	8	173	1508694	1508788
8	28	1	1508787	1508788
8	28	2	1508790	1509451
8	28	3	1509453	1510264
8	28	4	1510263	1510264
8	28	5	1510265	1510651
8	28	6	1510650	1510957
8	28	7	1510959	1511095
8	28	8	1511097	1511878
8	28	9	1511877	1512667
8	31	10	1512669	1513684
8	31	11	1513686	1514113
8	31	12	1514112	1515001
8	31	13	1515000	1516024
8	31	14	1516023	1517137
8	31	15	1517139	1517386
8	27	16	1517388	1519963
8	27	17	1519962	1519963
8	27	18	1519965	1520812
8	27	19	1520811	1521112
8	27	20	1521114	1522249
8	46	21	1522251	1523338
8	46	22	1523337	1524439
8	46	23	1524438	1525525
8	46	24	1525525	1525633
8	46	25	1525632	1526797
8	47	26	1526798	1527916
8	47	27	1527915	1529302
8	47	28	1529301	1530424
8	47	29	1530424	1531633
8	27	30	1531635	1533349
8	27	31	1533348	1534756
8	27	32	1534755	1536493
8	27	33	1536492	1536808
8	3	34	1536807	1539320
8	3	35	1539367	1541060
8	3	36	1541059	1541477
8	3	37	1541476	1543307
8	4	38	1543306	1545245
8	4	39	1545244	1547159
8	4	40	1547158	1547267
8	4	41	1547338	1549637
8	13	42	1549636	1549799
8	13	43	1549864	1551842
8	13	44	1551844	1553657
8	13	45	1553659	1553804
8	13	46	1553803	1556138
8	13	47	1556140	1556963
8	39	48	1556962	1559147
8	39	49	1559146	1561067
8	39	50	1561066	1561307
8	39	51	1561306	1561403
8	39	52	1561402	1563854
8	39	53	1563853	1564118
8	49	54	1564117	1565003
8	49	55	1565002	1566008
8	49	56	1566017	1567785
8	49	57	1567784	1568346
8	49	58	1568345	1568430
8	3	59	1568429	1569279
8	3	60	1569278	1570557
8	3	61	1570556	1570734
8	3	62	1570733	1572897
8	12	63	1572896	1572903
8	12	64	1572905	1576491
8	12	65	1576490	1576491
8	12	66	1576493	1584330
8	12	67	1584603	1586191
8	12	68	1586190	1586626
8	12	69	1586625	1586734
8	29	70	1586733	1586737
8	29	71	1586739	1587064
8	29	72	1587063	1587064
8	29	73	1587066	1587070
8	29	74	1587072	1587073
8	29	75	1587072	1587076
8	29	76	1587075	1587076
8	29	77	1587075	1587511
8	6	78	1587510	1587760
8	6	79	1587759	1588177
8	6	80	1588209	1590406
8	6	81	1590405	1590742
8	6	82	1590741	1603639
8	12	83	1603638	1603849
8	12	84	1603848	1604644
8	12	85	1604643	1605049
8	12	86	1605048	1606036
8	12	87	1606035	1606036
8	12	88	1606035	1606714
8	12	89	1606713	1606750
8	12	90	1606749	1607008
8	31	91	1607007	1608511
8	31	92	1608510	1609234
8	31	93	1609233	1610395
8	31	94	1610394	1610737
8	31	95	1610736	1612711
8	19	96	1612710	1612711
8	19	97	1612713	1613188
8	19	98	1613187	1613812
8	19	99	1613811	1614181
8	19	100	1614180	1614343
8	19	101	1614342	1617421
8	2	102	1617420	1617421
8	2	103	1617423	1618357
8	2	104	1618356	1618357
8	2	105	1618356	1620901
8	2	106	1620900	1621831
8	2	107	1621833	1622200
8	57	108	1622199	1623223
8	57	109	1623225	1624693
8	57	110	1624692	1626670
8	57	111	1626669	1626868
8	31	112	1626867	1628248
8	31	113	1628247	1628761
8	31	114	1628760	1629433
8	31	115	1629432	1629688
8	31	116	1629687	1630933
8	31	117	1630932	1631314
8	31	118	1631313	1631761
8	8	119	1631760	1632793
8	8	120	1632795	1633231
8	8	121	1633230	1633789
8	8	122	1633791	1635592
8	8	123	1635594	1635595
8	8	124	1635594	1636339
8	8	125	1636341	1636459
8	8	126	1636458	1636459
8	8	127	1636458	1636459
8	8	128	1636458	1636591
8	28	129	1636590	1638094
8	28	130	1638093	1638589
8	28	131	1638588	1638787
8	28	132	1638786	1639858
8	28	133	1639857	1641265
8	46	134	1641267	1643156
8	46	135	1643155	1644467
8	46	136	1644466	1645646
8	46	137	1645645	1646087
8	46	138	1646086	1646090
8	46	139	1646089	1646749
8	19	140	1646748	1647856
8	19	141	1647855	1647940
8	19	142	1647939	1648480
8	19	143	1648497	1649002
8	19	144	1649001	1649305
8	19	145	1649328	1649680
8	19	146	1649691	1650604
8	19	147	1650642	1650694
8	19	148	1651375	1651769
8	5	149	1651768	1652477
8	5	150	1652476	1652690
8	5	151	1652689	1652891
8	5	152	1652912	1653108
8	5	153	1653107	1653432
8	5	154	1653456	1653466
8	5	155	1653465	1653673
8	5	156	1653672	1653685
8	5	157	1653684	1654201
8	8	158	1654200	1654204
8	8	159	1654206	1654213
8	8	160	1654215	1654684
8	8	161	1654762	1655000
8	8	162	1655042	1655367
8	8	163	1655366	1655712
8	8	164	1656166	1656509
8	8	165	1657549	1658601
8	45	166	1658603	1658607
8	45	167	1658606	1659115
8	45	168	1660227	1660492
8	45	169	1660491	1661137
8	45	170	1661136	1661665
8	45	171	1661724	1662394
8	5	172	1662393	1662883
8	5	173	1662882	1663078
8	5	174	1663077	1663285
8	5	175	1663284	1663510
8	5	176	1663509	1663819
8	5	177	1663818	1663996
8	5	178	1664019	1664239
8	5	179	1664298	1664320
8	5	180	1664319	1664938
8	20	181	1664937	1665271
8	20	182	1665270	1665487
8	20	183	1665486	1665655
8	20	184	1665654	1666072
8	20	185	1666071	1666513
8	20	186	1666512	1667617
8	20	187	1667616	1668265
8	20	188	1668264	1668763
8	20	189	1668762	1668871
8	20	190	1668870	1669087
8	20	191	1669086	1669087
8	53	192	1669086	1669087
8	53	193	1669086	1669087
8	53	194	1669089	1669936
8	53	195	1669935	1670179
8	53	196	1670181	1670635
8	53	197	1670634	1670650
8	53	198	1670649	1670896
8	53	199	1670895	1671145
8	53	200	1671144	1672081
8	39	201	1672080	1673092
8	39	202	1673101	1673441
8	39	203	1673440	1673648
8	39	204	1673647	1673861
8	39	205	1673860	1674068
8	39	206	1674067	1674287
8	39	207	1674289	1674915
8	15	208	1674914	1675635
8	15	209	1675634	1675845
8	15	210	1675847	1676049
8	15	211	1676048	1676271
8	15	212	1676273	1676496
8	15	213	1676495	1677489
8	3	214	1677488	1678995
8	3	215	1678994	1679694
8	3	216	1679693	1680291
8	3	217	1680290	1680816
8	3	218	1680815	1680819
8	3	219	1680818	1681152
8	3	220	1681151	1681152
8	3	221	1681151	1681488
8	27	222	1681487	1682832
8	27	223	1682831	1684236
8	27	224	1684235	1685856
8	27	225	1685865	1686313
8	27	226	1686312	1687924
8	58	227	1687923	1689472
8	58	228	1689474	1690735
8	58	229	1690816	1690895
8	58	230	1690894	1692305
8	58	231	1692304	1693374
8	58	232	1693373	1693938
8	13	236	1698935	1701495
8	13	237	1701494	1702191
8	13	238	1702190	1703577
8	13	239	1703576	1704822
8	13	240	1704851	1704975
8	19	241	1704974	1705464
8	19	242	1705787	1707594
8	19	243	1707593	1709862
8	19	244	1709861	1710891
8	19	245	1710890	1711497
8	19	246	1711499	1712142
8	45	247	1712141	1713840
8	45	248	1713839	1715001
8	45	249	1715000	1716972
8	45	250	1716986	1717386
8	45	251	1717385	1719282
8	59	252	1719281	1721454
8	59	253	1721453	1721730
8	59	254	1721729	1723104
8	59	255	1723103	1723464
8	59	256	1723627	1725158
8	59	257	1725199	1725437
8	58	258	1725436	1727555
8	58	259	1727554	1727828
8	58	260	1727827	1730093
8	58	261	1730092	1733024
8	29	262	1733023	1735259
8	29	263	1735258	1735550
8	29	264	1735549	1740218
8	29	265	1740217	1740494
8	29	266	1740493	1740578
8	29	267	1740613	1740650
8	8	268	1740649	1741280
8	8	269	1741279	1741280
8	8	270	1741282	1746122
8	8	271	1746121	1746788
8	8	272	1746787	1748039
8	5	273	1748038	1749059
8	5	274	1749058	1750196
8	5	275	1750195	1750529
8	5	276	1750528	1750601
8	5	277	1750600	1750601
8	5	278	1750600	1753175
8	5	279	1753177	1753238
8	5	280	1753237	1755461
8	2	281	1755460	1758044
8	2	282	1758043	1760195
8	2	283	1760194	1760303
8	2	284	1760302	1763321
8	40	290	1770646	1770650
8	40	291	1770649	1773086
8	40	292	1773085	1775264
9	14	1	1775263	1775264
9	14	2	1775266	1776413
9	14	3	1776412	1776803
9	14	4	1776802	1776965
9	14	5	1776964	1776965
9	14	6	1776964	1776965
9	14	7	1776967	1777763
9	14	8	1777762	1777931
9	14	9	1777930	1779497
9	14	10	1779496	1779575
9	60	11	1779574	1780475
9	60	12	1780474	1780637
9	60	13	1780639	1782794
9	60	14	1782793	1783067
9	60	15	1783066	1784165
9	60	16	1784164	1784429
9	60	17	1784428	1785293
9	60	18	1785292	1786514
9	60	19	1786519	1787780
9	60	20	1787782	1788593
9	60	21	1788592	1788905
9	60	22	1788904	1790738
9	60	23	1790737	1793420
9	60	24	1793420	1795676
9	60	25	1795678	1796669
9	60	26	1796668	1796762
9	60	27	1796761	1797905
9	50	28	1797904	1798889
9	50	29	1798891	1800134
9	50	30	1800133	1801448
9	50	31	1801447	1802459
9	52	32	1802458	1803818
9	52	33	1803817	1804463
9	52	34	1804465	1806416
9	52	35	1806415	1807970
9	52	36	1807969	1808651
9	60	37	1808650	1812599
9	60	38	1812598	1812731
9	60	39	1812806	1815036
9	37	40	1815035	1815036
9	37	41	1815038	1817010
9	37	42	1817009	1818843
9	37	43	1818842	1818966
9	37	44	1818965	1822038
9	37	45	1822037	1822326
9	26	46	1822325	1822326
9	26	47	1822328	1823331
9	26	48	1823330	1824255
9	26	49	1824254	1826520
9	26	50	1826519	1828560
9	11	51	1828559	1828563
9	11	52	1828562	1833858
9	11	53	1833857	1849158
9	52	54	1849157	1849158
9	52	55	1849160	1852803
9	52	56	1852802	1855308
9	52	57	1855307	1858635
9	52	58	1858634	1859412
9	52	59	1859411	1859910
9	49	60	1859909	1859913
9	49	61	1859915	1863303
9	49	62	1863302	1863378
9	49	63	1863377	1864974
9	49	64	1864973	1865859
9	10	65	1865858	1865859
9	10	66	1865861	1873302
9	10	67	1873301	1878297
9	52	68	1878296	1879824
9	52	69	1879823	1880607
9	52	70	1880606	1881402
9	52	71	1881401	1881420
9	52	72	1881419	1881546
9	19	73	1881545	1881546
9	19	74	1881548	1882710
9	19	75	1882709	1883808
9	19	76	1883807	1884945
9	19	77	1884944	1886955
9	14	78	1886954	1886955
9	14	79	1886957	1887516
9	14	80	1887515	1890534
9	14	81	1890533	1890564
9	14	82	1890563	1891662
9	11	83	1891661	1891860
9	11	84	1891859	1892988
9	11	85	1892987	1894242
9	11	86	1894241	1895397
9	11	87	1895396	1896417
9	11	88	1896446	1896555
9	49	89	1896554	1897857
9	49	90	1897856	1898238
9	49	91	1898237	1898589
9	49	92	1898588	1898862
9	49	93	1898861	1898955
9	49	94	1898957	1899765
9	49	95	1899764	1900116
9	52	96	1900115	1901238
9	52	97	1901237	1902417
9	52	98	1902416	1903485
9	52	99	1903484	1903599
9	52	100	1903598	1903782
9	52	101	1903906	1905494
9	11	102	1905493	1905494
9	11	103	1905496	1906640
9	11	104	1906639	1907681
9	11	105	1907680	1907864
9	11	106	1907863	1908824
9	11	107	1908823	1909742
9	11	108	1909741	1909856
9	55	109	1909858	1910897
9	55	110	1910896	1911986
9	55	111	1911985	1912877
9	55	112	1912876	1913960
9	61	113	1913959	1913960
9	61	114	1913962	1915037
9	61	115	1915036	1915451
9	61	116	1915450	1916039
9	61	117	1916038	1917317
9	61	118	1917316	1918070
9	61	119	1918069	1918499
9	61	120	1918498	1918574
9	2	121	1918573	1919144
9	2	122	1919143	1919705
9	2	123	1919704	1920758
9	14	124	1920757	1920758
9	14	125	1920760	1920791
9	14	126	1920790	1921871
9	14	127	1921870	1924274
9	12	128	1924273	1924277
9	12	129	1924276	1924871
9	12	130	1924870	1925084
9	12	131	1925086	1925282
9	12	132	1925281	1925495
9	12	133	1925494	1925792
9	12	134	1925791	1925807
9	12	135	1925806	1926023
9	12	136	1926160	1926167
9	12	137	1926166	1926773
9	61	138	1926772	1927553
9	61	139	1927552	1927748
9	61	140	1927747	1927937
9	61	141	1927936	1928120
9	61	142	1928119	1928480
9	61	143	1928479	1928687
9	61	144	1928686	1928894
9	61	145	1928893	1929701
9	53	146	1929700	1929704
9	53	147	1929706	1929707
9	53	148	1929706	1930580
9	53	149	1930579	1930640
9	53	150	1930639	1931072
9	53	151	1931071	1932458
9	46	152	1932457	1932926
9	46	153	1932928	1933772
9	46	154	1933771	1933967
9	46	155	1933966	1934201
9	0	156	1934200	1934408
9	0	157	1934407	1935035
9	18	158	1935034	1935035
9	18	159	1935037	1935947
9	18	160	1935946	1936268
9	18	161	1936267	1936451
9	18	162	1936450	1936451
9	18	163	1936453	1936634
9	18	164	1936633	1937282
9	18	165	1937281	1937423
9	62	166	1937422	1938560
9	62	167	1938673	1938863
9	62	168	1938862	1939082
9	62	169	1939102	1939268
9	62	170	1939267	1939457
9	62	171	1939456	1939472
9	62	172	1939471	1939472
9	62	173	1939471	1940285
9	45	174	1940284	1940288
9	45	175	1940290	1940762
9	45	176	1940761	1941584
9	45	177	1941583	1941806
9	30	178	1941805	1943750
9	30	179	1943749	1945511
9	30	180	1945510	1946678
9	30	181	1946677	1947173
9	30	182	1947172	1947176
9	30	183	1947240	1947886
9	29	184	1947885	1947886
9	29	185	1947888	1949923
9	29	186	1949922	1951528
9	29	187	1951530	1952221
9	29	188	1952220	1953337
9	29	189	1953339	1953892
9	29	190	1954050	1954567
9	48	191	1954566	1956238
9	48	192	1956237	1957693
9	48	193	1957692	1957837
9	48	194	1957836	1959574
9	48	195	1959573	1960717
9	48	196	1960716	1961404
9	14	197	1961403	1961773
9	14	198	1961772	1962967
9	14	199	1962966	1965874
9	14	200	1965935	1966449
9	14	201	1966448	1966533
9	14	202	1966532	1966536
9	14	203	1966538	1967175
9	14	204	1967174	1967805
9	14	205	1967804	1970091
9	14	206	1970090	1971381
9	14	207	1971380	1971729
9	14	208	1971728	1972203
9	55	209	1972202	1974210
9	55	210	1974209	1976013
9	55	211	1976012	1977828
9	55	212	1977827	1979622
9	55	213	1979621	1981275
9	55	214	1981274	1982856
9	55	215	1982855	1984464
9	55	216	1984463	1984737
9	55	217	1984894	1986542
9	2	218	1986541	1988069
9	2	219	1988068	1988282
9	2	220	1988281	1990340
9	2	221	1990339	1993037
9	55	222	1993039	1993040
9	55	223	1993039	1995194
9	55	224	1995193	1997279
9	55	225	1997278	1997354
9	55	226	1997353	1997582
9	55	227	1997581	1999808
9	63	228	1999807	1999811
9	63	229	1999813	1999898
9	63	230	1999897	1999901
9	63	231	1999900	2002142
9	63	232	2002141	2004746
9	63	233	2004782	2005821
9	63	234	2006210	2007891
9	24	235	2007890	2008236
9	24	236	2008235	2012316
9	24	237	2012315	2013774
9	24	238	2013773	2014323
9	24	239	2014322	2014800
9	8	240	2014799	2016933
9	8	241	2016935	2017137
9	8	242	2017136	2019012
9	8	243	2019014	2019174
9	8	244	2019173	2021505
9	11	245	2021507	2023746
9	11	246	2023745	2023908
9	11	247	2023907	2026107
9	11	248	2026106	2028210
9	2	256	2034966	2037133
9	2	257	2037132	2037262
9	2	258	2037261	2037262
9	2	259	2037261	2037265
9	2	260	2037264	2039518
9	2	261	2039517	2041822
9	14	262	2041821	2041822
9	14	263	2041824	2041849
9	14	264	2041848	2044033
9	14	265	2044035	2044072
9	14	266	2044071	2046160
9	14	267	2046159	2047963
9	14	268	2047962	2048047
9	14	269	2048046	2048365
9	8	270	2048364	2052412
9	8	271	2052411	2054896
9	11	272	2054895	2054935
9	11	273	2054934	2057101
9	11	274	2057100	2059282
9	11	275	2059281	2059315
9	11	276	2059314	2059669
