0	0	1	-1	72609
0	0	2	72721	115484
0	0	3	117993	120091
0	0	4	120090	133876
0	0	5	133875	133876
0	0	6	133875	133885
0	0	7	137418	172156
0	1	8	172155	214126
0	1	9	214545	222859
0	1	10	222858	268978
0	1	11	268977	319363
0	1	12	319362	321739
0	1	13	321738	372114
0	0	14	372113	421107
0	0	15	421106	472887
0	0	16	472889	519141
0	0	17	519212	522168
0	0	18	522167	523701
0	0	19	523700	570909
0	2	20	570908	570909
0	2	21	570908	618747
0	2	22	618956	666786
0	2	23	666962	668784
0	2	24	668783	681336
0	2	25	681776	721497
0	2	26	721496	773895
0	3	27	773894	822558
0	3	28	822591	890620
0	3	29	891296	922329
0	3	30	922328	979674
0	4	31	979673	979674
0	4	32	979673	1030122
0	4	33	1030121	1078194
0	4	34	1078193	1126431
0	4	35	1126430	1128339
0	4	36	1128338	1177455
0	5	37	1177454	1247091
0	5	38	1247090	1311958
0	5	39	1314083	1315332
0	5	40	1315331	1333749
0	5	41	1333920	1380818
0	5	42	1380900	1397260
0	6	43	1397339	1397340
0	6	44	1397339	1464665
0	6	45	1464664	1533107
0	6	46	1533106	1535120
0	6	47	1535119	1611541
0	7	48	1611540	1681906
0	7	49	1682009	1694865
0	7	50	1694945	1751817
0	7	51	1751816	1765227
0	7	52	1765896	1805986
0	7	53	1806087	1823377
0	8	54	1823376	1823377
0	8	55	1823376	1891663
0	8	56	1891662	1962163
0	8	57	1962162	2038159
0	8	58	2040263	2040665
0	8	59	2040664	2042354
0	9	60	2042700	2042701
0	9	61	2042700	2089097
0	9	62	2089096	2091038
0	9	63	2091037	2213379
0	10	70	2449562	2565227
0	10	71	2565226	2567174
0	10	72	2567173	2643623
0	11	73	2643622	2643623
0	11	74	2643622	2703569
0	11	75	2703883	2829688
0	12	76	2829687	2872069
0	12	77	2872068	2989231
0	12	78	2989230	2992420
0	3	79	2992419	3043219
0	3	80	3043218	3049996
0	3	81	3049995	3094882
0	3	82	3094881	3142681
0	3	83	3142726	3196751
0	13	84	3196750	3196751
0	13	85	3196750	3245618
0	13	86	3245617	3301242
0	13	87	3301241	3352518
0	13	88	3352517	3399126
0	14	89	3399125	3399126
0	14	90	3399125	3449308
0	14	91	3452043	3467371
0	14	92	3467370	3499807
0	14	93	3499806	3569614
0	12	94	3569613	3569614
0	12	95	3569613	3576919
0	12	96	3576918	3620026
0	12	97	3620025	3678355
0	12	98	3678354	3735406
0	12	99	3735405	3748951
0	12	100	3748950	3750394
0	15	101	3750393	3795769
0	15	102	3796064	3844947
0	15	103	3845141	3870036
0	15	104	3870745	3886214
0	15	105	3886213	3894449
0	15	106	3894448	3921212
0	15	107	3921211	3922871
0	5	108	3922870	3924641
0	5	109	3924640	3945872
0	5	110	3946074	3970573
0	5	111	3970740	4010191
0	5	112	4010190	4021588
0	5	113	4021587	4067095
0	5	114	4067433	4083031
0	13	115	4083030	4159018
0	13	116	4159170	4185460
0	13	117	4185459	4241218
0	13	118	4241217	4258642
0	13	119	4258641	4263270
0	13	120	4263626	4265463
0	16	121	4265462	4315617
0	16	122	4315647	4339849
0	16	123	4340253	4367767
0	16	124	4367873	4420056
0	16	125	4420154	4424358
0	16	126	4424441	4427181
0	16	127	4427419	4427438
0	16	128	4432849	4462724
0	17	129	4462787	4462788
0	17	130	4462787	4514400
0	17	131	4514399	4561635
0	17	132	4562073	4603186
0	17	133	4603482	4603483
0	17	134	4603482	4619434
0	17	135	4619433	4677676
0	18	136	4677675	4737555
0	18	137	4737554	4737555
0	18	138	4737554	4797024
0	18	139	4797442	4825748
0	18	140	4825747	4833212
0	18	141	4833467	4878099
0	18	142	4878098	4879452
0	3	143	4879451	4925670
0	3	144	4925669	4954542
0	3	145	4955594	5009481
0	3	146	5009480	5118322
0	19	147	5118321	5142163
0	19	148	5142162	5196838
0	19	149	5196837	5227270
0	19	150	5227269	5253106
0	19	151	5253213	5281222
0	19	152	5281469	5281470
0	19	153	5281469	5329611
0	20	154	5329727	5329728
0	20	155	5329727	5411934
0	20	156	5411933	5440377
0	20	157	5440376	5497278
0	20	158	5497740	5526061
0	20	159	5526060	5548096
0	20	160	5548692	5548729
0	20	161	5548728	5551168
0	18	162	5551325	5571954
0	18	163	5571953	5654973
0	18	164	5654972	5705547
0	18	165	5705546	5759178
0	18	166	5759177	5780094
0	18	167	5780093	5780094
0	18	168	5780093	5782365
0	21	169	5782364	5782365
0	21	170	5782364	5810565
0	21	171	5810564	5838378
0	21	172	5838377	5883426
0	21	173	5883947	5897115
0	21	174	5897114	5951661
0	21	175	5951660	5983745
0	15	176	5983744	6013334
0	15	177	6013333	6040220
0	15	178	6040219	6094760
0	15	179	6094759	6099659
0	15	180	6100701	6122794
0	15	181	6122793	6149074
0	15	182	6149073	6149074
0	15	183	6149073	6197941
0	13	184	6197940	6269782
0	13	185	6269781	6320927
0	13	186	6320998	6347285
0	13	187	6347284	6372221
0	13	188	6372220	6393362
0	13	189	6394106	6419835
0	19	190	6419834	6425736
0	19	191	6425735	6442890
0	19	192	6442889	6494229
0	19	193	6494276	6532866
0	19	194	6532865	6548289
0	19	195	6548288	6647391
0	13	196	6647390	6702147
0	13	197	6702146	6757038
0	13	198	6757373	6813822
0	13	199	6814130	6890304
0	19	200	6890303	6949059
0	19	201	6949058	7007586
0	19	202	7007585	7009206
0	19	203	7009205	7121940
0	22	204	7121939	7179978
0	22	205	7179977	7200783
0	22	206	7201112	7236354
0	22	207	7236353	7239063
0	22	208	7239062	7296696
0	22	209	7296695	7351125
0	22	210	7351124	7352571
0	23	211	7352570	7412376
0	23	212	7412375	7435017
0	23	213	7435225	7468316
0	23	214	7468481	7483662
0	23	215	7484320	7484885
0	23	216	7485235	7580166
0	23	217	7580165	7590414
0	0	218	7590413	7590569
0	0	219	7590925	7710724
0	0	220	7711005	7726984
0	0	221	7726983	7795886
0	22	222	7795885	7816571
0	22	223	7817232	7852522
0	22	224	7852521	7907419
0	22	225	7907418	7927951
0	22	226	7927950	7931293
0	22	227	7931492	7934557
0	22	228	7934556	7952236
0	24	229	7952235	8018068
0	24	230	8018067	8065084
0	24	231	8065083	8125900
0	24	232	8125899	8129452
0	24	233	8129451	8189989
0	4	234	8189988	8241835
0	4	235	8243474	8265453
0	4	236	8265710	8297880
0	4	237	8297879	8299506
0	4	238	8299505	8355114
0	4	239	8355113	8362125
0	4	240	8364443	8364726
0	4	241	8368094	8371137
0	25	242	8371136	8446104
0	25	243	8446467	8525455
0	22	244	8525454	8602006
0	22	245	8602512	8618236
0	22	246	8618235	8680732
0	22	247	8680731	8682889
0	22	248	8683106	8685069
0	22	249	8685068	8685069
0	22	250	8685068	8740716
0	26	251	8741028	8741029
0	26	252	8741028	8812858
0	26	253	8812857	8828854
0	26	254	8828853	8881078
0	26	255	8881077	8883016
0	26	256	8883015	8953157
0	26	257	8953189	8965098
0	27	266	9139233	9153535
0	27	267	9153534	9173023
0	27	268	9173022	9173296
0	27	269	9173295	9173296
0	27	270	9173295	9179485
0	27	271	9181851	9185014
0	27	272	9185370	9298756
0	27	273	9298755	9368598
0	3	274	9368949	9439240
0	3	275	9439242	9443989
0	3	276	9443988	9464089
0	3	277	9468414	9515204
0	3	278	9515405	9584453
0	3	279	9586873	9590585
0	28	280	9590584	9590585
0	28	281	9590584	9658091
0	28	282	9658090	9662831
0	28	283	9662830	9725951
0	28	284	9725950	9798533
0	28	285	9798532	9798533
0	28	286	9798532	9800237
0	29	287	9800236	9805145
0	29	288	9805144	9866774
0	29	289	9867142	9934319
0	29	290	9934318	9939638
0	29	291	9939637	9955049
0	29	292	9955705	9982485
0	29	293	9982655	10008684
0	30	294	10008683	10008684
0	30	295	10008683	10079100
0	30	296	10079099	10083828
0	30	297	10084197	10153672
0	30	298	10153671	10158814
1	31	4	10196106	10239985
1	31	5	10239984	10269088
1	31	6	10269087	10308496
1	31	7	10308495	10347967
1	31	8	10347966	10353124
1	31	9	10354977	10375948
1	27	10	10375947	10422244
1	27	11	10422243	10469644
1	27	12	10469643	10477327
1	27	13	10477521	10557220
1	27	14	10557498	10567633
1	30	15	10567632	10567633
1	30	16	10567632	10613884
1	30	17	10613883	10665325
1	30	18	10665324	10667287
1	30	19	10667286	10713436
1	30	20	10713435	10755742
1	29	31	11144298	11240670
1	29	32	11240669	11251944
1	29	33	11251943	11279823
1	29	34	11280347	11293773
1	29	35	11293900	11333666
1	29	36	11333665	11340836
1	3	37	11340835	11340836
1	3	38	11340835	11410628
1	3	39	11410780	11439191
1	3	40	11439190	11479700
1	3	41	11479947	11485990
1	3	42	11485989	11561179
1	32	43	11561178	11630857
1	32	44	11631264	11653201
1	32	45	11653200	11699797
1	32	46	11699796	11751166
1	32	47	11751587	11768013
1	32	48	11768012	11769516
1	32	49	11769515	11770869
1	29	53	11996078	12007677
1	10	59	12239338	12302162
1	10	60	12302292	12444499
1	33	73	12887551	13023750
1	33	74	13023749	13060179
1	33	75	13060178	13104762
1	33	76	13104761	13104762
1	33	77	13104761	13170102
1	33	78	13170311	13318239
1	17	79	13318655	13348245
2	2	1	13348413	13385935
2	2	2	13386132	13423375
2	2	3	13423659	13458145
2	2	4	13458144	13494764
2	2	5	13494801	13510462
2	2	6	13510461	13557907
2	2	7	13558170	13604485
2	2	8	13604667	13609204
2	2	9	13609203	13622332
2	2	10	13622847	13652200
2	2	11	13652410	13699430
2	2	12	13699429	13711712
2	34	13	13711711	13760105
2	34	14	13760439	13761778
2	34	15	13761777	13808653
2	34	16	13808655	13828366
2	34	17	13829855	13860087
2	34	18	13860086	13897500
2	34	19	13897867	13908758
2	34	20	13908757	13958670
2	34	21	13958669	14007891
2	34	22	14007890	14029325
2	34	23	14029839	14029858
2	34	24	14035233	14065450
2	34	25	14065449	14115754
2	34	26	14115753	14163397
2	34	27	14163396	14210686
2	34	28	14210911	14213009
2	34	29	14213008	14262227
2	34	30	14262226	14312897
2	35	31	14312896	14363120
2	35	32	14363119	14459588
2	35	33	14459833	14462120
2	35	34	14462119	14464112
2	35	35	14464314	14512366
2	36	36	14512365	14534719
2	36	37	14534930	14588481
2	36	38	14588480	14661182
2	36	39	14661181	14663036
2	36	40	14663035	14686190
2	36	41	14686189	14737215
2	8	42	14737336	14737337
2	8	43	14737336	14808068
2	8	44	14808067	14876555
2	8	45	14876554	14966693
2	5	46	14966692	14979077
2	5	47	14979076	15038447
2	5	48	15038446	15132062
2	5	49	15132203	15183987
2	5	50	15184183	15187415
2	10	51	15187414	15258146
2	10	52	15258145	15258146
2	10	53	15258145	15329744
2	10	54	15329743	15408401
2	5	55	15408400	15419942
2	5	56	15420153	15478375
2	5	57	15478374	15516673
2	5	58	15520704	15634396
2	5	59	15634395	15636010
2	2	60	15636188	15813786
2	2	61	15814233	15832777
2	2	62	15832934	15891132
2	14	63	15891131	15891132
2	30	64	15891131	15891132
2	30	65	15891131	15938511
2	30	66	15939049	15993764
2	30	67	15993763	16035428
2	30	68	16035427	16076528
2	2	69	16076527	16081980
2	2	70	16081979	16082361
2	2	71	16083187	16139960
2	2	72	16139959	16254083
2	2	73	16254082	16287271
2	2	74	16287270	16337665
2	2	75	16337664	16389013
2	2	76	16389176	16420941
2	2	77	16420940	16431498
2	2	78	16431497	16454475
2	2	79	16454474	16493414
2	2	80	16493451	16493797
2	2	81	16494093	16497562
2	19	82	16497561	16552699
2	19	83	16552698	16561945
2	19	84	16561944	16607200
2	19	85	16607199	16657951
2	19	86	16657950	16706878
2	37	87	16707599	16757628
2	37	88	16757627	16781927
2	37	89	16782357	16812430
2	37	90	16812727	16862999
2	37	91	16863351	16869487
2	37	92	16869486	16912718
2	31	93	16912717	16964864
2	31	94	16965220	16987946
2	5	95	16988169	17039383
2	5	96	17039382	17066572
2	5	97	17066571	17066572
2	5	98	17066571	17068213
2	28	99	17068413	17116735
2	28	100	17116797	17166658
2	28	101	17166726	17215768
2	27	102	17215847	17221585
2	27	103	17223420	17268922
2	27	104	17268921	17358318
2	27	105	17358317	17381078
2	27	106	17381183	17432562
2	19	107	17432561	17508957
2	19	108	17509481	17536596
2	19	109	17536706	17590290
2	19	110	17590289	17591847
2	19	111	17591912	17643609
2	8	112	17643683	17698448
2	8	113	17698447	17727749
2	8	114	17727880	17804870
2	8	115	17805015	17850769
2	8	116	17851556	17862150
2	8	117	17862149	17916564
2	8	118	17917018	17930096
2	8	119	17930095	17984942
2	8	120	17985269	18012897
2	8	121	18012929	18039591
2	8	122	18039590	18067605
2	8	123	18067604	18092838
2	38	124	18092837	18171450
2	38	125	18171449	18223302
2	38	126	18223301	18301608
2	38	127	18301607	18324509
2	38	128	18324576	18328675
2	39	129	18328674	18415900
2	39	130	18415899	18467980
2	39	131	18468305	18497913
2	39	132	18497912	18521934
2	39	133	18521933	18544266
2	40	134	18544265	18544266
2	40	135	18544265	18594489
2	40	136	18594773	18621909
2	40	137	18622125	18649453
2	40	138	18649452	18676072
2	40	139	18676071	18702526
2	40	140	18702525	18729238
2	40	141	18729237	18751855
2	40	142	18751854	18753442
2	41	143	18753441	18775126
2	41	144	18775125	18801322
2	41	145	18801702	18828802
2	41	146	18828801	18854767
2	41	147	18854766	18882196
2	41	148	18882411	18909739
2	41	149	18909738	18938145
2	41	150	18938144	18939837
2	41	151	18939836	18963636
2	17	152	18963635	18980718
2	17	153	18987854	18993237
2	39	154	18993531	19047313
2	39	155	19047673	19047674
2	39	156	19047673	19101476
2	39	157	19101475	19101476
2	39	158	19101475	19127723
2	39	159	19127722	19155441
2	39	160	19155440	19178613
2	5	165	19431426	19431427
2	5	166	19431426	19505377
2	5	167	19505376	19531633
2	5	168	19531632	19556947
2	5	169	19556946	19583371
2	5	170	19583370	19609939
2	5	171	19609938	19635457
2	5	172	19635456	19660567
2	42	181	19897269	19960537
2	42	182	19960783	19970129
2	42	183	19970128	20021243
2	42	184	20021242	20080370
2	42	185	20080369	20104575
2	22	186	20104574	20164767
2	22	187	20164766	20226354
2	22	188	20226353	20240880
2	22	189	20241116	20300648
2	22	190	20300704	20320409
2	43	204	20798760	20893647
2	43	205	20894304	20918089
2	43	206	20918088	21030967
2	43	207	21031079	21033153
3	38	1	21033152	21480328
3	38	2	21480327	21524603
3	38	3	21524602	21551727
3	38	4	21551838	21576498
3	38	5	21576497	21579682
3	38	6	21579710	21582445
3	38	7	21582444	21593369
3	26	8	21593368	21625065
3	26	9	21625064	21640975
3	26	10	21641144	21664255
3	26	11	21664254	21690869
3	26	12	21690868	21721433
3	36	13	21721432	21725719
3	36	14	21725718	21753339
3	36	15	21753338	21785089
3	36	16	21785088	21816375
3	36	17	21816374	21837433
3	36	18	21837432	21848219
3	37	19	21848218	21865534
3	37	20	21865978	21883233
3	37	21	21883232	21912651
3	37	22	21912650	21918243
3	37	23	21918242	21979663
3	37	24	21979847	22027056
3	37	25	22027399	22045422
3	37	26	22045570	22105022
3	36	27	22105199	22110028
3	36	28	22110027	22137676
3	36	29	22137675	22169632
3	36	30	22169787	22204848
3	36	31	22204847	22205934
3	36	32	22205933	22241392
3	10	33	22241419	22241420
3	10	34	22241419	22310138
3	10	35	22310314	22311923
3	10	36	22311922	22389350
3	10	37	22389349	22389350
3	39	38	22389349	22460348
3	39	39	22460347	22528955
3	39	40	22528954	22530665
3	39	41	22530664	22604525
3	39	42	22604524	22605746
3	44	43	22605745	22815946
3	44	44	22816064	22818192
3	36	45	22818191	22830525
3	36	46	22830524	22891452
3	36	47	22891451	22967804
3	36	48	22967903	23048992
3	45	49	23048991	23181277
3	45	50	23181702	23283607
3	38	51	23283606	23335549
3	38	52	23335762	23380973
3	38	53	23380972	23383109
3	38	54	23383108	23467223
3	29	55	23467222	23605315
3	29	56	23605314	23608477
3	29	57	23609510	23677803
3	38	58	23677802	23795340
3	38	59	23795339	23866472
3	38	60	23866897	23866898
3	38	61	23866897	23877103
3	30	62	23877449	23938533
3	30	63	23938670	23990256
3	30	64	23990255	24056835
3	30	65	24056834	24072842
3	30	66	24072841	24072842
3	45	67	24072841	24072842
3	45	68	24072841	24080366
3	45	69	24080365	24124100
3	45	70	24124099	24173117
3	45	71	24173116	24224732
3	45	72	24224731	24226466
3	45	73	24226465	24274487
3	11	74	24274648	24274649
3	11	75	24274648	24281351
3	11	76	24281350	24323873
3	11	77	24323872	24345440
3	11	78	24346417	24395219
3	11	79	24428090	24428763
3	11	80	24429366	24460789
3	11	81	24460788	24460789
3	11	82	24460788	24464112
3	26	83	24464473	24513218
3	26	84	24513217	24536048
3	26	85	24536304	24560470
3	26	86	24560469	24608659
3	26	87	24608658	24656618
3	26	88	24656795	24658689
3	29	89	24658836	24666652
3	29	90	24666651	24708565
3	29	91	24708567	24769939
3	29	92	24770352	24811816
3	29	93	24811815	24841036
3	37	94	24841035	24888424
3	37	95	24889605	24913918
3	37	96	24914243	24939150
3	37	97	24939149	24986460
3	37	98	24986706	25034557
3	30	99	25034556	25082809
3	30	100	25082808	25130968
3	30	101	25130967	25186051
3	30	102	25186050	25238828
3	44	103	25238827	25278464
3	44	104	25278535	25344273
3	44	105	25344598	25429025
3	44	106	25429567	25433543
3	37	107	25433542	25505713
3	37	108	25506099	25532137
3	37	109	25532412	25534429
3	37	110	25534428	25583767
3	37	111	25583766	25633111
3	44	112	25633110	25711771
3	44	113	25711921	25779413
3	44	114	25779657	25825298
3	2	115	25825297	25847414
3	2	116	25847413	25901946
3	2	117	25901945	25952106
3	2	118	25952105	25960971
3	2	119	25960970	25972041
3	2	120	25972040	25979955
3	2	121	25980136	25993661
3	2	122	25993660	26012201
3	2	123	26012247	26012626
3	2	124	26012925	26016748
3	41	125	26016747	26065411
3	41	126	26065410	26066752
3	20	127	26067098	26067099
3	20	128	26067098	26107677
3	20	129	26111372	26114205
3	20	130	26114204	26162385
3	20	131	26162384	26187678
3	20	132	26187677	26217474
3	20	133	26217473	26314479
3	44	134	26314478	26341056
3	44	135	26341055	26367519
3	44	136	26367689	26424270
3	44	137	26424269	26453226
3	44	138	26453225	26491824
3	44	139	26491823	26525997
3	19	140	26525996	26598075
3	19	141	26598074	26649432
3	19	142	26649431	26673885
3	19	143	26673884	26698325
3	19	144	26700955	26705726
3	19	145	26705725	26734809
3	19	146	26737336	26742196
3	29	147	26742195	26759080
3	29	148	26763655	26768915
3	29	149	26768914	26820246
3	29	150	26820245	26869713
3	29	151	26870229	26895220
3	29	152	26895219	26922370
3	29	153	26923007	26945970
3	35	154	26945969	27024225
3	35	155	27024224	27101868
3	35	156	27102011	27126447
3	35	157	27127820	27225540
3	41	158	27225717	27225718
3	41	159	27225717	27273229
3	41	160	27273228	27298717
3	41	161	27298716	27323863
3	41	162	27323862	27351037
3	41	163	27351213	27377626
3	41	164	27377625	27404452
3	41	165	27404451	27406594
3	41	166	27406593	27406993
3	41	167	27406992	27431023
3	38	168	27431022	27431023
3	38	169	27431022	27452830
3	38	170	27452829	27586051
3	38	171	27586218	27640306
3	38	172	27640305	27660016
3	38	173	27660600	27665855
3	35	174	27666201	27723934
3	35	175	27723933	27777380
3	35	176	27777548	27833187
3	35	177	27833186	27844704
3	35	178	27847355	27904836
3	45	179	27904835	27910908
3	45	180	27913277	28028187
3	45	181	28028186	28083141
3	45	182	28083140	28083336
3	45	183	28084025	28142937
3	21	184	28142936	28199853
3	21	185	28199852	28254420
3	21	186	28254419	28310022
3	21	187	28310021	28370997
3	21	188	28371307	28373789
3	35	189	28373788	28543456
3	35	190	28543455	28555404
3	35	191	28555771	28578992
3	35	192	28579178	28617576
3	16	193	28617575	28670496
3	16	194	28670615	28720374
3	16	195	28720433	28779951
3	16	196	28780040	28819023
3	35	197	28819033	28876608
3	35	198	28876721	28932378
3	35	199	28932377	28970787
3	35	200	28970786	28991709
3	35	201	28991869	29005526
3	35	202	29005636	29051159
3	19	203	29051158	29104955
3	19	204	29104957	29105003
3	19	205	29105256	29125648
3	19	206	29129604	29162917
3	19	207	29162916	29248665
3	19	208	29248664	29302248
3	30	209	29302247	29358297
3	30	210	29358482	29410500
3	30	211	29410637	29410638
3	30	212	29410637	29464239
3	30	213	29464238	29466225
3	30	214	29466224	29516901
3	36	215	29516900	29522553
3	36	216	29522552	29527869
3	36	217	29532095	29592453
3	36	218	29592452	29660340
3	36	219	29660426	29675313
3	40	220	29675312	29679309
3	40	221	29679626	29752095
3	40	222	29752145	29830008
3	40	223	29830007	29899635
3	17	224	29899634	29940054
3	17	225	29944187	29974851
3	17	226	29974850	29990469
3	17	227	29990468	30046047
3	17	228	30046046	30066801
3	17	229	30070143	30094837
3	32	230	30094836	30115606
3	32	231	30115605	30119839
3	32	232	30122211	30125221
3	32	233	30125220	30125221
3	32	234	30125220	30138148
3	32	235	30138147	30190858
3	32	236	30190857	30192424
3	32	237	30192423	30267397
3	23	238	30267396	30403546
3	23	239	30403545	30407092
3	23	240	30407237	30440478
3	37	245	30567892	30634094
3	37	246	30634093	30702020
3	37	247	30702019	30755549
3	37	248	30755548	30775211
3	37	249	30775539	30778096
3	37	250	30780495	30785453
3	35	251	30785853	30935046
3	35	252	30935045	30955725
3	35	253	30956156	31012585
3	19	254	31012584	31078706
3	19	255	31078765	31083929
3	19	256	31083928	31148453
3	19	257	31148452	31222286
3	17	258	31222357	31227779
3	17	259	31227778	31290491
3	17	260	31290751	31357574
3	17	261	31357573	31362761
3	17	262	31362760	31377998
3	17	263	31378566	31407312
3	17	264	31407741	31433923
3	41	265	31433922	31446943
3	41	266	31450950	31476928
3	41	267	31477544	31512954
3	41	268	31512953	31584732
3	41	269	31584779	31589769
3	41	270	31589768	31604481
4	0	1	31604674	31653959
4	0	2	31653958	31700261
4	0	3	31700263	31751177
4	0	4	31751176	31753352
4	0	5	31753351	31804610
4	7	6	31805285	31830363
4	7	7	31830926	31857510
4	7	8	31857509	31903530
4	7	9	31903529	31914225
4	7	10	31914224	31953945
4	7	11	31953944	31972419
4	7	12	31972524	31977706
4	7	13	31980174	31983088
4	46	14	31983087	32052238
4	46	15	32052336	32079487
4	46	16	32079486	32117836
4	46	17	32117835	32186884
4	46	18	32186883	32191621
4	46	19	32193867	32197603
4	10	20	32197602	32197603
4	10	21	32197602	32268310
4	10	22	32268309	32268310
4	15	48	32981512	33006374
4	15	49	33006760	33123341
4	15	50	33123731	33153525
4	15	51	33153524	33155499
4	15	52	33155621	33202542
4	3	53	33202541	33256958
4	3	54	33256957	33282059
4	3	55	33289834	33320919
4	3	56	33320918	33372852
4	3	57	33372851	33397575
4	3	58	33397574	33399111
4	10	59	33399628	33399629
4	10	60	33399628	33453326
4	10	61	33453466	33508730
4	10	62	33508834	33511280
4	10	63	33511549	33573710
4	10	64	33575473	33579890
4	20	65	33579889	33657429
4	20	66	33657428	33657429
4	20	67	33657428	33657429
4	20	68	33657428	33657429
4	21	69	33657428	33657429
4	21	70	33657428	33657429
4	21	71	33657428	33657429
4	21	72	33657428	33657429
4	21	73	33657428	33657429
4	27	74	33657428	33657429
4	27	75	33657428	33657429
4	27	76	33657428	33657429
4	27	77	33657428	33657429
4	27	78	33657428	33657429
4	27	79	33657428	33657429
4	27	80	33657428	33657429
4	27	81	33657428	33657429
4	13	82	33657428	33657429
4	13	83	33657428	33657429
4	13	84	33657428	33657429
4	13	85	33657428	33657429
4	13	86	33657428	33657429
4	46	87	33657428	33657429
4	46	88	33657428	33657429
4	46	89	33657428	33657429
4	27	90	33657428	33657429
4	27	91	33657428	33657429
4	27	92	33657428	33657429
4	27	93	33657428	33657429
4	44	94	33657428	33657429
4	44	95	33657428	33657429
4	44	96	33657428	33657429
4	44	97	33657428	33657429
4	44	98	33657428	33657429
4	44	99	33657428	33657429
4	47	100	33657428	33657429
4	47	101	33657428	33657429
4	47	102	33657428	33657429
4	47	103	33657428	33657429
4	47	104	33657428	33657429
4	27	105	33657428	33657429
4	27	106	33657428	33657429
4	27	107	33657428	33657429
4	27	108	33657428	33657429
4	27	109	33657428	33657429
4	33	116	33657428	33657429
4	3	119	33657428	33657429
4	3	120	33657428	33657429
4	3	121	33657428	33657429
4	3	122	33657428	33657429
4	3	123	33657428	33657429
4	3	124	33657428	33657429
4	3	125	33657428	33657429
5	47	1	33657428	33700289
5	47	2	33700288	33729440
5	47	3	33729439	33768440
5	47	4	33768439	33807638
5	47	5	33807713	33807717
5	47	6	33807716	33812025
5	47	7	33812043	33814372
5	47	8	33815236	33817421
5	47	9	33819850	33819926
5	47	10	33819925	33835319
5	3	11	33835318	33881186
5	3	12	33881413	33927758
5	3	13	33927757	33949217
5	3	14	33949399	33974117
5	3	15	33974116	34027771
5	3	16	34027796	34031097
5	3	17	34031096	34078836
5	3	18	34078835	34125624
5	3	19	34125623	34146848
5	3	20	34146952	34174025
5	3	21	34174237	34197018
5	6	22	34197017	34244212
5	6	23	34244244	34290334
5	6	24	34290450	34290451
5	6	25	34290450	34337656
5	6	26	34337708	34339473
5	6	27	34339472	34391958
5	31	28	34391957	34462056
5	31	29	34462881	34491362
5	31	30	34491361	34582039
5	6	31	34582038	34582039
5	6	32	34582038	34637884
5	6	33	34637887	34686983
5	6	34	34687058	34734645
5	6	35	34734646	34736585
5	6	36	34736584	34787493
5	45	37	34787492	34787967
5	45	38	34787966	34860552
5	29	39	34860551	34860552
5	29	40	34860551	34860552
5	29	41	34860551	34893930
5	29	42	34893929	34893930
5	29	43	34893929	34935897
5	29	44	34935899	34957293
5	29	45	34957292	35007576
5	29	46	35007575	35048775
5	29	47	35048774	35080098
5	48	48	35080097	35152398
5	48	49	35152397	35174214
5	48	50	35174213	35220624
5	48	51	35220916	35248136
5	48	52	35248853	35276373
5	48	53	35276750	35294088
5	23	54	35294087	35306442
5	23	55	35306441	35306442
5	23	56	35306441	35363562
5	23	57	35363561	35434866
5	23	58	35434865	35436942
5	23	59	35436941	35444310
5	23	60	35446580	35451336
5	23	61	35451335	35505375
5	23	62	35509902	35525149
5	2	63	35525148	35653522
5	2	64	35653521	35689471
5	2	65	35698496	35749875
5	45	66	35749874	35749875
5	45	67	35749874	35859792
5	45	68	35859791	35947233
5	45	69	35948140	35948165
5	45	70	35948164	35950274
5	46	71	35950686	36001432
5	46	72	36001431	36139174
5	12	73	36139173	36206365
5	12	74	36209685	36214339
5	12	75	36214496	36282006
5	12	76	36282556	36349421
5	12	77	36350085	36356686
5	12	78	36357046	36358001
5	4	79	36358000	36414116
5	4	80	36414115	36538235
5	4	81	36538419	36554623
5	49	82	36554622	36554623
5	49	83	36554622	36584374
5	49	84	36587518	36608183
5	49	85	36608182	36656738
5	49	86	36656737	36658493
5	49	87	36658492	36706907
5	49	88	36706906	36726401
5	38	89	36726400	36726401
5	38	90	36726400	36733397
5	38	91	36733396	36776423
5	38	92	36776422	36778433
5	38	93	36778564	36874562
5	3	94	36874561	36898592
5	3	95	36898591	36997206
5	3	96	36997205	37047465
5	3	97	37047698	37048866
5	10	98	37048865	37057947
5	10	99	37057946	37100076
5	10	100	37100267	37148307
5	10	101	37148655	37150477
5	10	102	37150476	37252840
5	14	103	37252839	37252840
5	14	104	37252839	37302255
5	14	105	37302254	37302255
5	14	106	37302254	37344662
5	14	107	37348310	37409679
5	14	108	37409678	37467846
5	49	109	37467845	37467846
5	49	110	37467845	37469988
5	49	111	37469987	37491747
5	49	112	37492061	37517703
5	49	113	37517702	37559139
5	49	114	37559227	37570466
5	49	115	37570465	37617431
5	49	116	37617430	37634135
5	49	117	37634134	37634135
5	49	118	37634134	37682987
5	49	119	37682989	37704320
5	49	120	37704583	37733048
5	49	121	37733369	37743821
5	49	122	37743820	37785791
5	49	123	37785790	37788032
5	49	124	37788031	37801412
5	5	125	37801411	37808444
5	5	126	37808443	37850999
5	5	127	37851202	37897922
5	5	128	37897921	37917308
5	5	129	37962489	37993039
5	5	130	37998307	38031004
5	39	131	38031003	38105692
5	39	132	38105995	38133278
5	39	133	38133277	38135420
5	39	134	38135601	38184982
5	39	135	38184981	38235523
5	48	141	38436481	38460086
5	48	142	38460085	38496128
5	48	143	38496314	38556861
5	48	144	38557155	38638213
5	48	145	38638670	38654658
5	48	146	38654657	38663313
5	48	147	38663312	38705829
5	48	148	38706177	38738396
5	48	149	38738538	38792371
5	48	150	38792476	38823074
5	48	151	38823073	38878310
5	4	152	38878568	38901144
5	4	153	38901143	38983006
5	4	154	38983005	39009190
5	4	155	39009189	39082411
5	4	156	39082924	39088109
5	4	157	39088108	39108851
5	41	185	39837952	39841928
5	41	186	39841927	39911249
5	41	187	39911248	39911249
5	41	188	39911248	39991112
5	41	189	39991111	40041012
5	41	190	40041011	40064271
5	24	191	40064663	40142847
5	24	192	40142846	40169160
5	24	193	40169159	40195095
5	24	194	40195094	40220670
5	24	195	40220669	40303632
5	24	196	40303631	40303632
5	24	197	40303631	40303632
5	24	198	40303631	40303632
5	24	199	40303631	40303632
5	24	200	40303631	40303632
5	24	201	40303631	40303632
5	22	202	40303631	40303707
5	22	203	40304082	40377643
5	22	204	40377642	40431817
5	22	205	40432061	40484358
5	22	206	40484357	40520663
5	35	214	40681618	40683392
5	35	215	40683391	40705574
5	35	216	40705573	40705574
5	19	217	40705573	40757318
5	19	218	40757317	40815917
5	19	219	40815916	40866047
5	19	220	40866118	40869503
5	19	221	40870171	40896635
5	40	235	41284985	41284986
5	40	236	41284985	41339271
5	40	237	41339308	41410092
5	40	238	41410258	41513193
6	45	1	42065551	42103322
6	45	2	42103321	42139667
6	45	3	42139666	42142088
6	45	4	42142380	42154099
6	45	5	42154356	42191878
6	50	6	42191880	42218635
6	50	7	42218634	42244477
6	50	8	42244476	42290998
6	50	9	42290997	42297376
6	50	10	42297375	42386461
6	45	11	42386460	42433498
6	45	12	42433497	42482320
6	45	13	42482319	42484222
6	45	14	42484221	42533683
6	45	15	42533682	42538753
6	45	16	42541011	42544289
6	45	17	42545511	42547402
6	51	18	42547401	42596812
6	51	19	42596811	42648028
6	51	20	42648027	42650449
6	51	21	42650448	42699064
6	51	22	42699063	42738628
6	51	23	42738862	42750881
6	29	24	42750880	42750881
6	29	25	42750880	42790700
6	29	26	42791183	42889446
6	29	27	42889445	42965337
6	31	28	42965336	43061662
6	31	29	43061661	43062982
6	31	30	43063281	43072420
6	31	31	43072419	43135018
6	31	32	43135590	43161187
6	35	33	43161186	43161304
6	35	34	43163676	43241188
6	35	35	43241281	43314244
6	35	36	43314458	43316355
6	35	37	43316354	43407204
6	35	38	43407203	43557799
6	35	39	43557962	43559703
6	35	40	43559702	43560897
6	35	41	43560896	43651490
6	3	42	43651489	43722314
6	3	43	43722313	43807342
6	3	44	43807341	43838794
6	3	45	43838853	43868101
6	3	46	43869444	43888033
6	29	47	43888032	43958626
6	29	48	43958625	43969780
6	29	49	43969779	44029996
6	29	50	44029995	44036053
6	29	51	44036052	44081479
6	29	52	44083456	44089949
6	29	53	44090594	44107685
6	31	54	44107684	44169287
6	31	55	44169286	44225192
6	31	56	44225590	44227568
6	31	57	44227567	44248169
6	31	58	44248168	44303561
6	49	59	44304446	44363898
6	49	60	44363897	44448072
6	49	61	44448376	44495576
6	49	62	44495575	44499478
6	31	63	44499477	44553997
6	31	64	44554286	44612622
6	31	65	44612621	44680812
6	31	66	44680811	44690796
6	35	67	44690795	44807991
6	35	68	44807990	44894325
6	51	69	44894746	45009263
6	51	70	45009262	45011180
6	51	71	45011179	45013013
6	51	72	45013012	45112946
6	51	73	45112945	45171845
6	51	74	45172194	45214660
6	51	75	45214659	45216253
6	51	76	45216252	45217300
6	51	77	45217438	45271640
6	51	78	45271639	45271640
6	51	79	45271639	45322889
6	51	80	45322888	45429385
6	8	81	45429384	45481098
6	8	82	45482356	45534543
6	8	83	45534749	45583599
6	8	84	45583955	45637629
6	8	85	45637628	45637629
6	8	86	45637628	45639495
6	11	87	45639494	45647841
6	11	88	45647840	45694230
6	11	89	45694229	45744870
6	11	90	45744869	45751473
6	23	91	45751942	45800891
6	23	92	45800890	45843512
6	23	93	45843685	45912395
6	29	94	45912516	45912517
6	29	95	45912516	45974212
6	29	96	45974211	46015213
6	29	97	46015628	46026945
6	29	98	46026944	46037826
6	29	99	46037825	46080000
6	29	100	46079999	46081803
6	38	101	46081802	46189134
6	38	102	46189133	46191111
6	38	103	46191110	46241793
6	38	104	46242014	46291164
6	38	105	46291163	46341348
6	38	106	46341347	46441360
6	38	107	46441626	46489012
6	38	108	46489409	46490451
6	38	109	46492814	46495557
6	38	110	46496000	46497408
6	38	111	46497721	46497722
6	30	112	46497721	46598207
6	30	113	46598206	46658573
6	30	114	46658572	46709891
6	30	115	46710388	46716896
6	3	116	46716895	46716896
6	3	117	46716895	46768454
6	3	118	46768453	46816028
6	3	119	46816357	46857638
6	3	120	46857993	46857994
6	3	121	46858022	46875564
6	3	122	46875632	46935519
6	11	123	46935518	46935519
6	11	124	46935518	46995129
6	11	125	46995458	46995459
6	11	126	46995458	47053994
6	11	127	47053993	47082311
6	11	128	47082625	47090000
6	11	129	47090547	47134696
6	11	130	47135126	47135127
6	11	131	47135126	47136615
6	52	132	47136987	47159473
6	52	133	47159472	47213004
6	52	134	47213003	47260899
6	52	135	47261369	47303762
6	52	136	47303761	47337500
6	52	137	47340205	47348582
6	24	138	47348581	47371175
6	24	139	47371174	47451141
6	24	140	47451485	47478360
6	24	141	47478867	47551861
6	24	142	47552274	47557651
6	24	143	47557650	47579191
6	18	144	47579190	47579191
6	18	145	47579190	47660242
6	18	146	47660676	47689363
6	18	147	47689587	47746875
6	18	148	47747209	47775830
6	18	149	47776803	47800555
6	18	150	47800554	47802751
6	23	151	47802750	47828977
6	23	152	47828976	47857084
6	23	153	47857083	47884087
6	23	154	47884086	47884087
6	23	155	47884086	47936462
6	23	156	47936461	47962925
6	23	157	47962924	47976746
6	23	158	47976745	47991881
6	23	159	47991880	47991932
6	23	160	47992359	47995867
6	11	161	47996541	48047350
6	11	162	48047747	48075573
6	11	163	48075572	48131202
6	11	164	48131201	48184835
6	11	165	48185229	48236122
6	12	166	48236121	48236122
6	12	167	48236121	48263857
6	12	168	48263856	48290620
6	12	169	48290619	48319777
6	12	170	48319776	48347822
6	12	171	48347821	48422237
6	12	172	48422236	48426710
6	12	173	48426709	48447149
6	40	174	48447148	48522839
6	40	175	48522838	48550835
6	40	176	48550834	48575267
6	40	177	48575968	48601364
6	40	178	48601489	48653807
6	40	179	48653806	48678467
6	32	180	48678466	48700418
6	32	181	48700417	48726677
6	32	182	48726676	48752906
6	32	183	48752905	48778733
6	32	184	48778732	48804590
6	32	185	48804589	48831692
6	32	186	48831691	48883532
6	32	187	48885904	48891056
6	53	188	48892235	48917580
6	53	189	48917971	49012749
6	53	190	49012748	49037652
6	53	191	49037947	49069505
6	53	192	49070141	49072146
6	53	193	49072589	49128738
6	42	194	49128737	49188339
6	42	195	49188560	49239376
6	42	196	49239579	49242319
6	42	197	49242318	49297108
6	42	198	49297107	49351852
6	42	199	49351851	49351852
6	42	200	49351851	49353139
6	12	206	49562989	49584146
6	12	207	49584632	49621002
6	12	208	49621001	49642545
6	12	209	49642864	49679852
6	12	210	49679851	49696120
6	12	211	49696354	49746839
6	12	212	49746838	49748543
6	12	213	49748729	49765257
6	12	214	49765679	49767795
6	52	215	49767794	49828167
6	52	216	49828166	49886297
6	52	217	49887298	49904477
6	52	218	49904770	49974897
6	52	219	49976963	49979019
6	12	220	49979018	49999830
6	12	221	50000331	50035816
6	12	222	50035815	50090482
6	12	223	50090481	50104612
6	12	224	50104826	50167206
6	12	225	50167499	50168112
6	12	226	50168402	50169867
6	12	227	50169866	50171826
6	37	228	50171825	50228163
6	37	229	50228162	50230191
6	37	230	50230190	50286228
6	37	231	50286227	50288943
6	37	232	50289346	50345999
6	37	233	50345998	50351627
6	37	234	50351886	50352546
6	37	235	50354819	50355072
6	37	236	50357203	50379689
6	16	237	50380037	50479077
6	16	238	50479091	50538315
6	16	239	50538407	50579016
6	30	240	50579088	50654665
6	30	241	50654664	50725819
6	30	242	50725818	50727463
6	30	243	50727462	50733892
6	30	244	50733891	50797954
6	30	245	50797956	50806579
6	54	246	50806578	50889542
6	54	247	50889541	50970131
6	54	248	50970130	51005108
6	54	249	51011395	51049424
6	29	250	51049423	51074078
6	29	251	51074871	51121333
6	29	252	51122079	51196360
6	29	253	51196359	51214015
6	29	254	51222793	51281438
6	29	255	51281437	51282785
6	3	256	51282784	51357689
6	3	257	51357688	51373556
6	3	258	51373555	51428975
6	3	259	51428974	51430607
6	3	260	51430606	51504739
6	55	261	51504738	51573313
6	55	262	51573486	51649300
6	55	263	51649617	51656383
6	55	264	51656382	51687988
6	55	265	51688401	51729523
6	55	266	51729522	51732970
6	19	272	51954081	51981475
6	19	273	51981474	52101610
6	19	274	52101609	52171927
6	23	279	52406960	52546217
6	23	280	52546294	52546652
6	23	281	52547009	52620759
6	23	282	52625594	52625658
6	19	283	52625657	52625658
6	19	284	52625657	52638519
6	19	285	52643471	52696584
6	19	286	52696583	52702629
6	19	287	52702745	52777620
6	19	288	52777748	52783227
6	19	289	52783226	52798215
7	23	1	52798523	52804908
7	23	2	52805313	52868835
7	23	3	52868834	52906014
7	23	4	52906013	52907280
7	23	5	52907279	52909695
7	23	6	52909843	52957988
7	23	7	52957987	52986002
7	36	8	52986584	53014071
7	36	9	53014287	53085134
7	36	10	53085178	53091596
7	36	11	53091595	53180848
7	51	12	53180847	53228497
7	51	13	53228496	53279587
7	51	14	53279586	53328784
7	51	15	53328783	53329957
7	51	16	53329956	53377648
7	13	17	53377647	53377648
7	13	18	53377647	53426782
7	13	19	53426781	53426782
7	13	20	53426781	53445739
7	13	21	53446221	53475035
7	13	22	53475037	53482649
7	13	23	53482648	53525522
7	52	24	53525521	53571077
7	52	25	53571332	53620565
7	52	26	53620767	53622460
7	52	27	53622849	53627932
7	52	28	53627931	53672353
7	23	29	53672352	53681326
7	23	30	53681325	53765509
7	23	31	53765508	53802544
7	23	32	53802543	53848150
7	23	33	53848149	53871265
7	23	34	53873701	53877800
7	26	35	53877799	53948087
7	26	36	53948086	53959529
7	26	37	53959528	54016985
7	26	38	54016984	54071495
7	26	39	54071960	54087747
7	50	40	54087791	54099735
7	50	41	54099734	54229389
7	50	42	54229445	54301824
7	49	43	54301823	54314019
7	49	44	54314018	54372345
7	49	45	54372344	54462966
7	49	46	54463407	54514354
7	49	47	54514476	54515938
7	49	48	54515937	54517531
7	24	55	54660954	54772477
7	24	56	54772476	54774274
7	24	57	54774579	54814828
7	24	58	54814827	54835279
7	8	59	54835278	54906808
7	8	60	54906846	54957034
7	8	61	54957162	55033030
7	20	75	55647204	55647205
7	20	76	55647204	55698917
7	20	77	55698918	55700536
7	20	78	55700535	55749595
7	20	79	55749594	55850164
7	8	80	55850163	55850164
7	8	81	55850163	55942447
7	8	82	55942770	55987318
7	8	83	55987317	55993354
7	8	84	55993555	56036528
7	40	85	56036867	56043891
7	40	86	56043890	56090910
7	40	87	56090909	56145316
7	40	88	56145315	56195086
7	40	89	56195085	56228452
7	40	90	56228451	56230534
7	8	99	56643478	56643479
7	8	100	56643478	56752463
7	8	101	56752462	56808422
7	8	102	56808421	56840627
7	8	103	56840943	56852755
7	19	132	57911541	57994897
7	19	133	57994899	58053400
7	19	134	58053399	58171121
7	28	135	58171120	58229240
7	28	136	58229239	58258115
7	28	137	58258114	58287287
7	28	138	58287700	58353165
7	56	153	58815463	58848938
7	56	154	58848937	58905884
7	56	155	58906190	58933140
7	56	156	58933139	58961115
7	56	157	58961536	58989464
7	56	158	58989463	59043755
7	52	159	59043754	59128067
7	52	160	59128066	59208055
7	52	161	59208054	59235196
7	52	162	59235195	59313985
7	0	164	59385921	59397772
7	0	165	59397771	59455324
7	0	166	59455323	59479045
7	0	167	59479384	59525598
7	0	168	59525597	59599935
7	8	169	59599934	59612763
7	8	170	59613180	59665708
7	8	171	59665707	59671841
7	8	172	59671968	59746150
7	8	173	59747154	59753581
8	28	1	59753580	59753913
8	28	2	59753912	59788157
8	28	3	59788190	59821398
8	28	4	59821397	59821398
8	28	5	59821397	59833206
8	28	6	59833205	59855643
8	28	7	59855672	59857695
8	28	8	59857694	59895657
8	28	9	59895674	59929935
8	31	10	59929934	59979504
8	31	11	59979503	60003480
8	31	12	60003832	60038618
8	31	13	60038617	60079583
8	31	14	60079582	60126077
8	31	15	60126151	60129749
8	27	16	60129748	60225057
8	27	17	60225056	60225057
8	27	18	60225056	60262323
8	27	19	60262322	60268927
8	27	20	60268926	60320662
8	46	21	60320661	60367771
8	46	22	60367844	60414195
8	46	23	60414255	60461566
8	46	24	60461600	60463443
8	46	25	60463442	60497331
8	47	26	60497330	60544197
8	47	27	60544257	60593848
8	47	28	60593847	60642742
8	47	29	60642741	60692848
8	27	30	60692999	60748422
8	27	31	60748545	60802201
8	27	32	60802200	60876757
8	27	33	60877359	60887797
8	3	34	60888450	60965999
8	3	35	60966218	61035243
8	3	36	61035332	61045678
8	3	37	61045755	61114597
8	4	38	61114596	61184812
8	4	39	61184811	61255630
8	4	40	61255629	61257406
8	4	41	61257801	61333859
8	13	42	61333858	61335833
8	13	43	61336205	61404333
8	13	44	61404442	61474805
8	13	45	61474807	61476404
8	13	46	61476403	61549124
8	13	47	61549126	61565585
8	39	48	61565584	61632905
8	39	49	61632904	61701489
8	39	50	61701488	61703610
8	39	51	61703609	61705464
8	39	52	61705798	61781249
8	39	53	61781248	61783472
8	49	54	61783471	61823621
8	49	55	61824205	61869146
8	49	56	61869211	61954835
8	49	57	61955096	61981002
8	49	58	61981001	61982667
8	3	59	61982666	62017056
8	3	60	62017276	62083553
8	3	61	62083834	62085986
8	3	62	62086096	62174810
8	12	63	62174809	62174810
8	12	64	62174809	62227880
8	12	65	62227879	62229353
8	12	66	62229352	62338827
8	12	67	62339519	62362437
8	12	68	62362436	62368828
8	12	69	62368827	62370145
8	29	70	62370144	62370145
8	29	71	62370144	62401696
8	29	72	62402023	62402024
8	29	73	62402174	62419722
8	29	74	62419721	62425338
8	29	75	62426319	62441457
8	29	76	62444756	62496591
8	29	77	62499184	62585969
8	6	78	62585968	62591993
8	6	79	62594377	62597984
8	6	80	62598133	62623235
8	6	81	62623378	62633561
8	6	82	62633822	62780187
8	12	83	62780186	62786490
8	12	84	62786489	62830611
8	12	85	62831006	62851675
8	12	86	62852047	62902448
8	12	87	62902946	62903343
8	12	88	62903785	62937161
8	12	89	62937160	62937380
8	12	90	62937379	62939738
8	31	91	62939966	63013416
8	31	92	63013679	63041736
8	31	93	63041735	63091287
8	31	94	63091286	63097722
8	31	95	63097721	63139176
8	19	96	63139175	63139176
8	19	97	63139175	63147726
8	19	98	63147956	63189279
8	19	99	63189278	63196635
8	19	100	63196868	63198888
8	19	101	63198887	63308922
8	2	102	63308921	63308922
8	2	103	63308921	63358371
8	2	104	63358430	63358716
8	2	105	63359008	63466339
8	2	106	63466647	63514900
8	2	107	63514899	63523369
8	57	108	63523368	63573529
8	57	109	63577536	63640786
8	57	110	63640785	63739698
8	57	111	63739697	63741579
8	31	112	63741578	63798633
8	31	113	63798632	63821256
8	31	114	63821436	63849306
8	31	115	63849305	63857985
8	31	116	63857984	63904449
8	31	117	63904448	63909023
8	31	118	63909080	63924150
8	8	119	63924149	63973293
8	8	120	63973292	63996630
8	8	121	63996797	64023279
8	8	122	64023511	64080522
8	8	123	64080521	64080522
8	8	124	64080521	64099776
8	8	125	64099775	64101630
8	8	126	64101629	64101630
8	8	127	64101629	64101630
8	8	128	64101629	64103427
8	28	129	64103426	64175874
8	28	130	64176068	64202898
8	28	131	64202897	64205256
8	28	132	64205395	64256336
8	28	133	64256335	64308137
8	46	134	64308136	64359335
8	46	135	64359334	64408973
8	46	136	64408972	64457120
8	46	137	64457119	64472918
8	46	138	64473127	64474331
8	46	139	64477024	64484367
8	19	140	64484818	64538699
8	19	141	64543975	64557422
8	19	142	64557421	64612358
8	19	143	64612435	64639628
8	19	144	64639627	64666022
8	19	145	64666171	64694498
8	19	146	64694548	64714508
8	19	147	64715052	64715317
8	19	148	64716339	64719472
8	5	149	64719471	64747468
8	5	150	64747467	64771162
8	5	151	64771161	64794076
8	5	152	64794224	64816611
8	5	153	64816610	64839939
8	5	154	64840032	64851016
8	5	155	64851015	64867099
8	5	156	64867098	64880086
8	5	157	64880085	64921651
8	8	158	64921650	64921651
8	8	159	64921650	64921651
8	8	160	64921650	64976443
8	8	161	64976792	65008176
8	8	162	65008419	65035240
8	8	163	65035239	65063653
8	8	164	65065883	65067642
8	8	165	65072831	65121244
8	45	166	65121243	65121244
8	45	167	65121243	65143528
8	45	168	65149269	65177365
8	45	169	65177364	65256736
8	45	170	65256735	65320870
8	45	171	65321182	65345009
8	5	172	65345008	65372138
8	5	173	65372137	65397764
8	5	174	65397763	65424011
8	5	175	65424010	65448458
8	5	176	65448457	65473844
8	5	177	65473843	65499611
8	5	178	65499778	65526719
8	5	179	65527005	65530741
8	5	180	65530740	65552926
8	20	181	65552996	65573124
8	20	182	65573123	65600412
8	20	183	65600411	65628000
8	20	184	65627999	65683470
8	20	185	65683469	65735814
8	20	186	65735813	65786610
8	20	187	65786609	65795388
8	20	188	65795387	65804307
8	20	189	65804306	65804646
8	20	190	65804645	65806506
8	20	191	65815067	65815074
8	53	192	65838252	65838253
8	53	193	65838252	65838253
8	53	194	65838252	65865868
8	53	195	65865867	65892370
8	53	196	65892965	65947884
8	53	197	65947883	65952501
8	53	198	65953266	65975194
8	53	199	65975615	66000762
8	53	200	66000761	66049017
8	39	201	66049016	66121848
8	39	202	66121936	66151820
8	39	203	66151819	66176126
8	39	204	66176125	66201743
8	39	205	66201742	66228158
8	39	206	66228157	66252575
8	39	207	66252574	66277083
8	15	208	66277082	66299376
8	15	209	66299375	66325563
8	15	210	66325562	66351654
8	15	211	66351653	66377643
8	15	212	66377642	66402795
8	15	213	66402794	66439227
8	3	214	66439226	66497496
8	3	215	66497495	66518103
8	3	216	66518426	66555087
8	3	217	66555086	66569415
8	3	218	66569676	66570694
8	3	219	66570693	66576374
8	3	220	66578515	66578807
8	3	221	66579088	66582368
8	27	222	66582367	66640628
8	27	223	66640627	66698516
8	27	224	66698515	66757721
8	27	225	66757906	66762974
8	27	226	66763241	66824832
8	58	227	66824831	66883200
8	58	228	66883199	66937719
8	58	229	66938177	66939298
8	58	230	66939297	66995254
8	58	231	66995253	67017569
8	58	232	67017568	67052405
8	13	236	67236754	67331798
8	13	237	67332024	67356967
8	13	238	67357233	67414534
8	13	239	67414835	67470383
8	13	240	67470713	67472387
8	19	241	67472398	67477055
8	19	242	67480446	67546582
8	19	243	67546581	67611673
8	19	244	67611672	67666269
8	19	245	67666268	67682016
8	19	246	67682018	67694647
8	45	247	67694646	67760955
8	45	248	67760954	67807962
8	45	249	67807961	67869195
8	45	250	67869391	67872443
8	45	251	67872853	67932472
8	59	252	67932471	68033709
8	59	253	68034227	68043351
8	59	254	68043350	68098518
8	59	255	68098864	68102843
8	59	256	68103676	68160869
8	59	257	68161398	68163787
8	58	258	68163786	68238796
8	58	259	68238795	68259334
8	58	260	68259333	68323666
8	58	261	68323703	68405007
8	29	262	68405006	68481766
8	29	263	68481765	68484556
8	29	264	68484892	68637536
8	29	265	68637535	68643758
8	29	266	68644034	68646380
8	29	267	68646782	68650098
8	8	268	68650448	68661069
8	8	269	68661068	68661069
8	8	270	68661068	68807640
8	8	271	68807856	68852140
8	8	272	68852711	68867310
8	5	273	68867309	68878917
8	5	274	68878916	68935698
8	5	275	68935830	68941219
8	5	276	68941218	68941393
8	5	277	68941392	68941393
8	5	278	68941392	69009202
8	5	279	69009201	69016276
8	5	280	69016392	69080359
8	2	281	69080358	69168351
8	2	282	69168350	69224895
8	2	283	69225688	69227393
8	2	284	69227392	69318911
8	40	290	69544719	69544720
8	40	291	69544719	69613108
8	40	292	69613250	69683520
9	14	1	69683519	69683811
9	14	2	69683810	69730755
9	14	3	69730754	69754359
9	14	4	69754358	69755991
9	14	5	69755990	69756063
9	14	6	69756062	69756108
9	14	7	69756107	69791265
9	14	8	69791264	69796119
9	14	9	69798350	69849972
9	14	10	69849971	69850923
9	60	11	69850922	69893676
9	60	12	69893891	69901881
9	60	13	69901880	69992082
9	60	14	69992375	69995364
9	60	15	69995363	70042377
9	60	16	70042376	70048719
9	60	17	70048718	70089738
9	60	18	70089737	70137129
9	60	19	70137128	70183839
9	60	20	70183838	70224119
9	60	21	70224573	70235566
9	60	22	70235565	70325389
9	60	23	70325388	70428256
9	60	24	70428307	70524857
9	60	25	70524856	70576469
9	60	26	70576468	70577867
9	60	27	70577866	70629923
9	50	28	70629922	70679903
9	50	29	70679933	70728417
9	50	30	70728416	70778163
9	50	31	70778162	70825917
9	52	32	70825916	70847895
9	52	33	70847894	70900448
9	52	34	70900587	70971943
9	52	35	70971942	70996378
9	52	36	70996377	71045290
9	60	37	71045289	71189359
9	60	38	71189533	71191316
9	60	39	71191766	71266229
9	37	40	71266228	71266229
9	37	41	71266228	71336690
9	37	42	71336689	71407550
9	37	43	71407549	71409875
9	37	44	71410267	71493209
9	37	45	71495722	71500367
9	26	46	71500366	71500367
9	26	47	71500366	71512487
9	26	48	71512486	71570924
9	26	49	71570923	71636990
9	26	50	71636989	71710100
9	11	51	71710099	71710133
9	11	52	71713789	71766602
9	11	53	71766601	71910395
9	52	54	71910394	71910395
9	52	55	71910394	71962928
9	52	56	71962927	72001796
9	52	57	72002648	72057219
9	52	58	72057590	72070638
9	52	59	72070637	72075510
9	49	60	72075942	72075943
9	49	61	72075942	72185842
9	49	62	72185841	72187663
9	49	63	72187662	72241384
9	49	64	72241383	72265225
9	10	65	72265224	72265225
9	10	66	72265224	72382528
9	10	67	72382527	72460582
9	52	68	72460581	72517765
9	52	69	72517764	72573202
9	52	70	72573340	72630524
9	52	71	72630703	72637658
9	52	72	72637835	72640755
9	19	73	72640754	72640755
9	19	74	72640754	72688152
9	19	75	72688151	72736140
9	19	76	72736139	72786216
9	19	77	72786215	72840683
9	14	78	72840682	72840683
9	14	79	72840682	72876905
9	14	80	72877188	72978773
9	14	81	72979220	72986088
9	14	82	72986237	73028208
9	11	83	73028207	73037568
9	11	84	73037567	73084477
9	11	85	73084476	73138582
9	11	86	73138581	73188520
9	11	87	73188519	73222237
9	11	88	73222781	73224048
9	49	89	73224047	73273692
9	49	90	73273934	73296516
9	49	91	73296748	73316078
9	49	92	73316077	73323629
9	49	93	73323628	73325516
9	49	94	73325515	73367521
9	49	95	73367975	73377495
9	52	96	73377494	73422381
9	52	97	73422380	73471808
9	52	98	73471807	73518521
9	52	99	73518794	73520643
9	52	100	73520642	73522611
9	52	101	73522971	73575250
9	11	102	73575249	73575250
9	11	103	73575249	73623712
9	11	104	73623711	73671439
9	11	105	73671438	73677592
9	11	106	73677591	73725838
9	11	107	73725837	73767241
9	11	108	73767240	73768591
9	55	109	73768590	73819566
9	55	110	73819565	73869558
9	55	111	73869557	73913931
9	55	112	73914080	73969737
9	61	113	73969736	73969737
9	61	114	73969736	74016657
9	61	115	74016833	74039829
9	61	116	74040089	74063340
9	61	117	74063339	74112003
9	61	118	74112125	74142783
9	61	119	74142782	74159496
9	61	120	74159495	74160696
9	2	121	74160695	74171823
9	2	122	74171822	74190450
9	2	123	74190449	74221263
9	14	124	74222072	74222073
9	14	125	74222072	74228145
9	14	126	74228312	74267040
9	14	127	74267291	74365839
9	12	128	74365838	74365839
9	12	129	74365838	74394018
9	12	130	74394017	74417091
9	12	131	74417090	74440059
9	12	132	74440058	74462622
9	12	133	74462621	74485947
9	12	134	74485946	74497650
9	12	135	74497649	74513211
9	12	136	74513922	74526988
9	12	137	74526987	74569555
9	61	138	74569554	74592559
9	61	139	74592558	74617510
9	61	140	74617509	74642434
9	61	141	74642433	74667931
9	61	142	74667930	74714935
9	61	143	74714934	74740852
9	61	144	74740851	74765851
9	61	145	74765850	74790004
9	53	146	74790003	74790004
9	53	147	74790003	74790004
9	53	148	74790003	74864135
9	53	149	74864790	74869567
9	53	150	74869566	74922253
9	53	151	74922252	75024985
9	46	152	75024984	75043798
9	46	153	75043797	75141658
9	46	154	75141657	75166708
9	46	155	75166707	75192073
9	0	156	75192072	75218461
9	0	157	75218460	75241501
9	18	158	75241500	75241501
9	18	159	75241500	75314962
9	18	160	75314961	75364540
9	18	161	75364539	75389671
9	18	162	75389670	75389671
9	18	163	75389670	75413536
9	18	164	75413535	75460636
9	18	165	75460635	75462004
9	62	166	75462003	75535324
9	62	167	75535869	75561508
9	62	168	75561507	75588121
9	62	169	75588252	75614539
9	62	170	75614538	75641317
9	62	171	75641316	75644707
9	62	172	75646010	75646104
9	62	173	75646103	75670020
9	45	174	75670019	75670020
9	45	175	75670019	75689112
9	45	176	75689111	75791256
9	45	177	75791255	75820569
9	30	178	75820568	75877116
9	30	179	75877546	75930824
9	30	180	75930823	75986669
9	30	181	75986668	76005839
9	30	182	76009231	76009274
9	30	183	76010557	76030232
9	29	184	76030231	76030232
9	29	185	76030231	76085279
9	29	186	76085278	76142723
9	29	187	76142722	76151210
9	29	188	76158058	76208495
9	29	189	76208497	76249703
9	29	190	76250093	76259193
9	48	191	76259192	76316535
9	48	192	76316534	76370331
9	48	193	76370330	76371993
9	48	194	76371992	76426704
9	48	195	76426981	76448888
9	48	196	76448887	76482848
9	14	197	76483356	76492903
9	14	198	76493437	76549655
9	14	199	76549654	76658894
9	14	200	76659057	76676218
9	14	201	76676217	76677925
9	14	202	76677924	76677925
9	14	203	76677924	76714804
9	14	204	76714803	76735744
9	14	205	76735743	76826782
9	14	206	76826781	76879837
9	14	207	76879836	76885789
9	14	208	76888185	76900114
9	55	209	76900113	76955647
9	55	210	76955646	77012344
9	55	211	77012343	77071696
9	55	212	77071695	77133442
9	55	213	77133441	77188447
9	55	214	77188446	77245210
9	55	215	77245209	77308805
9	55	216	77309113	77312282
9	55	217	77312981	77373399
9	2	218	77373398	77426514
9	2	219	77426676	77431882
9	2	220	77432451	77502675
9	2	221	77502983	77608054
9	55	222	77608335	77608336
9	55	223	77608335	77681104
9	55	224	77681103	77748355
9	55	225	77748579	77750380
9	55	226	77750379	77757670
9	55	227	77757669	77818672
9	63	228	77818898	77818899
9	63	229	77818898	77821176
9	63	230	77821175	77821176
9	63	231	77821175	77891151
9	63	232	77891150	77969640
9	63	233	77969736	78004150
9	63	234	78006657	78044779
9	24	235	78044778	78069022
9	24	236	78069284	78185034
9	24	237	78185033	78202986
9	24	238	78203518	78236942
9	24	239	78237303	78262024
9	8	240	78262023	78332014
9	8	241	78332016	78346603
9	8	242	78346602	78400327
9	8	243	78403305	78405409
9	8	244	78405408	78475933
9	11	245	78477758	78548136
9	11	246	78548135	78553236
9	11	247	78553235	78624807
9	11	248	78624806	78688338
9	2	256	78896831	78965022
9	2	257	78965423	78970809
9	2	258	78970899	78971209
9	2	259	78971727	78975121
9	2	260	78975120	79044079
9	2	261	79044078	79115911
9	14	262	79115910	79115911
9	14	263	79115910	79120648
9	14	264	79120647	79182442
9	14	265	79182441	79186237
9	14	266	79186620	79250743
9	14	267	79250742	79304350
9	14	268	79304349	79307287
9	14	269	79309872	79313245
9	8	270	79313244	79444390
9	8	271	79444389	79522114
9	11	272	79522113	79527448
9	11	273	79527447	79590157
9	11	274	79590156	79656865
9	11	275	79657083	79662295
9	11	276	79662294	79677706
